year,state,metric,cancer_type,value
2015,Alabama,cases,all_sites,26150.0
2015,Alabama,cases,colon_rectum,2150.0
2015,Alabama,cases,female_breast,3680.0
2015,Alabama,cases,hodgkin_lymphoma,1020.0
2015,Alabama,cases,leukemia,730.0
2015,Alabama,cases,lung_bronchus,4150.0
2015,Alabama,cases,melanoma_skin,1380.0
2015,Alabama,cases,prostate,3590.0
2015,Alabama,cases,urinary_bladder,1000.0
2015,Alabama,cases,uterine_cervix,230.0
2015,Alabama,cases,uterine_corpus,660.0
2015,Alaska,cases,all_sites,3700.0
2015,Alaska,cases,colon_rectum,290.0
2015,Alaska,cases,female_breast,470.0
2015,Alaska,cases,hodgkin_lymphoma,140.0
2015,Alaska,cases,leukemia,110.0
2015,Alaska,cases,lung_bronchus,420.0
2015,Alaska,cases,melanoma_skin,100.0
2015,Alaska,cases,prostate,490.0
2015,Alaska,cases,urinary_bladder,180.0
2015,Alaska,cases,uterine_cervix,
2015,Alaska,cases,uterine_corpus,100.0
2015,Arizona,cases,all_sites,32440.0
2015,Arizona,cases,colon_rectum,2440.0
2015,Arizona,cases,female_breast,4750.0
2015,Arizona,cases,hodgkin_lymphoma,1300.0
2015,Arizona,cases,leukemia,950.0
2015,Arizona,cases,lung_bronchus,3740.0
2015,Arizona,cases,melanoma_skin,1400.0
2015,Arizona,cases,prostate,4090.0
2015,Arizona,cases,urinary_bladder,1580.0
2015,Arizona,cases,uterine_cervix,200.0
2015,Arizona,cases,uterine_corpus,940.0
2015,Arkansas,cases,all_sites,15830.0
2015,Arkansas,cases,colon_rectum,1420.0
2015,Arkansas,cases,female_breast,2090.0
2015,Arkansas,cases,hodgkin_lymphoma,670.0
2015,Arkansas,cases,leukemia,480.0
2015,Arkansas,cases,lung_bronchus,2620.0
2015,Arkansas,cases,melanoma_skin,360.0
2015,Arkansas,cases,prostate,2050.0
2015,Arkansas,cases,urinary_bladder,630.0
2015,Arkansas,cases,uterine_cervix,150.0
2015,Arkansas,cases,uterine_corpus,420.0
2015,California,cases,all_sites,172090.0
2015,California,cases,colon_rectum,14510.0
2015,California,cases,female_breast,25270.0
2015,California,cases,hodgkin_lymphoma,7870.0
2015,California,cases,leukemia,5970.0
2015,California,cases,lung_bronchus,18430.0
2015,California,cases,melanoma_skin,8560.0
2015,California,cases,prostate,21060.0
2015,California,cases,urinary_bladder,7150.0
2015,California,cases,uterine_cervix,1490.0
2015,California,cases,uterine_corpus,5800.0
2015,Colorado,cases,all_sites,24540.0
2015,Colorado,cases,colon_rectum,1800.0
2015,Colorado,cases,female_breast,3640.0
2015,Colorado,cases,hodgkin_lymphoma,1090.0
2015,Colorado,cases,leukemia,870.0
2015,Colorado,cases,lung_bronchus,2560.0
2015,Colorado,cases,melanoma_skin,1400.0
2015,Colorado,cases,prostate,3600.0
2015,Colorado,cases,urinary_bladder,1080.0
2015,Colorado,cases,uterine_cervix,170.0
2015,Colorado,cases,uterine_corpus,740.0
2015,Connecticut,cases,all_sites,21970.0
2015,Connecticut,cases,colon_rectum,1580.0
2015,Connecticut,cases,female_breast,3190.0
2015,Connecticut,cases,hodgkin_lymphoma,920.0
2015,Connecticut,cases,leukemia,660.0
2015,Connecticut,cases,lung_bronchus,2870.0
2015,Connecticut,cases,melanoma_skin,780.0
2015,Connecticut,cases,prostate,3170.0
2015,Connecticut,cases,urinary_bladder,1140.0
2015,Connecticut,cases,uterine_cervix,130.0
2015,Connecticut,cases,uterine_corpus,810.0
2015,Delaware,cases,all_sites,5280.0
2015,Delaware,cases,colon_rectum,400.0
2015,Delaware,cases,female_breast,780.0
2015,Delaware,cases,hodgkin_lymphoma,220.0
2015,Delaware,cases,leukemia,160.0
2015,Delaware,cases,lung_bronchus,860.0
2015,Delaware,cases,melanoma_skin,280.0
2015,Delaware,cases,prostate,740.0
2015,Delaware,cases,urinary_bladder,250.0
2015,Delaware,cases,uterine_cervix,
2015,Delaware,cases,uterine_corpus,180.0
2015,District of Columbia,cases,all_sites,2800.0
2015,District of Columbia,cases,colon_rectum,230.0
2015,District of Columbia,cases,female_breast,430.0
2015,District of Columbia,cases,hodgkin_lymphoma,100.0
2015,District of Columbia,cases,leukemia,70.0
2015,District of Columbia,cases,lung_bronchus,310.0
2015,District of Columbia,cases,melanoma_skin,80.0
2015,District of Columbia,cases,prostate,490.0
2015,District of Columbia,cases,urinary_bladder,80.0
2015,District of Columbia,cases,uterine_cervix,
2015,District of Columbia,cases,uterine_corpus,100.0
2015,Florida,cases,all_sites,114040.0
2015,Florida,cases,colon_rectum,9330.0
2015,Florida,cases,female_breast,15470.0
2015,Florida,cases,hodgkin_lymphoma,5340.0
2015,Florida,cases,leukemia,3930.0
2015,Florida,cases,lung_bronchus,16810.0
2015,Florida,cases,melanoma_skin,5480.0
2015,Florida,cases,prostate,15480.0
2015,Florida,cases,urinary_bladder,5670.0
2015,Florida,cases,uterine_cervix,980.0
2015,Florida,cases,uterine_corpus,3550.0
2015,Georgia,cases,all_sites,48070.0
2015,Georgia,cases,colon_rectum,3820.0
2015,Georgia,cases,female_breast,7170.0
2015,Georgia,cases,hodgkin_lymphoma,1870.0
2015,Georgia,cases,leukemia,1430.0
2015,Georgia,cases,lung_bronchus,6460.0
2015,Georgia,cases,melanoma_skin,2350.0
2015,Georgia,cases,prostate,7450.0
2015,Georgia,cases,urinary_bladder,1720.0
2015,Georgia,cases,uterine_cervix,430.0
2015,Georgia,cases,uterine_corpus,1330.0
2015,Hawaii,cases,all_sites,6730.0
2015,Hawaii,cases,colon_rectum,720.0
2015,Hawaii,cases,female_breast,1140.0
2015,Hawaii,cases,hodgkin_lymphoma,310.0
2015,Hawaii,cases,leukemia,230.0
2015,Hawaii,cases,lung_bronchus,890.0
2015,Hawaii,cases,melanoma_skin,420.0
2015,Hawaii,cases,prostate,710.0
2015,Hawaii,cases,urinary_bladder,220.0
2015,Hawaii,cases,uterine_cervix,50.0
2015,Hawaii,cases,uterine_corpus,280.0
2015,Idaho,cases,all_sites,8080.0
2015,Idaho,cases,colon_rectum,620.0
2015,Idaho,cases,female_breast,1070.0
2015,Idaho,cases,hodgkin_lymphoma,380.0
2015,Idaho,cases,leukemia,300.0
2015,Idaho,cases,lung_bronchus,910.0
2015,Idaho,cases,melanoma_skin,470.0
2015,Idaho,cases,prostate,1270.0
2015,Idaho,cases,urinary_bladder,410.0
2015,Idaho,cases,uterine_cervix,
2015,Idaho,cases,uterine_corpus,240.0
2015,Illinois,cases,all_sites,65460.0
2015,Illinois,cases,colon_rectum,5720.0
2015,Illinois,cases,female_breast,9570.0
2015,Illinois,cases,hodgkin_lymphoma,2890.0
2015,Illinois,cases,leukemia,2200.0
2015,Illinois,cases,lung_bronchus,8920.0
2015,Illinois,cases,melanoma_skin,2380.0
2015,Illinois,cases,prostate,8140.0
2015,Illinois,cases,urinary_bladder,2970.0
2015,Illinois,cases,uterine_cervix,550.0
2015,Illinois,cases,uterine_corpus,2470.0
2015,Indiana,cases,all_sites,35620.0
2015,Indiana,cases,colon_rectum,2890.0
2015,Indiana,cases,female_breast,4600.0
2015,Indiana,cases,hodgkin_lymphoma,1490.0
2015,Indiana,cases,leukemia,1100.0
2015,Indiana,cases,lung_bronchus,5510.0
2015,Indiana,cases,melanoma_skin,1460.0
2015,Indiana,cases,prostate,4040.0
2015,Indiana,cases,urinary_bladder,1590.0
2015,Indiana,cases,uterine_cervix,280.0
2015,Indiana,cases,uterine_corpus,1180.0
2015,Iowa,cases,all_sites,17140.0
2015,Iowa,cases,colon_rectum,1490.0
2015,Iowa,cases,female_breast,2390.0
2015,Iowa,cases,hodgkin_lymphoma,830.0
2015,Iowa,cases,leukemia,640.0
2015,Iowa,cases,lung_bronchus,2440.0
2015,Iowa,cases,melanoma_skin,1070.0
2015,Iowa,cases,prostate,2170.0
2015,Iowa,cases,urinary_bladder,800.0
2015,Iowa,cases,uterine_cervix,100.0
2015,Iowa,cases,uterine_corpus,640.0
2015,Kansas,cases,all_sites,14440.0
2015,Kansas,cases,colon_rectum,1080.0
2015,Kansas,cases,female_breast,2130.0
2015,Kansas,cases,hodgkin_lymphoma,640.0
2015,Kansas,cases,leukemia,480.0
2015,Kansas,cases,lung_bronchus,1930.0
2015,Kansas,cases,melanoma_skin,850.0
2015,Kansas,cases,prostate,1860.0
2015,Kansas,cases,urinary_bladder,620.0
2015,Kansas,cases,uterine_cervix,90.0
2015,Kansas,cases,uterine_corpus,500.0
2015,Kentucky,cases,all_sites,26490.0
2015,Kentucky,cases,colon_rectum,2090.0
2015,Kentucky,cases,female_breast,3300.0
2015,Kentucky,cases,hodgkin_lymphoma,1030.0
2015,Kentucky,cases,leukemia,820.0
2015,Kentucky,cases,lung_bronchus,4680.0
2015,Kentucky,cases,melanoma_skin,1530.0
2015,Kentucky,cases,prostate,3040.0
2015,Kentucky,cases,urinary_bladder,1070.0
2015,Kentucky,cases,uterine_cervix,220.0
2015,Kentucky,cases,uterine_corpus,730.0
2015,Louisiana,cases,all_sites,24100.0
2015,Louisiana,cases,colon_rectum,2150.0
2015,Louisiana,cases,female_breast,2900.0
2015,Louisiana,cases,hodgkin_lymphoma,950.0
2015,Louisiana,cases,leukemia,690.0
2015,Louisiana,cases,lung_bronchus,3380.0
2015,Louisiana,cases,melanoma_skin,540.0
2015,Louisiana,cases,prostate,3980.0
2015,Louisiana,cases,urinary_bladder,910.0
2015,Louisiana,cases,uterine_cervix,220.0
2015,Louisiana,cases,uterine_corpus,570.0
2015,Maine,cases,all_sites,8810.0
2015,Maine,cases,colon_rectum,610.0
2015,Maine,cases,female_breast,1010.0
2015,Maine,cases,hodgkin_lymphoma,390.0
2015,Maine,cases,leukemia,320.0
2015,Maine,cases,lung_bronchus,1360.0
2015,Maine,cases,melanoma_skin,320.0
2015,Maine,cases,prostate,1100.0
2015,Maine,cases,urinary_bladder,540.0
2015,Maine,cases,uterine_cervix,50.0
2015,Maine,cases,uterine_corpus,340.0
2015,Maryland,cases,all_sites,30050.0
2015,Maryland,cases,colon_rectum,2360.0
2015,Maryland,cases,female_breast,4730.0
2015,Maryland,cases,hodgkin_lymphoma,1230.0
2015,Maryland,cases,leukemia,780.0
2015,Maryland,cases,lung_bronchus,3980.0
2015,Maryland,cases,melanoma_skin,1410.0
2015,Maryland,cases,prostate,4620.0
2015,Maryland,cases,urinary_bladder,1250.0
2015,Maryland,cases,uterine_cervix,230.0
2015,Maryland,cases,uterine_corpus,1080.0
2015,Massachusetts,cases,all_sites,37790.0
2015,Massachusetts,cases,colon_rectum,2550.0
2015,Massachusetts,cases,female_breast,5890.0
2015,Massachusetts,cases,hodgkin_lymphoma,1620.0
2015,Massachusetts,cases,leukemia,1130.0
2015,Massachusetts,cases,lung_bronchus,5150.0
2015,Massachusetts,cases,melanoma_skin,1310.0
2015,Massachusetts,cases,prostate,5420.0
2015,Massachusetts,cases,urinary_bladder,2000.0
2015,Massachusetts,cases,uterine_cervix,210.0
2015,Massachusetts,cases,uterine_corpus,1460.0
2015,Michigan,cases,all_sites,57420.0
2015,Michigan,cases,colon_rectum,4190.0
2015,Michigan,cases,female_breast,7780.0
2015,Michigan,cases,hodgkin_lymphoma,2500.0
2015,Michigan,cases,leukemia,1870.0
2015,Michigan,cases,lung_bronchus,8350.0
2015,Michigan,cases,melanoma_skin,2630.0
2015,Michigan,cases,prostate,8110.0
2015,Michigan,cases,urinary_bladder,2870.0
2015,Michigan,cases,uterine_cervix,350.0
2015,Michigan,cases,uterine_corpus,2090.0
2015,Minnesota,cases,all_sites,29730.0
2015,Minnesota,cases,colon_rectum,2140.0
2015,Minnesota,cases,female_breast,3900.0
2015,Minnesota,cases,hodgkin_lymphoma,1330.0
2015,Minnesota,cases,leukemia,1120.0
2015,Minnesota,cases,lung_bronchus,3250.0
2015,Minnesota,cases,melanoma_skin,1190.0
2015,Minnesota,cases,prostate,3740.0
2015,Minnesota,cases,urinary_bladder,1270.0
2015,Minnesota,cases,uterine_cervix,130.0
2015,Minnesota,cases,uterine_corpus,990.0
2015,Mississippi,cases,all_sites,16260.0
2015,Mississippi,cases,colon_rectum,1460.0
2015,Mississippi,cases,female_breast,2050.0
2015,Mississippi,cases,hodgkin_lymphoma,550.0
2015,Mississippi,cases,leukemia,450.0
2015,Mississippi,cases,lung_bronchus,2340.0
2015,Mississippi,cases,melanoma_skin,540.0
2015,Mississippi,cases,prostate,2150.0
2015,Mississippi,cases,urinary_bladder,500.0
2015,Mississippi,cases,uterine_cervix,140.0
2015,Mississippi,cases,uterine_corpus,390.0
2015,Missouri,cases,all_sites,34680.0
2015,Missouri,cases,colon_rectum,2840.0
2015,Missouri,cases,female_breast,4610.0
2015,Missouri,cases,hodgkin_lymphoma,1450.0
2015,Missouri,cases,leukemia,1100.0
2015,Missouri,cases,lung_bronchus,5380.0
2015,Missouri,cases,melanoma_skin,1510.0
2015,Missouri,cases,prostate,3900.0
2015,Missouri,cases,urinary_bladder,1500.0
2015,Missouri,cases,uterine_cervix,260.0
2015,Missouri,cases,uterine_corpus,1120.0
2015,Montana,cases,all_sites,5950.0
2015,Montana,cases,colon_rectum,500.0
2015,Montana,cases,female_breast,830.0
2015,Montana,cases,hodgkin_lymphoma,270.0
2015,Montana,cases,leukemia,200.0
2015,Montana,cases,lung_bronchus,760.0
2015,Montana,cases,melanoma_skin,300.0
2015,Montana,cases,prostate,1000.0
2015,Montana,cases,urinary_bladder,310.0
2015,Montana,cases,uterine_cervix,
2015,Montana,cases,uterine_corpus,190.0
2015,Nebraska,cases,all_sites,9540.0
2015,Nebraska,cases,colon_rectum,850.0
2015,Nebraska,cases,female_breast,1230.0
2015,Nebraska,cases,hodgkin_lymphoma,450.0
2015,Nebraska,cases,leukemia,320.0
2015,Nebraska,cases,lung_bronchus,1200.0
2015,Nebraska,cases,melanoma_skin,500.0
2015,Nebraska,cases,prostate,1190.0
2015,Nebraska,cases,urinary_bladder,440.0
2015,Nebraska,cases,uterine_cervix,60.0
2015,Nebraska,cases,uterine_corpus,340.0
2015,Nevada,cases,all_sites,13640.0
2015,Nevada,cases,colon_rectum,1110.0
2015,Nevada,cases,female_breast,1690.0
2015,Nevada,cases,hodgkin_lymphoma,530.0
2015,Nevada,cases,leukemia,440.0
2015,Nevada,cases,lung_bronchus,1770.0
2015,Nevada,cases,melanoma_skin,470.0
2015,Nevada,cases,prostate,1640.0
2015,Nevada,cases,urinary_bladder,660.0
2015,Nevada,cases,uterine_cervix,120.0
2015,Nevada,cases,uterine_corpus,350.0
2015,New Hampshire,cases,all_sites,8090.0
2015,New Hampshire,cases,colon_rectum,540.0
2015,New Hampshire,cases,female_breast,1120.0
2015,New Hampshire,cases,hodgkin_lymphoma,350.0
2015,New Hampshire,cases,leukemia,260.0
2015,New Hampshire,cases,lung_bronchus,1140.0
2015,New Hampshire,cases,melanoma_skin,280.0
2015,New Hampshire,cases,prostate,1080.0
2015,New Hampshire,cases,urinary_bladder,450.0
2015,New Hampshire,cases,uterine_cervix,
2015,New Hampshire,cases,uterine_corpus,310.0
2015,New Jersey,cases,all_sites,51410.0
2015,New Jersey,cases,colon_rectum,4260.0
2015,New Jersey,cases,female_breast,7310.0
2015,New Jersey,cases,hodgkin_lymphoma,2310.0
2015,New Jersey,cases,leukemia,1610.0
2015,New Jersey,cases,lung_bronchus,5830.0
2015,New Jersey,cases,melanoma_skin,2520.0
2015,New Jersey,cases,prostate,7270.0
2015,New Jersey,cases,urinary_bladder,2530.0
2015,New Jersey,cases,uterine_cervix,410.0
2015,New Jersey,cases,uterine_corpus,1850.0
2015,New Mexico,cases,all_sites,9970.0
2015,New Mexico,cases,colon_rectum,820.0
2015,New Mexico,cases,female_breast,1320.0
2015,New Mexico,cases,hodgkin_lymphoma,410.0
2015,New Mexico,cases,leukemia,360.0
2015,New Mexico,cases,lung_bronchus,990.0
2015,New Mexico,cases,melanoma_skin,480.0
2015,New Mexico,cases,prostate,1290.0
2015,New Mexico,cases,urinary_bladder,390.0
2015,New Mexico,cases,uterine_cervix,80.0
2015,New Mexico,cases,uterine_corpus,300.0
2015,New York,cases,all_sites,107840.0
2015,New York,cases,colon_rectum,8010.0
2015,New York,cases,female_breast,14900.0
2015,New York,cases,hodgkin_lymphoma,4800.0
2015,New York,cases,leukemia,3630.0
2015,New York,cases,lung_bronchus,13180.0
2015,New York,cases,melanoma_skin,4270.0
2015,New York,cases,prostate,14850.0
2015,New York,cases,urinary_bladder,5200.0
2015,New York,cases,uterine_cervix,870.0
2015,New York,cases,uterine_corpus,4250.0
2015,North Carolina,cases,all_sites,50420.0
2015,North Carolina,cases,colon_rectum,3980.0
2015,North Carolina,cases,female_breast,7820.0
2015,North Carolina,cases,hodgkin_lymphoma,2150.0
2015,North Carolina,cases,leukemia,1660.0
2015,North Carolina,cases,lung_bronchus,7750.0
2015,North Carolina,cases,melanoma_skin,2600.0
2015,North Carolina,cases,prostate,7210.0
2015,North Carolina,cases,urinary_bladder,2170.0
2015,North Carolina,cases,uterine_cervix,390.0
2015,North Carolina,cases,uterine_corpus,1630.0
2015,North Dakota,cases,all_sites,3840.0
2015,North Dakota,cases,colon_rectum,350.0
2015,North Dakota,cases,female_breast,510.0
2015,North Dakota,cases,hodgkin_lymphoma,170.0
2015,North Dakota,cases,leukemia,140.0
2015,North Dakota,cases,lung_bronchus,440.0
2015,North Dakota,cases,melanoma_skin,180.0
2015,North Dakota,cases,prostate,490.0
2015,North Dakota,cases,urinary_bladder,190.0
2015,North Dakota,cases,uterine_cervix,
2015,North Dakota,cases,uterine_corpus,110.0
2015,Ohio,cases,all_sites,65010.0
2015,Ohio,cases,colon_rectum,5430.0
2015,Ohio,cases,female_breast,8950.0
2015,Ohio,cases,hodgkin_lymphoma,2790.0
2015,Ohio,cases,leukemia,1930.0
2015,Ohio,cases,lung_bronchus,10000.0
2015,Ohio,cases,melanoma_skin,2790.0
2015,Ohio,cases,prostate,8150.0
2015,Ohio,cases,urinary_bladder,3040.0
2015,Ohio,cases,uterine_cervix,450.0
2015,Ohio,cases,uterine_corpus,2410.0
2015,Oklahoma,cases,all_sites,19280.0
2015,Oklahoma,cases,colon_rectum,1690.0
2015,Oklahoma,cases,female_breast,2770.0
2015,Oklahoma,cases,hodgkin_lymphoma,840.0
2015,Oklahoma,cases,leukemia,670.0
2015,Oklahoma,cases,lung_bronchus,3220.0
2015,Oklahoma,cases,melanoma_skin,480.0
2015,Oklahoma,cases,prostate,2480.0
2015,Oklahoma,cases,urinary_bladder,830.0
2015,Oklahoma,cases,uterine_cervix,170.0
2015,Oklahoma,cases,uterine_corpus,540.0
2015,Oregon,cases,all_sites,22410.0
2015,Oregon,cases,colon_rectum,1510.0
2015,Oregon,cases,female_breast,3280.0
2015,Oregon,cases,hodgkin_lymphoma,960.0
2015,Oregon,cases,leukemia,720.0
2015,Oregon,cases,lung_bronchus,2830.0
2015,Oregon,cases,melanoma_skin,1480.0
2015,Oregon,cases,prostate,3110.0
2015,Oregon,cases,urinary_bladder,1090.0
2015,Oregon,cases,uterine_cervix,130.0
2015,Oregon,cases,uterine_corpus,740.0
2015,Pennsylvania,cases,all_sites,81540.0
2015,Pennsylvania,cases,colon_rectum,6300.0
2015,Pennsylvania,cases,female_breast,9990.0
2015,Pennsylvania,cases,hodgkin_lymphoma,3410.0
2015,Pennsylvania,cases,leukemia,2560.0
2015,Pennsylvania,cases,lung_bronchus,10540.0
2015,Pennsylvania,cases,melanoma_skin,3880.0
2015,Pennsylvania,cases,prostate,10050.0
2015,Pennsylvania,cases,urinary_bladder,4080.0
2015,Pennsylvania,cases,uterine_cervix,540.0
2015,Pennsylvania,cases,uterine_corpus,3000.0
2015,Rhode Island,cases,all_sites,6040.0
2015,Rhode Island,cases,colon_rectum,470.0
2015,Rhode Island,cases,female_breast,730.0
2015,Rhode Island,cases,hodgkin_lymphoma,250.0
2015,Rhode Island,cases,leukemia,180.0
2015,Rhode Island,cases,lung_bronchus,880.0
2015,Rhode Island,cases,melanoma_skin,180.0
2015,Rhode Island,cases,prostate,760.0
2015,Rhode Island,cases,urinary_bladder,330.0
2015,Rhode Island,cases,uterine_cervix,
2015,Rhode Island,cases,uterine_corpus,230.0
2015,South Carolina,cases,all_sites,25550.0
2015,South Carolina,cases,colon_rectum,2130.0
2015,South Carolina,cases,female_breast,3820.0
2015,South Carolina,cases,hodgkin_lymphoma,1070.0
2015,South Carolina,cases,leukemia,820.0
2015,South Carolina,cases,lung_bronchus,4040.0
2015,South Carolina,cases,melanoma_skin,1420.0
2015,South Carolina,cases,prostate,3870.0
2015,South Carolina,cases,urinary_bladder,1090.0
2015,South Carolina,cases,uterine_cervix,220.0
2015,South Carolina,cases,uterine_corpus,780.0
2015,South Dakota,cases,all_sites,4520.0
2015,South Dakota,cases,colon_rectum,360.0
2015,South Dakota,cases,female_breast,600.0
2015,South Dakota,cases,hodgkin_lymphoma,210.0
2015,South Dakota,cases,leukemia,170.0
2015,South Dakota,cases,lung_bronchus,570.0
2015,South Dakota,cases,melanoma_skin,210.0
2015,South Dakota,cases,prostate,550.0
2015,South Dakota,cases,urinary_bladder,220.0
2015,South Dakota,cases,uterine_cervix,
2015,South Dakota,cases,uterine_corpus,150.0
2015,Tennessee,cases,all_sites,38300.0
2015,Tennessee,cases,colon_rectum,3060.0
2015,Tennessee,cases,female_breast,4770.0
2015,Tennessee,cases,hodgkin_lymphoma,1500.0
2015,Tennessee,cases,leukemia,1110.0
2015,Tennessee,cases,lung_bronchus,6200.0
2015,Tennessee,cases,melanoma_skin,1940.0
2015,Tennessee,cases,prostate,4410.0
2015,Tennessee,cases,urinary_bladder,1510.0
2015,Tennessee,cases,uterine_cervix,320.0
2015,Tennessee,cases,uterine_corpus,1000.0
2015,Texas,cases,all_sites,113630.0
2015,Texas,cases,colon_rectum,10050.0
2015,Texas,cases,female_breast,16510.0
2015,Texas,cases,hodgkin_lymphoma,5080.0
2015,Texas,cases,leukemia,4360.0
2015,Texas,cases,lung_bronchus,13650.0
2015,Texas,cases,melanoma_skin,2410.0
2015,Texas,cases,prostate,15020.0
2015,Texas,cases,urinary_bladder,4080.0
2015,Texas,cases,uterine_cervix,1240.0
2015,Texas,cases,uterine_corpus,3240.0
2015,US,cases,all_sites,1658370.0
2015,US,cases,colon_rectum,132700.0
2015,US,cases,female_breast,231840.0
2015,US,cases,hodgkin_lymphoma,71850.0
2015,US,cases,leukemia,54270.0
2015,US,cases,lung_bronchus,221200.0
2015,US,cases,melanoma_skin,73870.0
2015,US,cases,prostate,220800.0
2015,US,cases,urinary_bladder,74000.0
2015,US,cases,uterine_cervix,12900.0
2015,US,cases,uterine_corpus,54870.0
2015,Utah,cases,all_sites,11050.0
2015,Utah,cases,colon_rectum,670.0
2015,Utah,cases,female_breast,1460.0
2015,Utah,cases,hodgkin_lymphoma,510.0
2015,Utah,cases,leukemia,390.0
2015,Utah,cases,lung_bronchus,660.0
2015,Utah,cases,melanoma_skin,800.0
2015,Utah,cases,prostate,1750.0
2015,Utah,cases,urinary_bladder,430.0
2015,Utah,cases,uterine_cervix,70.0
2015,Utah,cases,uterine_corpus,360.0
2015,Vermont,cases,all_sites,4020.0
2015,Vermont,cases,colon_rectum,280.0
2015,Vermont,cases,female_breast,530.0
2015,Vermont,cases,hodgkin_lymphoma,170.0
2015,Vermont,cases,leukemia,110.0
2015,Vermont,cases,lung_bronchus,570.0
2015,Vermont,cases,melanoma_skin,150.0
2015,Vermont,cases,prostate,470.0
2015,Vermont,cases,urinary_bladder,210.0
2015,Vermont,cases,uterine_cervix,
2015,Vermont,cases,uterine_corpus,150.0
2015,Virginia,cases,all_sites,41170.0
2015,Virginia,cases,colon_rectum,2970.0
2015,Virginia,cases,female_breast,6090.0
2015,Virginia,cases,hodgkin_lymphoma,1680.0
2015,Virginia,cases,leukemia,1100.0
2015,Virginia,cases,lung_bronchus,5740.0
2015,Virginia,cases,melanoma_skin,2230.0
2015,Virginia,cases,prostate,6120.0
2015,Virginia,cases,urinary_bladder,1670.0
2015,Virginia,cases,uterine_cervix,320.0
2015,Virginia,cases,uterine_corpus,1340.0
2015,Washington,cases,all_sites,38180.0
2015,Washington,cases,colon_rectum,2700.0
2015,Washington,cases,female_breast,5480.0
2015,Washington,cases,hodgkin_lymphoma,1770.0
2015,Washington,cases,leukemia,1300.0
2015,Washington,cases,lung_bronchus,4790.0
2015,Washington,cases,melanoma_skin,2460.0
2015,Washington,cases,prostate,5430.0
2015,Washington,cases,urinary_bladder,1790.0
2015,Washington,cases,uterine_cervix,230.0
2015,Washington,cases,uterine_corpus,1250.0
2015,West Virginia,cases,all_sites,11730.0
2015,West Virginia,cases,colon_rectum,1080.0
2015,West Virginia,cases,female_breast,1430.0
2015,West Virginia,cases,hodgkin_lymphoma,480.0
2015,West Virginia,cases,leukemia,380.0
2015,West Virginia,cases,lung_bronchus,2080.0
2015,West Virginia,cases,melanoma_skin,550.0
2015,West Virginia,cases,prostate,1370.0
2015,West Virginia,cases,urinary_bladder,550.0
2015,West Virginia,cases,uterine_cervix,90.0
2015,West Virginia,cases,uterine_corpus,400.0
2015,Wisconsin,cases,all_sites,32700.0
2015,Wisconsin,cases,colon_rectum,2460.0
2015,Wisconsin,cases,female_breast,4310.0
2015,Wisconsin,cases,hodgkin_lymphoma,1460.0
2015,Wisconsin,cases,leukemia,1190.0
2015,Wisconsin,cases,lung_bronchus,4370.0
2015,Wisconsin,cases,melanoma_skin,1330.0
2015,Wisconsin,cases,prostate,4310.0
2015,Wisconsin,cases,urinary_bladder,1610.0
2015,Wisconsin,cases,uterine_cervix,190.0
2015,Wisconsin,cases,uterine_corpus,1160.0
2015,Wyoming,cases,all_sites,2860.0
2015,Wyoming,cases,colon_rectum,230.0
2015,Wyoming,cases,female_breast,390.0
2015,Wyoming,cases,hodgkin_lymphoma,120.0
2015,Wyoming,cases,leukemia,100.0
2015,Wyoming,cases,lung_bronchus,320.0
2015,Wyoming,cases,melanoma_skin,160.0
2015,Wyoming,cases,prostate,460.0
2015,Wyoming,cases,urinary_bladder,140.0
2015,Wyoming,cases,uterine_cervix,
2015,Wyoming,cases,uterine_corpus,90.0
2015,Alabama,deaths,all_sites,10560.0
2015,Alabama,deaths,brain_nervous_system,290.0
2015,Alabama,deaths,colon_rectum,930.0
2015,Alabama,deaths,female_breast,680.0
2015,Alabama,deaths,hodgkin_lymphoma,330.0
2015,Alabama,deaths,leukemia,420.0
2015,Alabama,deaths,liver,360.0
2015,Alabama,deaths,lung_bronchus,3280.0
2015,Alabama,deaths,ovary,270.0
2015,Alabama,deaths,pancreas,660.0
2015,Alabama,deaths,prostate,580.0
2015,Alaska,deaths,all_sites,1040.0
2015,Alaska,deaths,brain_nervous_system,
2015,Alaska,deaths,colon_rectum,90.0
2015,Alaska,deaths,female_breast,70.0
2015,Alaska,deaths,hodgkin_lymphoma,
2015,Alaska,deaths,leukemia,
2015,Alaska,deaths,liver,50.0
2015,Alaska,deaths,lung_bronchus,290.0
2015,Alaska,deaths,ovary,
2015,Alaska,deaths,pancreas,70.0
2015,Alaska,deaths,prostate,50.0
2015,Arizona,deaths,all_sites,11540.0
2015,Arizona,deaths,brain_nervous_system,330.0
2015,Arizona,deaths,colon_rectum,990.0
2015,Arizona,deaths,female_breast,770.0
2015,Arizona,deaths,hodgkin_lymphoma,410.0
2015,Arizona,deaths,leukemia,510.0
2015,Arizona,deaths,liver,530.0
2015,Arizona,deaths,lung_bronchus,2800.0
2015,Arizona,deaths,ovary,310.0
2015,Arizona,deaths,pancreas,830.0
2015,Arizona,deaths,prostate,600.0
2015,Arkansas,deaths,all_sites,6760.0
2015,Arkansas,deaths,brain_nervous_system,160.0
2015,Arkansas,deaths,colon_rectum,620.0
2015,Arkansas,deaths,female_breast,410.0
2015,Arkansas,deaths,hodgkin_lymphoma,210.0
2015,Arkansas,deaths,leukemia,260.0
2015,Arkansas,deaths,liver,270.0
2015,Arkansas,deaths,lung_bronchus,2180.0
2015,Arkansas,deaths,ovary,140.0
2015,Arkansas,deaths,pancreas,410.0
2015,Arkansas,deaths,prostate,290.0
2015,California,deaths,all_sites,58180.0
2015,California,deaths,brain_nervous_system,1690.0
2015,California,deaths,colon_rectum,5180.0
2015,California,deaths,female_breast,4320.0
2015,California,deaths,hodgkin_lymphoma,2070.0
2015,California,deaths,leukemia,2550.0
2015,California,deaths,liver,3250.0
2015,California,deaths,lung_bronchus,12370.0
2015,California,deaths,ovary,1530.0
2015,California,deaths,pancreas,4240.0
2015,California,deaths,prostate,3180.0
2015,Colorado,deaths,all_sites,7590.0
2015,Colorado,deaths,brain_nervous_system,260.0
2015,Colorado,deaths,colon_rectum,650.0
2015,Colorado,deaths,female_breast,540.0
2015,Colorado,deaths,hodgkin_lymphoma,250.0
2015,Colorado,deaths,leukemia,330.0
2015,Colorado,deaths,liver,350.0
2015,Colorado,deaths,lung_bronchus,1710.0
2015,Colorado,deaths,ovary,240.0
2015,Colorado,deaths,pancreas,530.0
2015,Colorado,deaths,prostate,430.0
2015,Connecticut,deaths,all_sites,6840.0
2015,Connecticut,deaths,brain_nervous_system,190.0
2015,Connecticut,deaths,colon_rectum,440.0
2015,Connecticut,deaths,female_breast,460.0
2015,Connecticut,deaths,hodgkin_lymphoma,220.0
2015,Connecticut,deaths,leukemia,300.0
2015,Connecticut,deaths,liver,270.0
2015,Connecticut,deaths,lung_bronchus,1730.0
2015,Connecticut,deaths,ovary,170.0
2015,Connecticut,deaths,pancreas,540.0
2015,Connecticut,deaths,prostate,360.0
2015,Delaware,deaths,all_sites,2010.0
2015,Delaware,deaths,brain_nervous_system,50.0
2015,Delaware,deaths,colon_rectum,150.0
2015,Delaware,deaths,female_breast,120.0
2015,Delaware,deaths,hodgkin_lymphoma,60.0
2015,Delaware,deaths,leukemia,80.0
2015,Delaware,deaths,liver,90.0
2015,Delaware,deaths,lung_bronchus,600.0
2015,Delaware,deaths,ovary,
2015,Delaware,deaths,pancreas,140.0
2015,Delaware,deaths,prostate,100.0
2015,District of Columbia,deaths,all_sites,990.0
2015,District of Columbia,deaths,brain_nervous_system,
2015,District of Columbia,deaths,colon_rectum,100.0
2015,District of Columbia,deaths,female_breast,80.0
2015,District of Columbia,deaths,hodgkin_lymphoma,
2015,District of Columbia,deaths,leukemia,
2015,District of Columbia,deaths,liver,60.0
2015,District of Columbia,deaths,lung_bronchus,210.0
2015,District of Columbia,deaths,ovary,
2015,District of Columbia,deaths,pancreas,80.0
2015,District of Columbia,deaths,prostate,70.0
2015,Florida,deaths,all_sites,43050.0
2015,Florida,deaths,brain_nervous_system,1000.0
2015,Florida,deaths,colon_rectum,3520.0
2015,Florida,deaths,female_breast,2830.0
2015,Florida,deaths,hodgkin_lymphoma,1440.0
2015,Florida,deaths,leukemia,1790.0
2015,Florida,deaths,liver,1710.0
2015,Florida,deaths,lung_bronchus,11920.0
2015,Florida,deaths,ovary,940.0
2015,Florida,deaths,pancreas,2980.0
2015,Florida,deaths,prostate,2030.0
2015,Georgia,deaths,all_sites,16460.0
2015,Georgia,deaths,brain_nervous_system,430.0
2015,Georgia,deaths,colon_rectum,1500.0
2015,Georgia,deaths,female_breast,1240.0
2015,Georgia,deaths,hodgkin_lymphoma,470.0
2015,Georgia,deaths,leukemia,630.0
2015,Georgia,deaths,liver,660.0
2015,Georgia,deaths,lung_bronchus,4640.0
2015,Georgia,deaths,ovary,430.0
2015,Georgia,deaths,pancreas,1040.0
2015,Georgia,deaths,prostate,750.0
2015,Hawaii,deaths,all_sites,2470.0
2015,Hawaii,deaths,brain_nervous_system,
2015,Hawaii,deaths,colon_rectum,230.0
2015,Hawaii,deaths,female_breast,130.0
2015,Hawaii,deaths,hodgkin_lymphoma,90.0
2015,Hawaii,deaths,leukemia,100.0
2015,Hawaii,deaths,liver,140.0
2015,Hawaii,deaths,lung_bronchus,580.0
2015,Hawaii,deaths,ovary,60.0
2015,Hawaii,deaths,pancreas,220.0
2015,Hawaii,deaths,prostate,110.0
2015,Idaho,deaths,all_sites,2790.0
2015,Idaho,deaths,brain_nervous_system,90.0
2015,Idaho,deaths,colon_rectum,220.0
2015,Idaho,deaths,female_breast,190.0
2015,Idaho,deaths,hodgkin_lymphoma,100.0
2015,Idaho,deaths,leukemia,130.0
2015,Idaho,deaths,liver,90.0
2015,Idaho,deaths,lung_bronchus,670.0
2015,Idaho,deaths,ovary,60.0
2015,Idaho,deaths,pancreas,210.0
2015,Idaho,deaths,prostate,170.0
2015,Illinois,deaths,all_sites,23940.0
2015,Illinois,deaths,brain_nervous_system,570.0
2015,Illinois,deaths,colon_rectum,2090.0
2015,Illinois,deaths,female_breast,1640.0
2015,Illinois,deaths,hodgkin_lymphoma,810.0
2015,Illinois,deaths,leukemia,990.0
2015,Illinois,deaths,liver,860.0
2015,Illinois,deaths,lung_bronchus,6550.0
2015,Illinois,deaths,ovary,560.0
2015,Illinois,deaths,pancreas,1640.0
2015,Illinois,deaths,prostate,1080.0
2015,Indiana,deaths,all_sites,13420.0
2015,Indiana,deaths,brain_nervous_system,340.0
2015,Indiana,deaths,colon_rectum,1080.0
2015,Indiana,deaths,female_breast,870.0
2015,Indiana,deaths,hodgkin_lymphoma,450.0
2015,Indiana,deaths,leukemia,570.0
2015,Indiana,deaths,liver,400.0
2015,Indiana,deaths,lung_bronchus,4060.0
2015,Indiana,deaths,ovary,300.0
2015,Indiana,deaths,pancreas,850.0
2015,Indiana,deaths,prostate,540.0
2015,Iowa,deaths,all_sites,6440.0
2015,Iowa,deaths,brain_nervous_system,190.0
2015,Iowa,deaths,colon_rectum,570.0
2015,Iowa,deaths,female_breast,390.0
2015,Iowa,deaths,hodgkin_lymphoma,250.0
2015,Iowa,deaths,leukemia,270.0
2015,Iowa,deaths,liver,210.0
2015,Iowa,deaths,lung_bronchus,1770.0
2015,Iowa,deaths,ovary,170.0
2015,Iowa,deaths,pancreas,410.0
2015,Iowa,deaths,prostate,300.0
2015,Kansas,deaths,all_sites,5510.0
2015,Kansas,deaths,brain_nervous_system,170.0
2015,Kansas,deaths,colon_rectum,480.0
2015,Kansas,deaths,female_breast,350.0
2015,Kansas,deaths,hodgkin_lymphoma,200.0
2015,Kansas,deaths,leukemia,260.0
2015,Kansas,deaths,liver,190.0
2015,Kansas,deaths,lung_bronchus,1540.0
2015,Kansas,deaths,ovary,140.0
2015,Kansas,deaths,pancreas,380.0
2015,Kansas,deaths,prostate,240.0
2015,Kentucky,deaths,all_sites,10200.0
2015,Kentucky,deaths,brain_nervous_system,230.0
2015,Kentucky,deaths,colon_rectum,850.0
2015,Kentucky,deaths,female_breast,590.0
2015,Kentucky,deaths,hodgkin_lymphoma,320.0
2015,Kentucky,deaths,leukemia,370.0
2015,Kentucky,deaths,liver,310.0
2015,Kentucky,deaths,lung_bronchus,3550.0
2015,Kentucky,deaths,ovary,200.0
2015,Kentucky,deaths,pancreas,600.0
2015,Kentucky,deaths,prostate,350.0
2015,Louisiana,deaths,all_sites,9040.0
2015,Louisiana,deaths,brain_nervous_system,210.0
2015,Louisiana,deaths,colon_rectum,810.0
2015,Louisiana,deaths,female_breast,630.0
2015,Louisiana,deaths,hodgkin_lymphoma,280.0
2015,Louisiana,deaths,leukemia,330.0
2015,Louisiana,deaths,liver,440.0
2015,Louisiana,deaths,lung_bronchus,2610.0
2015,Louisiana,deaths,ovary,180.0
2015,Louisiana,deaths,pancreas,620.0
2015,Louisiana,deaths,prostate,380.0
2015,Maine,deaths,all_sites,3300.0
2015,Maine,deaths,brain_nervous_system,90.0
2015,Maine,deaths,colon_rectum,240.0
2015,Maine,deaths,female_breast,180.0
2015,Maine,deaths,hodgkin_lymphoma,110.0
2015,Maine,deaths,leukemia,140.0
2015,Maine,deaths,liver,100.0
2015,Maine,deaths,lung_bronchus,970.0
2015,Maine,deaths,ovary,70.0
2015,Maine,deaths,pancreas,210.0
2015,Maine,deaths,prostate,150.0
2015,Maryland,deaths,all_sites,10470.0
2015,Maryland,deaths,brain_nervous_system,260.0
2015,Maryland,deaths,colon_rectum,860.0
2015,Maryland,deaths,female_breast,810.0
2015,Maryland,deaths,hodgkin_lymphoma,320.0
2015,Maryland,deaths,leukemia,400.0
2015,Maryland,deaths,liver,440.0
2015,Maryland,deaths,lung_bronchus,2700.0
2015,Maryland,deaths,ovary,250.0
2015,Maryland,deaths,pancreas,780.0
2015,Maryland,deaths,prostate,500.0
2015,Massachusetts,deaths,all_sites,12710.0
2015,Massachusetts,deaths,brain_nervous_system,330.0
2015,Massachusetts,deaths,colon_rectum,930.0
2015,Massachusetts,deaths,female_breast,770.0
2015,Massachusetts,deaths,hodgkin_lymphoma,410.0
2015,Massachusetts,deaths,leukemia,530.0
2015,Massachusetts,deaths,liver,580.0
2015,Massachusetts,deaths,lung_bronchus,3420.0
2015,Massachusetts,deaths,ovary,330.0
2015,Massachusetts,deaths,pancreas,930.0
2015,Massachusetts,deaths,prostate,570.0
2015,Michigan,deaths,all_sites,20920.0
2015,Michigan,deaths,brain_nervous_system,580.0
2015,Michigan,deaths,colon_rectum,1670.0
2015,Michigan,deaths,female_breast,1410.0
2015,Michigan,deaths,hodgkin_lymphoma,740.0
2015,Michigan,deaths,leukemia,890.0
2015,Michigan,deaths,liver,730.0
2015,Michigan,deaths,lung_bronchus,6010.0
2015,Michigan,deaths,ovary,470.0
2015,Michigan,deaths,pancreas,1480.0
2015,Michigan,deaths,prostate,810.0
2015,Minnesota,deaths,all_sites,9820.0
2015,Minnesota,deaths,brain_nervous_system,270.0
2015,Minnesota,deaths,colon_rectum,760.0
2015,Minnesota,deaths,female_breast,620.0
2015,Minnesota,deaths,hodgkin_lymphoma,380.0
2015,Minnesota,deaths,leukemia,490.0
2015,Minnesota,deaths,liver,370.0
2015,Minnesota,deaths,lung_bronchus,2450.0
2015,Minnesota,deaths,ovary,240.0
2015,Minnesota,deaths,pancreas,660.0
2015,Minnesota,deaths,prostate,510.0
2015,Mississippi,deaths,all_sites,6360.0
2015,Mississippi,deaths,brain_nervous_system,140.0
2015,Mississippi,deaths,colon_rectum,640.0
2015,Mississippi,deaths,female_breast,410.0
2015,Mississippi,deaths,hodgkin_lymphoma,170.0
2015,Mississippi,deaths,leukemia,250.0
2015,Mississippi,deaths,liver,260.0
2015,Mississippi,deaths,lung_bronchus,1950.0
2015,Mississippi,deaths,ovary,110.0
2015,Mississippi,deaths,pancreas,390.0
2015,Mississippi,deaths,prostate,300.0
2015,Missouri,deaths,all_sites,12830.0
2015,Missouri,deaths,brain_nervous_system,310.0
2015,Missouri,deaths,colon_rectum,1050.0
2015,Missouri,deaths,female_breast,900.0
2015,Missouri,deaths,hodgkin_lymphoma,400.0
2015,Missouri,deaths,leukemia,530.0
2015,Missouri,deaths,liver,480.0
2015,Missouri,deaths,lung_bronchus,3910.0
2015,Missouri,deaths,ovary,240.0
2015,Missouri,deaths,pancreas,860.0
2015,Missouri,deaths,prostate,500.0
2015,Montana,deaths,all_sites,2020.0
2015,Montana,deaths,brain_nervous_system,60.0
2015,Montana,deaths,colon_rectum,170.0
2015,Montana,deaths,female_breast,130.0
2015,Montana,deaths,hodgkin_lymphoma,70.0
2015,Montana,deaths,leukemia,90.0
2015,Montana,deaths,liver,60.0
2015,Montana,deaths,lung_bronchus,540.0
2015,Montana,deaths,ovary,60.0
2015,Montana,deaths,pancreas,140.0
2015,Montana,deaths,prostate,120.0
2015,Nebraska,deaths,all_sites,3480.0
2015,Nebraska,deaths,brain_nervous_system,110.0
2015,Nebraska,deaths,colon_rectum,340.0
2015,Nebraska,deaths,female_breast,210.0
2015,Nebraska,deaths,hodgkin_lymphoma,130.0
2015,Nebraska,deaths,leukemia,140.0
2015,Nebraska,deaths,liver,120.0
2015,Nebraska,deaths,lung_bronchus,890.0
2015,Nebraska,deaths,ovary,70.0
2015,Nebraska,deaths,pancreas,240.0
2015,Nebraska,deaths,prostate,180.0
2015,Nevada,deaths,all_sites,4880.0
2015,Nevada,deaths,brain_nervous_system,150.0
2015,Nevada,deaths,colon_rectum,470.0
2015,Nevada,deaths,female_breast,380.0
2015,Nevada,deaths,hodgkin_lymphoma,150.0
2015,Nevada,deaths,leukemia,190.0
2015,Nevada,deaths,liver,220.0
2015,Nevada,deaths,lung_bronchus,1410.0
2015,Nevada,deaths,ovary,110.0
2015,Nevada,deaths,pancreas,370.0
2015,Nevada,deaths,prostate,260.0
2015,New Hampshire,deaths,all_sites,2730.0
2015,New Hampshire,deaths,brain_nervous_system,80.0
2015,New Hampshire,deaths,colon_rectum,200.0
2015,New Hampshire,deaths,female_breast,170.0
2015,New Hampshire,deaths,hodgkin_lymphoma,80.0
2015,New Hampshire,deaths,leukemia,110.0
2015,New Hampshire,deaths,liver,80.0
2015,New Hampshire,deaths,lung_bronchus,770.0
2015,New Hampshire,deaths,ovary,70.0
2015,New Hampshire,deaths,pancreas,200.0
2015,New Hampshire,deaths,prostate,120.0
2015,New Jersey,deaths,all_sites,16250.0
2015,New Jersey,deaths,brain_nervous_system,380.0
2015,New Jersey,deaths,colon_rectum,1480.0
2015,New Jersey,deaths,female_breast,1290.0
2015,New Jersey,deaths,hodgkin_lymphoma,510.0
2015,New Jersey,deaths,leukemia,640.0
2015,New Jersey,deaths,liver,630.0
2015,New Jersey,deaths,lung_bronchus,3900.0
2015,New Jersey,deaths,ovary,450.0
2015,New Jersey,deaths,pancreas,1240.0
2015,New Jersey,deaths,prostate,720.0
2015,New Mexico,deaths,all_sites,3620.0
2015,New Mexico,deaths,brain_nervous_system,100.0
2015,New Mexico,deaths,colon_rectum,350.0
2015,New Mexico,deaths,female_breast,270.0
2015,New Mexico,deaths,hodgkin_lymphoma,120.0
2015,New Mexico,deaths,leukemia,150.0
2015,New Mexico,deaths,liver,180.0
2015,New Mexico,deaths,lung_bronchus,760.0
2015,New Mexico,deaths,ovary,110.0
2015,New Mexico,deaths,pancreas,250.0
2015,New Mexico,deaths,prostate,210.0
2015,New York,deaths,all_sites,34600.0
2015,New York,deaths,brain_nervous_system,840.0
2015,New York,deaths,colon_rectum,2890.0
2015,New York,deaths,female_breast,2420.0
2015,New York,deaths,hodgkin_lymphoma,1300.0
2015,New York,deaths,leukemia,1470.0
2015,New York,deaths,liver,1520.0
2015,New York,deaths,lung_bronchus,8740.0
2015,New York,deaths,ovary,900.0
2015,New York,deaths,pancreas,2590.0
2015,New York,deaths,prostate,1640.0
2015,North Carolina,deaths,all_sites,19310.0
2015,North Carolina,deaths,brain_nervous_system,460.0
2015,North Carolina,deaths,colon_rectum,1490.0
2015,North Carolina,deaths,female_breast,1340.0
2015,North Carolina,deaths,hodgkin_lymphoma,590.0
2015,North Carolina,deaths,leukemia,750.0
2015,North Carolina,deaths,liver,730.0
2015,North Carolina,deaths,lung_bronchus,5780.0
2015,North Carolina,deaths,ovary,430.0
2015,North Carolina,deaths,pancreas,1200.0
2015,North Carolina,deaths,prostate,860.0
2015,North Dakota,deaths,all_sites,1280.0
2015,North Dakota,deaths,brain_nervous_system,
2015,North Dakota,deaths,colon_rectum,130.0
2015,North Dakota,deaths,female_breast,80.0
2015,North Dakota,deaths,hodgkin_lymphoma,
2015,North Dakota,deaths,leukemia,60.0
2015,North Dakota,deaths,liver,
2015,North Dakota,deaths,lung_bronchus,320.0
2015,North Dakota,deaths,ovary,
2015,North Dakota,deaths,pancreas,90.0
2015,North Dakota,deaths,prostate,70.0
2015,Ohio,deaths,all_sites,25400.0
2015,Ohio,deaths,brain_nervous_system,620.0
2015,Ohio,deaths,colon_rectum,2090.0
2015,Ohio,deaths,female_breast,1740.0
2015,Ohio,deaths,hodgkin_lymphoma,850.0
2015,Ohio,deaths,leukemia,1010.0
2015,Ohio,deaths,liver,850.0
2015,Ohio,deaths,lung_bronchus,7370.0
2015,Ohio,deaths,ovary,560.0
2015,Ohio,deaths,pancreas,1720.0
2015,Ohio,deaths,prostate,1130.0
2015,Oklahoma,deaths,all_sites,8100.0
2015,Oklahoma,deaths,brain_nervous_system,220.0
2015,Oklahoma,deaths,colon_rectum,680.0
2015,Oklahoma,deaths,female_breast,520.0
2015,Oklahoma,deaths,hodgkin_lymphoma,260.0
2015,Oklahoma,deaths,leukemia,320.0
2015,Oklahoma,deaths,liver,310.0
2015,Oklahoma,deaths,lung_bronchus,2460.0
2015,Oklahoma,deaths,ovary,180.0
2015,Oklahoma,deaths,pancreas,490.0
2015,Oklahoma,deaths,prostate,350.0
2015,Oregon,deaths,all_sites,8040.0
2015,Oregon,deaths,brain_nervous_system,240.0
2015,Oregon,deaths,colon_rectum,670.0
2015,Oregon,deaths,female_breast,510.0
2015,Oregon,deaths,hodgkin_lymphoma,280.0
2015,Oregon,deaths,leukemia,330.0
2015,Oregon,deaths,liver,370.0
2015,Oregon,deaths,lung_bronchus,2070.0
2015,Oregon,deaths,ovary,220.0
2015,Oregon,deaths,pancreas,560.0
2015,Oregon,deaths,prostate,420.0
2015,Pennsylvania,deaths,all_sites,28640.0
2015,Pennsylvania,deaths,brain_nervous_system,650.0
2015,Pennsylvania,deaths,colon_rectum,2400.0
2015,Pennsylvania,deaths,female_breast,1950.0
2015,Pennsylvania,deaths,hodgkin_lymphoma,1030.0
2015,Pennsylvania,deaths,leukemia,1240.0
2015,Pennsylvania,deaths,liver,1020.0
2015,Pennsylvania,deaths,lung_bronchus,7520.0
2015,Pennsylvania,deaths,ovary,700.0
2015,Pennsylvania,deaths,pancreas,2050.0
2015,Pennsylvania,deaths,prostate,1280.0
2015,Rhode Island,deaths,all_sites,2120.0
2015,Rhode Island,deaths,brain_nervous_system,50.0
2015,Rhode Island,deaths,colon_rectum,160.0
2015,Rhode Island,deaths,female_breast,130.0
2015,Rhode Island,deaths,hodgkin_lymphoma,60.0
2015,Rhode Island,deaths,leukemia,90.0
2015,Rhode Island,deaths,liver,90.0
2015,Rhode Island,deaths,lung_bronchus,570.0
2015,Rhode Island,deaths,ovary,
2015,Rhode Island,deaths,pancreas,120.0
2015,Rhode Island,deaths,prostate,100.0
2015,South Carolina,deaths,all_sites,10130.0
2015,South Carolina,deaths,brain_nervous_system,240.0
2015,South Carolina,deaths,colon_rectum,840.0
2015,South Carolina,deaths,female_breast,690.0
2015,South Carolina,deaths,hodgkin_lymphoma,300.0
2015,South Carolina,deaths,leukemia,350.0
2015,South Carolina,deaths,liver,380.0
2015,South Carolina,deaths,lung_bronchus,2970.0
2015,South Carolina,deaths,ovary,230.0
2015,South Carolina,deaths,pancreas,640.0
2015,South Carolina,deaths,prostate,460.0
2015,South Dakota,deaths,all_sites,1630.0
2015,South Dakota,deaths,brain_nervous_system,50.0
2015,South Dakota,deaths,colon_rectum,140.0
2015,South Dakota,deaths,female_breast,110.0
2015,South Dakota,deaths,hodgkin_lymphoma,50.0
2015,South Dakota,deaths,leukemia,80.0
2015,South Dakota,deaths,liver,50.0
2015,South Dakota,deaths,lung_bronchus,450.0
2015,South Dakota,deaths,ovary,
2015,South Dakota,deaths,pancreas,100.0
2015,South Dakota,deaths,prostate,90.0
2015,Tennessee,deaths,all_sites,14370.0
2015,Tennessee,deaths,brain_nervous_system,360.0
2015,Tennessee,deaths,colon_rectum,1220.0
2015,Tennessee,deaths,female_breast,890.0
2015,Tennessee,deaths,hodgkin_lymphoma,450.0
2015,Tennessee,deaths,leukemia,540.0
2015,Tennessee,deaths,liver,550.0
2015,Tennessee,deaths,lung_bronchus,4600.0
2015,Tennessee,deaths,ovary,290.0
2015,Tennessee,deaths,pancreas,840.0
2015,Tennessee,deaths,prostate,580.0
2015,Texas,deaths,all_sites,38520.0
2015,Texas,deaths,brain_nervous_system,1010.0
2015,Texas,deaths,colon_rectum,3470.0
2015,Texas,deaths,female_breast,2710.0
2015,Texas,deaths,hodgkin_lymphoma,1260.0
2015,Texas,deaths,leukemia,1620.0
2015,Texas,deaths,liver,2260.0
2015,Texas,deaths,lung_bronchus,9580.0
2015,Texas,deaths,ovary,930.0
2015,Texas,deaths,pancreas,2550.0
2015,Texas,deaths,prostate,1570.0
2015,US,deaths,all_sites,589430.0
2015,US,deaths,brain_nervous_system,15320.0
2015,US,deaths,colon_rectum,49700.0
2015,US,deaths,female_breast,40290.0
2015,US,deaths,hodgkin_lymphoma,19790.0
2015,US,deaths,leukemia,24450.0
2015,US,deaths,liver,24550.0
2015,US,deaths,lung_bronchus,158040.0
2015,US,deaths,ovary,14180.0
2015,US,deaths,pancreas,40560.0
2015,US,deaths,prostate,27540.0
2015,Utah,deaths,all_sites,2900.0
2015,Utah,deaths,brain_nervous_system,120.0
2015,Utah,deaths,colon_rectum,240.0
2015,Utah,deaths,female_breast,270.0
2015,Utah,deaths,hodgkin_lymphoma,120.0
2015,Utah,deaths,leukemia,140.0
2015,Utah,deaths,liver,120.0
2015,Utah,deaths,lung_bronchus,460.0
2015,Utah,deaths,ovary,90.0
2015,Utah,deaths,pancreas,240.0
2015,Utah,deaths,prostate,200.0
2015,Vermont,deaths,all_sites,1360.0
2015,Vermont,deaths,brain_nervous_system,
2015,Vermont,deaths,colon_rectum,100.0
2015,Vermont,deaths,female_breast,80.0
2015,Vermont,deaths,hodgkin_lymphoma,
2015,Vermont,deaths,leukemia,50.0
2015,Vermont,deaths,liver,60.0
2015,Vermont,deaths,lung_bronchus,400.0
2015,Vermont,deaths,ovary,
2015,Vermont,deaths,pancreas,90.0
2015,Vermont,deaths,prostate,70.0
2015,Virginia,deaths,all_sites,14830.0
2015,Virginia,deaths,brain_nervous_system,370.0
2015,Virginia,deaths,colon_rectum,1180.0
2015,Virginia,deaths,female_breast,1090.0
2015,Virginia,deaths,hodgkin_lymphoma,480.0
2015,Virginia,deaths,leukemia,580.0
2015,Virginia,deaths,liver,570.0
2015,Virginia,deaths,lung_bronchus,4070.0
2015,Virginia,deaths,ovary,380.0
2015,Virginia,deaths,pancreas,1040.0
2015,Virginia,deaths,prostate,670.0
2015,Washington,deaths,all_sites,12700.0
2015,Washington,deaths,brain_nervous_system,400.0
2015,Washington,deaths,colon_rectum,990.0
2015,Washington,deaths,female_breast,830.0
2015,Washington,deaths,hodgkin_lymphoma,440.0
2015,Washington,deaths,leukemia,540.0
2015,Washington,deaths,liver,590.0
2015,Washington,deaths,lung_bronchus,3220.0
2015,Washington,deaths,ovary,350.0
2015,Washington,deaths,pancreas,900.0
2015,Washington,deaths,prostate,690.0
2015,West Virginia,deaths,all_sites,4710.0
2015,West Virginia,deaths,brain_nervous_system,110.0
2015,West Virginia,deaths,colon_rectum,410.0
2015,West Virginia,deaths,female_breast,270.0
2015,West Virginia,deaths,hodgkin_lymphoma,160.0
2015,West Virginia,deaths,leukemia,190.0
2015,West Virginia,deaths,liver,130.0
2015,West Virginia,deaths,lung_bronchus,1460.0
2015,West Virginia,deaths,ovary,100.0
2015,West Virginia,deaths,pancreas,250.0
2015,West Virginia,deaths,prostate,170.0
2015,Wisconsin,deaths,all_sites,11550.0
2015,Wisconsin,deaths,brain_nervous_system,350.0
2015,Wisconsin,deaths,colon_rectum,850.0
2015,Wisconsin,deaths,female_breast,720.0
2015,Wisconsin,deaths,hodgkin_lymphoma,410.0
2015,Wisconsin,deaths,leukemia,540.0
2015,Wisconsin,deaths,liver,400.0
2015,Wisconsin,deaths,lung_bronchus,3050.0
2015,Wisconsin,deaths,ovary,300.0
2015,Wisconsin,deaths,pancreas,830.0
2015,Wisconsin,deaths,prostate,590.0
2015,Wyoming,deaths,all_sites,1000.0
2015,Wyoming,deaths,brain_nervous_system,
2015,Wyoming,deaths,colon_rectum,80.0
2015,Wyoming,deaths,female_breast,70.0
2015,Wyoming,deaths,hodgkin_lymphoma,
2015,Wyoming,deaths,leukemia,60.0
2015,Wyoming,deaths,liver,
2015,Wyoming,deaths,lung_bronchus,240.0
2015,Wyoming,deaths,ovary,
2015,Wyoming,deaths,pancreas,70.0
2015,Wyoming,deaths,prostate,
2016,Alabama,cases,all_sites,27020.0
2016,Alabama,cases,colon_rectum,2190.0
2016,Alabama,cases,female_breast,3960.0
2016,Alabama,cases,hodgkin_lymphoma,1030.0
2016,Alabama,cases,leukemia,900.0
2016,Alabama,cases,lung_bronchus,4220.0
2016,Alabama,cases,melanoma_skin,1390.0
2016,Alabama,cases,prostate,2950.0
2016,Alabama,cases,urinary_bladder,1110.0
2016,Alabama,cases,uterine_cervix,220.0
2016,Alabama,cases,uterine_corpus,710.0
2016,Alaska,cases,all_sites,3330.0
2016,Alaska,cases,colon_rectum,270.0
2016,Alaska,cases,female_breast,500.0
2016,Alaska,cases,hodgkin_lymphoma,140.0
2016,Alaska,cases,leukemia,120.0
2016,Alaska,cases,lung_bronchus,440.0
2016,Alaska,cases,melanoma_skin,100.0
2016,Alaska,cases,prostate,330.0
2016,Alaska,cases,urinary_bladder,150.0
2016,Alaska,cases,uterine_cervix,
2016,Alaska,cases,uterine_corpus,110.0
2016,Arizona,cases,all_sites,32510.0
2016,Arizona,cases,colon_rectum,2550.0
2016,Arizona,cases,female_breast,4900.0
2016,Arizona,cases,hodgkin_lymphoma,1300.0
2016,Arizona,cases,leukemia,1160.0
2016,Arizona,cases,lung_bronchus,3980.0
2016,Arizona,cases,melanoma_skin,1510.0
2016,Arizona,cases,prostate,3150.0
2016,Arizona,cases,urinary_bladder,1630.0
2016,Arizona,cases,uterine_cervix,230.0
2016,Arizona,cases,uterine_corpus,1060.0
2016,Arkansas,cases,all_sites,16460.0
2016,Arkansas,cases,colon_rectum,1410.0
2016,Arkansas,cases,female_breast,2090.0
2016,Arkansas,cases,hodgkin_lymphoma,670.0
2016,Arkansas,cases,leukemia,510.0
2016,Arkansas,cases,lung_bronchus,2610.0
2016,Arkansas,cases,melanoma_skin,340.0
2016,Arkansas,cases,prostate,1670.0
2016,Arkansas,cases,urinary_bladder,700.0
2016,Arkansas,cases,uterine_cervix,150.0
2016,Arkansas,cases,uterine_corpus,470.0
2016,California,cases,all_sites,173200.0
2016,California,cases,colon_rectum,13770.0
2016,California,cases,female_breast,26730.0
2016,California,cases,hodgkin_lymphoma,7760.0
2016,California,cases,leukemia,6370.0
2016,California,cases,lung_bronchus,18140.0
2016,California,cases,melanoma_skin,8560.0
2016,California,cases,prostate,17240.0
2016,California,cases,urinary_bladder,7580.0
2016,California,cases,uterine_cervix,1460.0
2016,California,cases,uterine_corpus,6120.0
2016,Colorado,cases,all_sites,24730.0
2016,Colorado,cases,colon_rectum,1790.0
2016,Colorado,cases,female_breast,4110.0
2016,Colorado,cases,hodgkin_lymphoma,1110.0
2016,Colorado,cases,leukemia,1020.0
2016,Colorado,cases,lung_bronchus,2520.0
2016,Colorado,cases,melanoma_skin,1460.0
2016,Colorado,cases,prostate,3060.0
2016,Colorado,cases,urinary_bladder,1080.0
2016,Colorado,cases,uterine_cervix,180.0
2016,Colorado,cases,uterine_corpus,860.0
2016,Connecticut,cases,all_sites,21700.0
2016,Connecticut,cases,colon_rectum,1610.0
2016,Connecticut,cases,female_breast,3290.0
2016,Connecticut,cases,hodgkin_lymphoma,920.0
2016,Connecticut,cases,leukemia,790.0
2016,Connecticut,cases,lung_bronchus,2770.0
2016,Connecticut,cases,melanoma_skin,680.0
2016,Connecticut,cases,prostate,2460.0
2016,Connecticut,cases,urinary_bladder,1130.0
2016,Connecticut,cases,uterine_cervix,120.0
2016,Connecticut,cases,uterine_corpus,880.0
2016,Delaware,cases,all_sites,5630.0
2016,Delaware,cases,colon_rectum,430.0
2016,Delaware,cases,female_breast,800.0
2016,Delaware,cases,hodgkin_lymphoma,220.0
2016,Delaware,cases,leukemia,180.0
2016,Delaware,cases,lung_bronchus,850.0
2016,Delaware,cases,melanoma_skin,320.0
2016,Delaware,cases,prostate,690.0
2016,Delaware,cases,urinary_bladder,260.0
2016,Delaware,cases,uterine_cervix,
2016,Delaware,cases,uterine_corpus,190.0
2016,District of Columbia,cases,all_sites,2910.0
2016,District of Columbia,cases,colon_rectum,200.0
2016,District of Columbia,cases,female_breast,470.0
2016,District of Columbia,cases,hodgkin_lymphoma,110.0
2016,District of Columbia,cases,leukemia,80.0
2016,District of Columbia,cases,lung_bronchus,300.0
2016,District of Columbia,cases,melanoma_skin,110.0
2016,District of Columbia,cases,prostate,460.0
2016,District of Columbia,cases,urinary_bladder,90.0
2016,District of Columbia,cases,uterine_cervix,
2016,District of Columbia,cases,uterine_corpus,100.0
2016,Florida,cases,all_sites,121240.0
2016,Florida,cases,colon_rectum,9710.0
2016,Florida,cases,female_breast,16770.0
2016,Florida,cases,hodgkin_lymphoma,5370.0
2016,Florida,cases,leukemia,3930.0
2016,Florida,cases,lung_bronchus,17360.0
2016,Florida,cases,melanoma_skin,6200.0
2016,Florida,cases,prostate,13310.0
2016,Florida,cases,urinary_bladder,5940.0
2016,Florida,cases,uterine_cervix,1050.0
2016,Florida,cases,uterine_corpus,3940.0
2016,Georgia,cases,all_sites,48670.0
2016,Georgia,cases,colon_rectum,3980.0
2016,Georgia,cases,female_breast,7160.0
2016,Georgia,cases,hodgkin_lymphoma,1830.0
2016,Georgia,cases,leukemia,1490.0
2016,Georgia,cases,lung_bronchus,6670.0
2016,Georgia,cases,melanoma_skin,2540.0
2016,Georgia,cases,prostate,5570.0
2016,Georgia,cases,urinary_bladder,1830.0
2016,Georgia,cases,uterine_cervix,430.0
2016,Georgia,cases,uterine_corpus,1450.0
2016,Hawaii,cases,all_sites,6850.0
2016,Hawaii,cases,colon_rectum,650.0
2016,Hawaii,cases,female_breast,1130.0
2016,Hawaii,cases,hodgkin_lymphoma,300.0
2016,Hawaii,cases,leukemia,220.0
2016,Hawaii,cases,lung_bronchus,740.0
2016,Hawaii,cases,melanoma_skin,410.0
2016,Hawaii,cases,prostate,610.0
2016,Hawaii,cases,urinary_bladder,250.0
2016,Hawaii,cases,uterine_cervix,60.0
2016,Hawaii,cases,uterine_corpus,280.0
2016,Idaho,cases,all_sites,8120.0
2016,Idaho,cases,colon_rectum,610.0
2016,Idaho,cases,female_breast,1110.0
2016,Idaho,cases,hodgkin_lymphoma,370.0
2016,Idaho,cases,leukemia,360.0
2016,Idaho,cases,lung_bronchus,990.0
2016,Idaho,cases,melanoma_skin,490.0
2016,Idaho,cases,prostate,1010.0
2016,Idaho,cases,urinary_bladder,430.0
2016,Idaho,cases,uterine_cervix,50.0
2016,Idaho,cases,uterine_corpus,280.0
2016,Illinois,cases,all_sites,65090.0
2016,Illinois,cases,colon_rectum,5580.0
2016,Illinois,cases,female_breast,10160.0
2016,Illinois,cases,hodgkin_lymphoma,2860.0
2016,Illinois,cases,leukemia,2370.0
2016,Illinois,cases,lung_bronchus,8820.0
2016,Illinois,cases,melanoma_skin,2500.0
2016,Illinois,cases,prostate,7250.0
2016,Illinois,cases,urinary_bladder,3040.0
2016,Illinois,cases,uterine_cervix,550.0
2016,Illinois,cases,uterine_corpus,2690.0
2016,Indiana,cases,all_sites,35180.0
2016,Indiana,cases,colon_rectum,2980.0
2016,Indiana,cases,female_breast,4980.0
2016,Indiana,cases,hodgkin_lymphoma,1500.0
2016,Indiana,cases,leukemia,1190.0
2016,Indiana,cases,lung_bronchus,5520.0
2016,Indiana,cases,melanoma_skin,1460.0
2016,Indiana,cases,prostate,3510.0
2016,Indiana,cases,urinary_bladder,1620.0
2016,Indiana,cases,uterine_cervix,290.0
2016,Indiana,cases,uterine_corpus,1310.0
2016,Iowa,cases,all_sites,17100.0
2016,Iowa,cases,colon_rectum,1500.0
2016,Iowa,cases,female_breast,2310.0
2016,Iowa,cases,hodgkin_lymphoma,790.0
2016,Iowa,cases,leukemia,730.0
2016,Iowa,cases,lung_bronchus,2420.0
2016,Iowa,cases,melanoma_skin,1000.0
2016,Iowa,cases,prostate,1670.0
2016,Iowa,cases,urinary_bladder,840.0
2016,Iowa,cases,uterine_cervix,110.0
2016,Iowa,cases,uterine_corpus,700.0
2016,Kansas,cases,all_sites,14530.0
2016,Kansas,cases,colon_rectum,1150.0
2016,Kansas,cases,female_breast,2210.0
2016,Kansas,cases,hodgkin_lymphoma,640.0
2016,Kansas,cases,leukemia,540.0
2016,Kansas,cases,lung_bronchus,1970.0
2016,Kansas,cases,melanoma_skin,820.0
2016,Kansas,cases,prostate,1510.0
2016,Kansas,cases,urinary_bladder,650.0
2016,Kansas,cases,uterine_cervix,110.0
2016,Kansas,cases,uterine_corpus,560.0
2016,Kentucky,cases,all_sites,25720.0
2016,Kentucky,cases,colon_rectum,2200.0
2016,Kentucky,cases,female_breast,3470.0
2016,Kentucky,cases,hodgkin_lymphoma,1080.0
2016,Kentucky,cases,leukemia,980.0
2016,Kentucky,cases,lung_bronchus,4960.0
2016,Kentucky,cases,melanoma_skin,1450.0
2016,Kentucky,cases,prostate,2460.0
2016,Kentucky,cases,urinary_bladder,1120.0
2016,Kentucky,cases,uterine_cervix,200.0
2016,Kentucky,cases,uterine_corpus,810.0
2016,Louisiana,cases,all_sites,25070.0
2016,Louisiana,cases,colon_rectum,2170.0
2016,Louisiana,cases,female_breast,3400.0
2016,Louisiana,cases,hodgkin_lymphoma,1090.0
2016,Louisiana,cases,leukemia,710.0
2016,Louisiana,cases,lung_bronchus,3730.0
2016,Louisiana,cases,melanoma_skin,620.0
2016,Louisiana,cases,prostate,2950.0
2016,Louisiana,cases,urinary_bladder,940.0
2016,Louisiana,cases,uterine_cervix,220.0
2016,Louisiana,cases,uterine_corpus,620.0
2016,Maine,cases,all_sites,9270.0
2016,Maine,cases,colon_rectum,720.0
2016,Maine,cases,female_breast,1310.0
2016,Maine,cases,hodgkin_lymphoma,400.0
2016,Maine,cases,leukemia,380.0
2016,Maine,cases,lung_bronchus,1410.0
2016,Maine,cases,melanoma_skin,340.0
2016,Maine,cases,prostate,960.0
2016,Maine,cases,urinary_bladder,570.0
2016,Maine,cases,uterine_cervix,50.0
2016,Maine,cases,uterine_corpus,380.0
2016,Maryland,cases,all_sites,30990.0
2016,Maryland,cases,colon_rectum,2390.0
2016,Maryland,cases,female_breast,4880.0
2016,Maryland,cases,hodgkin_lymphoma,1230.0
2016,Maryland,cases,leukemia,1000.0
2016,Maryland,cases,lung_bronchus,4100.0
2016,Maryland,cases,melanoma_skin,1590.0
2016,Maryland,cases,prostate,3840.0
2016,Maryland,cases,urinary_bladder,1330.0
2016,Maryland,cases,uterine_cervix,230.0
2016,Maryland,cases,uterine_corpus,1170.0
2016,Massachusetts,cases,all_sites,37620.0
2016,Massachusetts,cases,colon_rectum,2750.0
2016,Massachusetts,cases,female_breast,6010.0
2016,Massachusetts,cases,hodgkin_lymphoma,1720.0
2016,Massachusetts,cases,leukemia,1340.0
2016,Massachusetts,cases,lung_bronchus,4910.0
2016,Massachusetts,cases,melanoma_skin,1380.0
2016,Massachusetts,cases,prostate,4350.0
2016,Massachusetts,cases,urinary_bladder,2030.0
2016,Massachusetts,cases,uterine_cervix,210.0
2016,Massachusetts,cases,uterine_corpus,1560.0
2016,Michigan,cases,all_sites,56530.0
2016,Michigan,cases,colon_rectum,4570.0
2016,Michigan,cases,female_breast,8150.0
2016,Michigan,cases,hodgkin_lymphoma,2520.0
2016,Michigan,cases,leukemia,1890.0
2016,Michigan,cases,lung_bronchus,8440.0
2016,Michigan,cases,melanoma_skin,2560.0
2016,Michigan,cases,prostate,6000.0
2016,Michigan,cases,urinary_bladder,3000.0
2016,Michigan,cases,uterine_cervix,380.0
2016,Michigan,cases,uterine_corpus,2290.0
2016,Minnesota,cases,all_sites,29130.0
2016,Minnesota,cases,colon_rectum,2180.0
2016,Minnesota,cases,female_breast,4300.0
2016,Minnesota,cases,hodgkin_lymphoma,1370.0
2016,Minnesota,cases,leukemia,1280.0
2016,Minnesota,cases,lung_bronchus,3660.0
2016,Minnesota,cases,melanoma_skin,1220.0
2016,Minnesota,cases,prostate,2930.0
2016,Minnesota,cases,urinary_bladder,1300.0
2016,Minnesota,cases,uterine_cervix,140.0
2016,Minnesota,cases,uterine_corpus,1070.0
2016,Mississippi,cases,all_sites,16680.0
2016,Mississippi,cases,colon_rectum,1530.0
2016,Mississippi,cases,female_breast,2330.0
2016,Mississippi,cases,hodgkin_lymphoma,570.0
2016,Mississippi,cases,leukemia,520.0
2016,Mississippi,cases,lung_bronchus,2550.0
2016,Mississippi,cases,melanoma_skin,490.0
2016,Mississippi,cases,prostate,1770.0
2016,Mississippi,cases,urinary_bladder,600.0
2016,Mississippi,cases,uterine_cervix,150.0
2016,Mississippi,cases,uterine_corpus,430.0
2016,Missouri,cases,all_sites,34270.0
2016,Missouri,cases,colon_rectum,2850.0
2016,Missouri,cases,female_breast,5030.0
2016,Missouri,cases,hodgkin_lymphoma,1440.0
2016,Missouri,cases,leukemia,1220.0
2016,Missouri,cases,lung_bronchus,5450.0
2016,Missouri,cases,melanoma_skin,1610.0
2016,Missouri,cases,prostate,3260.0
2016,Missouri,cases,urinary_bladder,1550.0
2016,Missouri,cases,uterine_cervix,250.0
2016,Missouri,cases,uterine_corpus,1250.0
2016,Montana,cases,all_sites,6070.0
2016,Montana,cases,colon_rectum,460.0
2016,Montana,cases,female_breast,890.0
2016,Montana,cases,hodgkin_lymphoma,270.0
2016,Montana,cases,leukemia,270.0
2016,Montana,cases,lung_bronchus,750.0
2016,Montana,cases,melanoma_skin,350.0
2016,Montana,cases,prostate,770.0
2016,Montana,cases,urinary_bladder,330.0
2016,Montana,cases,uterine_cervix,
2016,Montana,cases,uterine_corpus,210.0
2016,Nebraska,cases,all_sites,9740.0
2016,Nebraska,cases,colon_rectum,850.0
2016,Nebraska,cases,female_breast,1480.0
2016,Nebraska,cases,hodgkin_lymphoma,440.0
2016,Nebraska,cases,leukemia,390.0
2016,Nebraska,cases,lung_bronchus,1220.0
2016,Nebraska,cases,melanoma_skin,470.0
2016,Nebraska,cases,prostate,960.0
2016,Nebraska,cases,urinary_bladder,460.0
2016,Nebraska,cases,uterine_cervix,60.0
2016,Nebraska,cases,uterine_corpus,380.0
2016,Nevada,cases,all_sites,14390.0
2016,Nevada,cases,colon_rectum,1140.0
2016,Nevada,cases,female_breast,2010.0
2016,Nevada,cases,hodgkin_lymphoma,550.0
2016,Nevada,cases,leukemia,520.0
2016,Nevada,cases,lung_bronchus,1700.0
2016,Nevada,cases,melanoma_skin,440.0
2016,Nevada,cases,prostate,1320.0
2016,Nevada,cases,urinary_bladder,670.0
2016,Nevada,cases,uterine_cervix,110.0
2016,Nevada,cases,uterine_corpus,390.0
2016,New Hampshire,cases,all_sites,8680.0
2016,New Hampshire,cases,colon_rectum,620.0
2016,New Hampshire,cases,female_breast,1280.0
2016,New Hampshire,cases,hodgkin_lymphoma,350.0
2016,New Hampshire,cases,leukemia,290.0
2016,New Hampshire,cases,lung_bronchus,1140.0
2016,New Hampshire,cases,melanoma_skin,290.0
2016,New Hampshire,cases,prostate,910.0
2016,New Hampshire,cases,urinary_bladder,490.0
2016,New Hampshire,cases,uterine_cervix,
2016,New Hampshire,cases,uterine_corpus,350.0
2016,New Jersey,cases,all_sites,49750.0
2016,New Jersey,cases,colon_rectum,4020.0
2016,New Jersey,cases,female_breast,7420.0
2016,New Jersey,cases,hodgkin_lymphoma,2430.0
2016,New Jersey,cases,leukemia,1870.0
2016,New Jersey,cases,lung_bronchus,5580.0
2016,New Jersey,cases,melanoma_skin,2470.0
2016,New Jersey,cases,prostate,5970.0
2016,New Jersey,cases,urinary_bladder,2460.0
2016,New Jersey,cases,uterine_cervix,370.0
2016,New Jersey,cases,uterine_corpus,2050.0
2016,New Mexico,cases,all_sites,9750.0
2016,New Mexico,cases,colon_rectum,760.0
2016,New Mexico,cases,female_breast,1480.0
2016,New Mexico,cases,hodgkin_lymphoma,410.0
2016,New Mexico,cases,leukemia,380.0
2016,New Mexico,cases,lung_bronchus,1020.0
2016,New Mexico,cases,melanoma_skin,450.0
2016,New Mexico,cases,prostate,1020.0
2016,New Mexico,cases,urinary_bladder,390.0
2016,New Mexico,cases,uterine_cervix,80.0
2016,New Mexico,cases,uterine_corpus,330.0
2016,New York,cases,all_sites,110280.0
2016,New York,cases,colon_rectum,8730.0
2016,New York,cases,female_breast,16360.0
2016,New York,cases,hodgkin_lymphoma,4860.0
2016,New York,cases,leukemia,4490.0
2016,New York,cases,lung_bronchus,13200.0
2016,New York,cases,melanoma_skin,4250.0
2016,New York,cases,prostate,12010.0
2016,New York,cases,urinary_bladder,5220.0
2016,New York,cases,uterine_cervix,790.0
2016,New York,cases,uterine_corpus,4360.0
2016,North Carolina,cases,all_sites,54450.0
2016,North Carolina,cases,colon_rectum,4280.0
2016,North Carolina,cases,female_breast,7830.0
2016,North Carolina,cases,hodgkin_lymphoma,2210.0
2016,North Carolina,cases,leukemia,1870.0
2016,North Carolina,cases,lung_bronchus,7870.0
2016,North Carolina,cases,melanoma_skin,2850.0
2016,North Carolina,cases,prostate,5990.0
2016,North Carolina,cases,urinary_bladder,2280.0
2016,North Carolina,cases,uterine_cervix,400.0
2016,North Carolina,cases,uterine_corpus,1780.0
2016,North Dakota,cases,all_sites,3930.0
2016,North Dakota,cases,colon_rectum,310.0
2016,North Dakota,cases,female_breast,530.0
2016,North Dakota,cases,hodgkin_lymphoma,160.0
2016,North Dakota,cases,leukemia,150.0
2016,North Dakota,cases,lung_bronchus,480.0
2016,North Dakota,cases,melanoma_skin,190.0
2016,North Dakota,cases,prostate,400.0
2016,North Dakota,cases,urinary_bladder,180.0
2016,North Dakota,cases,uterine_cervix,
2016,North Dakota,cases,uterine_corpus,130.0
2016,Ohio,cases,all_sites,66020.0
2016,Ohio,cases,colon_rectum,5340.0
2016,Ohio,cases,female_breast,9390.0
2016,Ohio,cases,hodgkin_lymphoma,2820.0
2016,Ohio,cases,leukemia,2140.0
2016,Ohio,cases,lung_bronchus,10550.0
2016,Ohio,cases,melanoma_skin,2880.0
2016,Ohio,cases,prostate,6760.0
2016,Ohio,cases,urinary_bladder,3180.0
2016,Ohio,cases,uterine_cervix,470.0
2016,Ohio,cases,uterine_corpus,2640.0
2016,Oklahoma,cases,all_sites,19650.0
2016,Oklahoma,cases,colon_rectum,1630.0
2016,Oklahoma,cases,female_breast,2760.0
2016,Oklahoma,cases,hodgkin_lymphoma,860.0
2016,Oklahoma,cases,leukemia,720.0
2016,Oklahoma,cases,lung_bronchus,3150.0
2016,Oklahoma,cases,melanoma_skin,570.0
2016,Oklahoma,cases,prostate,2080.0
2016,Oklahoma,cases,urinary_bladder,840.0
2016,Oklahoma,cases,uterine_cervix,180.0
2016,Oklahoma,cases,uterine_corpus,590.0
2016,Oregon,cases,all_sites,22510.0
2016,Oregon,cases,colon_rectum,1610.0
2016,Oregon,cases,female_breast,3430.0
2016,Oregon,cases,hodgkin_lymphoma,980.0
2016,Oregon,cases,leukemia,750.0
2016,Oregon,cases,lung_bronchus,2970.0
2016,Oregon,cases,melanoma_skin,1530.0
2016,Oregon,cases,prostate,2490.0
2016,Oregon,cases,urinary_bladder,1130.0
2016,Oregon,cases,uterine_cervix,150.0
2016,Oregon,cases,uterine_corpus,850.0
2016,Pennsylvania,cases,all_sites,83560.0
2016,Pennsylvania,cases,colon_rectum,6390.0
2016,Pennsylvania,cases,female_breast,11310.0
2016,Pennsylvania,cases,hodgkin_lymphoma,3540.0
2016,Pennsylvania,cases,leukemia,3020.0
2016,Pennsylvania,cases,lung_bronchus,10500.0
2016,Pennsylvania,cases,melanoma_skin,3750.0
2016,Pennsylvania,cases,prostate,8350.0
2016,Pennsylvania,cases,urinary_bladder,4260.0
2016,Pennsylvania,cases,uterine_cervix,540.0
2016,Pennsylvania,cases,uterine_corpus,3290.0
2016,Rhode Island,cases,all_sites,6190.0
2016,Rhode Island,cases,colon_rectum,490.0
2016,Rhode Island,cases,female_breast,940.0
2016,Rhode Island,cases,hodgkin_lymphoma,260.0
2016,Rhode Island,cases,leukemia,210.0
2016,Rhode Island,cases,lung_bronchus,890.0
2016,Rhode Island,cases,melanoma_skin,210.0
2016,Rhode Island,cases,prostate,640.0
2016,Rhode Island,cases,urinary_bladder,350.0
2016,Rhode Island,cases,uterine_cervix,
2016,Rhode Island,cases,uterine_corpus,250.0
2016,South Carolina,cases,all_sites,27980.0
2016,South Carolina,cases,colon_rectum,2220.0
2016,South Carolina,cases,female_breast,4010.0
2016,South Carolina,cases,hodgkin_lymphoma,1080.0
2016,South Carolina,cases,leukemia,920.0
2016,South Carolina,cases,lung_bronchus,4280.0
2016,South Carolina,cases,melanoma_skin,1540.0
2016,South Carolina,cases,prostate,3190.0
2016,South Carolina,cases,urinary_bladder,1210.0
2016,South Carolina,cases,uterine_cervix,210.0
2016,South Carolina,cases,uterine_corpus,860.0
2016,South Dakota,cases,all_sites,4690.0
2016,South Dakota,cases,colon_rectum,390.0
2016,South Dakota,cases,female_breast,680.0
2016,South Dakota,cases,hodgkin_lymphoma,210.0
2016,South Dakota,cases,leukemia,180.0
2016,South Dakota,cases,lung_bronchus,590.0
2016,South Dakota,cases,melanoma_skin,210.0
2016,South Dakota,cases,prostate,470.0
2016,South Dakota,cases,urinary_bladder,230.0
2016,South Dakota,cases,uterine_cervix,
2016,South Dakota,cases,uterine_corpus,170.0
2016,Tennessee,cases,all_sites,37650.0
2016,Tennessee,cases,colon_rectum,3130.0
2016,Tennessee,cases,female_breast,5420.0
2016,Tennessee,cases,hodgkin_lymphoma,1510.0
2016,Tennessee,cases,leukemia,1350.0
2016,Tennessee,cases,lung_bronchus,6010.0
2016,Tennessee,cases,melanoma_skin,1850.0
2016,Tennessee,cases,prostate,3370.0
2016,Tennessee,cases,urinary_bladder,1590.0
2016,Tennessee,cases,uterine_cervix,300.0
2016,Tennessee,cases,uterine_corpus,1100.0
2016,Texas,cases,all_sites,116690.0
2016,Texas,cases,colon_rectum,9680.0
2016,Texas,cases,female_breast,16800.0
2016,Texas,cases,hodgkin_lymphoma,5120.0
2016,Texas,cases,leukemia,4210.0
2016,Texas,cases,lung_bronchus,14620.0
2016,Texas,cases,melanoma_skin,2920.0
2016,Texas,cases,prostate,13210.0
2016,Texas,cases,urinary_bladder,4150.0
2016,Texas,cases,uterine_cervix,1330.0
2016,Texas,cases,uterine_corpus,3700.0
2016,US,cases,all_sites,1685210.0
2016,US,cases,colon_rectum,134490.0
2016,US,cases,female_breast,246660.0
2016,US,cases,hodgkin_lymphoma,72580.0
2016,US,cases,leukemia,60140.0
2016,US,cases,lung_bronchus,224390.0
2016,US,cases,melanoma_skin,76380.0
2016,US,cases,prostate,180890.0
2016,US,cases,urinary_bladder,76960.0
2016,US,cases,uterine_cervix,12990.0
2016,US,cases,uterine_corpus,60050.0
2016,Utah,cases,all_sites,11030.0
2016,Utah,cases,colon_rectum,720.0
2016,Utah,cases,female_breast,1420.0
2016,Utah,cases,hodgkin_lymphoma,510.0
2016,Utah,cases,leukemia,470.0
2016,Utah,cases,lung_bronchus,890.0
2016,Utah,cases,melanoma_skin,840.0
2016,Utah,cases,prostate,1310.0
2016,Utah,cases,urinary_bladder,430.0
2016,Utah,cases,uterine_cervix,70.0
2016,Utah,cases,uterine_corpus,400.0
2016,Vermont,cases,all_sites,4050.0
2016,Vermont,cases,colon_rectum,280.0
2016,Vermont,cases,female_breast,580.0
2016,Vermont,cases,hodgkin_lymphoma,170.0
2016,Vermont,cases,leukemia,140.0
2016,Vermont,cases,lung_bronchus,510.0
2016,Vermont,cases,melanoma_skin,180.0
2016,Vermont,cases,prostate,450.0
2016,Vermont,cases,urinary_bladder,220.0
2016,Vermont,cases,uterine_cervix,
2016,Vermont,cases,uterine_corpus,160.0
2016,Virginia,cases,all_sites,43190.0
2016,Virginia,cases,colon_rectum,3240.0
2016,Virginia,cases,female_breast,6620.0
2016,Virginia,cases,hodgkin_lymphoma,1660.0
2016,Virginia,cases,leukemia,1310.0
2016,Virginia,cases,lung_bronchus,5690.0
2016,Virginia,cases,melanoma_skin,2340.0
2016,Virginia,cases,prostate,4820.0
2016,Virginia,cases,urinary_bladder,1910.0
2016,Virginia,cases,uterine_cervix,300.0
2016,Virginia,cases,uterine_corpus,1490.0
2016,Washington,cases,all_sites,37770.0
2016,Washington,cases,colon_rectum,2700.0
2016,Washington,cases,female_breast,5820.0
2016,Washington,cases,hodgkin_lymphoma,1750.0
2016,Washington,cases,leukemia,1490.0
2016,Washington,cases,lung_bronchus,4670.0
2016,Washington,cases,melanoma_skin,2440.0
2016,Washington,cases,prostate,4430.0
2016,Washington,cases,urinary_bladder,1830.0
2016,Washington,cases,uterine_cervix,230.0
2016,Washington,cases,uterine_corpus,1390.0
2016,West Virginia,cases,all_sites,11770.0
2016,West Virginia,cases,colon_rectum,1010.0
2016,West Virginia,cases,female_breast,1490.0
2016,West Virginia,cases,hodgkin_lymphoma,490.0
2016,West Virginia,cases,leukemia,410.0
2016,West Virginia,cases,lung_bronchus,2020.0
2016,West Virginia,cases,melanoma_skin,640.0
2016,West Virginia,cases,prostate,1030.0
2016,West Virginia,cases,urinary_bladder,600.0
2016,West Virginia,cases,uterine_cervix,90.0
2016,West Virginia,cases,uterine_corpus,450.0
2016,Wisconsin,cases,all_sites,32970.0
2016,Wisconsin,cases,colon_rectum,2520.0
2016,Wisconsin,cases,female_breast,4730.0
2016,Wisconsin,cases,hodgkin_lymphoma,1490.0
2016,Wisconsin,cases,leukemia,1260.0
2016,Wisconsin,cases,lung_bronchus,4230.0
2016,Wisconsin,cases,melanoma_skin,1350.0
2016,Wisconsin,cases,prostate,3570.0
2016,Wisconsin,cases,urinary_bladder,1630.0
2016,Wisconsin,cases,uterine_cervix,200.0
2016,Wisconsin,cases,uterine_corpus,1310.0
2016,Wyoming,cases,all_sites,2920.0
2016,Wyoming,cases,colon_rectum,220.0
2016,Wyoming,cases,female_breast,420.0
2016,Wyoming,cases,hodgkin_lymphoma,120.0
2016,Wyoming,cases,leukemia,110.0
2016,Wyoming,cases,lung_bronchus,310.0
2016,Wyoming,cases,melanoma_skin,180.0
2016,Wyoming,cases,prostate,380.0
2016,Wyoming,cases,urinary_bladder,160.0
2016,Wyoming,cases,uterine_cervix,
2016,Wyoming,cases,uterine_corpus,100.0
2016,Alabama,deaths,all_sites,10650.0
2016,Alabama,deaths,brain_nervous_system,300.0
2016,Alabama,deaths,colon_rectum,920.0
2016,Alabama,deaths,female_breast,670.0
2016,Alabama,deaths,hodgkin_lymphoma,340.0
2016,Alabama,deaths,leukemia,430.0
2016,Alabama,deaths,liver,420.0
2016,Alabama,deaths,lung_bronchus,3260.0
2016,Alabama,deaths,ovary,260.0
2016,Alabama,deaths,pancreas,690.0
2016,Alabama,deaths,prostate,470.0
2016,Alaska,deaths,all_sites,1070.0
2016,Alaska,deaths,brain_nervous_system,
2016,Alaska,deaths,colon_rectum,90.0
2016,Alaska,deaths,female_breast,70.0
2016,Alaska,deaths,hodgkin_lymphoma,
2016,Alaska,deaths,leukemia,
2016,Alaska,deaths,liver,50.0
2016,Alaska,deaths,lung_bronchus,290.0
2016,Alaska,deaths,ovary,
2016,Alaska,deaths,pancreas,70.0
2016,Alaska,deaths,prostate,
2016,Arizona,deaths,all_sites,11800.0
2016,Arizona,deaths,brain_nervous_system,360.0
2016,Arizona,deaths,colon_rectum,980.0
2016,Arizona,deaths,female_breast,780.0
2016,Arizona,deaths,hodgkin_lymphoma,410.0
2016,Arizona,deaths,leukemia,510.0
2016,Arizona,deaths,liver,590.0
2016,Arizona,deaths,lung_bronchus,2830.0
2016,Arizona,deaths,ovary,310.0
2016,Arizona,deaths,pancreas,900.0
2016,Arizona,deaths,prostate,590.0
2016,Arkansas,deaths,all_sites,6830.0
2016,Arkansas,deaths,brain_nervous_system,170.0
2016,Arkansas,deaths,colon_rectum,600.0
2016,Arkansas,deaths,female_breast,430.0
2016,Arkansas,deaths,hodgkin_lymphoma,210.0
2016,Arkansas,deaths,leukemia,260.0
2016,Arkansas,deaths,liver,260.0
2016,Arkansas,deaths,lung_bronchus,2190.0
2016,Arkansas,deaths,ovary,150.0
2016,Arkansas,deaths,pancreas,420.0
2016,Arkansas,deaths,prostate,270.0
2016,California,deaths,all_sites,59060.0
2016,California,deaths,brain_nervous_system,1760.0
2016,California,deaths,colon_rectum,5180.0
2016,California,deaths,female_breast,4400.0
2016,California,deaths,hodgkin_lymphoma,2140.0
2016,California,deaths,leukemia,2560.0
2016,California,deaths,liver,3600.0
2016,California,deaths,lung_bronchus,12230.0
2016,California,deaths,ovary,1530.0
2016,California,deaths,pancreas,4390.0
2016,California,deaths,prostate,3050.0
2016,Colorado,deaths,all_sites,7760.0
2016,Colorado,deaths,brain_nervous_system,270.0
2016,Colorado,deaths,colon_rectum,650.0
2016,Colorado,deaths,female_breast,560.0
2016,Colorado,deaths,hodgkin_lymphoma,260.0
2016,Colorado,deaths,leukemia,330.0
2016,Colorado,deaths,liver,370.0
2016,Colorado,deaths,lung_bronchus,1690.0
2016,Colorado,deaths,ovary,240.0
2016,Colorado,deaths,pancreas,560.0
2016,Colorado,deaths,prostate,430.0
2016,Connecticut,deaths,all_sites,6780.0
2016,Connecticut,deaths,brain_nervous_system,190.0
2016,Connecticut,deaths,colon_rectum,450.0
2016,Connecticut,deaths,female_breast,450.0
2016,Connecticut,deaths,hodgkin_lymphoma,220.0
2016,Connecticut,deaths,leukemia,310.0
2016,Connecticut,deaths,liver,300.0
2016,Connecticut,deaths,lung_bronchus,1690.0
2016,Connecticut,deaths,ovary,170.0
2016,Connecticut,deaths,pancreas,540.0
2016,Connecticut,deaths,prostate,320.0
2016,Delaware,deaths,all_sites,2050.0
2016,Delaware,deaths,brain_nervous_system,50.0
2016,Delaware,deaths,colon_rectum,150.0
2016,Delaware,deaths,female_breast,130.0
2016,Delaware,deaths,hodgkin_lymphoma,60.0
2016,Delaware,deaths,leukemia,80.0
2016,Delaware,deaths,liver,100.0
2016,Delaware,deaths,lung_bronchus,600.0
2016,Delaware,deaths,ovary,50.0
2016,Delaware,deaths,pancreas,140.0
2016,Delaware,deaths,prostate,90.0
2016,District of Columbia,deaths,all_sites,980.0
2016,District of Columbia,deaths,brain_nervous_system,
2016,District of Columbia,deaths,colon_rectum,90.0
2016,District of Columbia,deaths,female_breast,90.0
2016,District of Columbia,deaths,hodgkin_lymphoma,
2016,District of Columbia,deaths,leukemia,
2016,District of Columbia,deaths,liver,80.0
2016,District of Columbia,deaths,lung_bronchus,210.0
2016,District of Columbia,deaths,ovary,
2016,District of Columbia,deaths,pancreas,90.0
2016,District of Columbia,deaths,prostate,70.0
2016,Florida,deaths,all_sites,43600.0
2016,Florida,deaths,brain_nervous_system,1080.0
2016,Florida,deaths,colon_rectum,3500.0
2016,Florida,deaths,female_breast,2880.0
2016,Florida,deaths,hodgkin_lymphoma,1480.0
2016,Florida,deaths,leukemia,1770.0
2016,Florida,deaths,liver,1870.0
2016,Florida,deaths,lung_bronchus,11960.0
2016,Florida,deaths,ovary,940.0
2016,Florida,deaths,pancreas,3080.0
2016,Florida,deaths,prostate,1970.0
2016,Georgia,deaths,all_sites,16840.0
2016,Georgia,deaths,brain_nervous_system,460.0
2016,Georgia,deaths,colon_rectum,1500.0
2016,Georgia,deaths,female_breast,1260.0
2016,Georgia,deaths,hodgkin_lymphoma,490.0
2016,Georgia,deaths,leukemia,620.0
2016,Georgia,deaths,liver,730.0
2016,Georgia,deaths,lung_bronchus,4700.0
2016,Georgia,deaths,ovary,420.0
2016,Georgia,deaths,pancreas,1090.0
2016,Georgia,deaths,prostate,730.0
2016,Hawaii,deaths,all_sites,2480.0
2016,Hawaii,deaths,brain_nervous_system,
2016,Hawaii,deaths,colon_rectum,230.0
2016,Hawaii,deaths,female_breast,130.0
2016,Hawaii,deaths,hodgkin_lymphoma,100.0
2016,Hawaii,deaths,leukemia,90.0
2016,Hawaii,deaths,liver,150.0
2016,Hawaii,deaths,lung_bronchus,570.0
2016,Hawaii,deaths,ovary,50.0
2016,Hawaii,deaths,pancreas,230.0
2016,Hawaii,deaths,prostate,100.0
2016,Idaho,deaths,all_sites,2810.0
2016,Idaho,deaths,brain_nervous_system,90.0
2016,Idaho,deaths,colon_rectum,220.0
2016,Idaho,deaths,female_breast,180.0
2016,Idaho,deaths,hodgkin_lymphoma,100.0
2016,Idaho,deaths,leukemia,120.0
2016,Idaho,deaths,liver,110.0
2016,Idaho,deaths,lung_bronchus,670.0
2016,Idaho,deaths,ovary,70.0
2016,Idaho,deaths,pancreas,210.0
2016,Idaho,deaths,prostate,160.0
2016,Illinois,deaths,all_sites,24080.0
2016,Illinois,deaths,brain_nervous_system,600.0
2016,Illinois,deaths,colon_rectum,2030.0
2016,Illinois,deaths,female_breast,1660.0
2016,Illinois,deaths,hodgkin_lymphoma,800.0
2016,Illinois,deaths,leukemia,1010.0
2016,Illinois,deaths,liver,930.0
2016,Illinois,deaths,lung_bronchus,6540.0
2016,Illinois,deaths,ovary,570.0
2016,Illinois,deaths,pancreas,1640.0
2016,Illinois,deaths,prostate,1020.0
2016,Indiana,deaths,all_sites,13510.0
2016,Indiana,deaths,brain_nervous_system,350.0
2016,Indiana,deaths,colon_rectum,1070.0
2016,Indiana,deaths,female_breast,860.0
2016,Indiana,deaths,hodgkin_lymphoma,440.0
2016,Indiana,deaths,leukemia,570.0
2016,Indiana,deaths,liver,460.0
2016,Indiana,deaths,lung_bronchus,4020.0
2016,Indiana,deaths,ovary,300.0
2016,Indiana,deaths,pancreas,860.0
2016,Indiana,deaths,prostate,520.0
2016,Iowa,deaths,all_sites,6470.0
2016,Iowa,deaths,brain_nervous_system,190.0
2016,Iowa,deaths,colon_rectum,570.0
2016,Iowa,deaths,female_breast,380.0
2016,Iowa,deaths,hodgkin_lymphoma,250.0
2016,Iowa,deaths,leukemia,260.0
2016,Iowa,deaths,liver,230.0
2016,Iowa,deaths,lung_bronchus,1770.0
2016,Iowa,deaths,ovary,160.0
2016,Iowa,deaths,pancreas,430.0
2016,Iowa,deaths,prostate,280.0
2016,Kansas,deaths,all_sites,5540.0
2016,Kansas,deaths,brain_nervous_system,180.0
2016,Kansas,deaths,colon_rectum,460.0
2016,Kansas,deaths,female_breast,360.0
2016,Kansas,deaths,hodgkin_lymphoma,200.0
2016,Kansas,deaths,leukemia,260.0
2016,Kansas,deaths,liver,210.0
2016,Kansas,deaths,lung_bronchus,1540.0
2016,Kansas,deaths,ovary,130.0
2016,Kansas,deaths,pancreas,390.0
2016,Kansas,deaths,prostate,220.0
2016,Kentucky,deaths,all_sites,10350.0
2016,Kentucky,deaths,brain_nervous_system,250.0
2016,Kentucky,deaths,colon_rectum,830.0
2016,Kentucky,deaths,female_breast,600.0
2016,Kentucky,deaths,hodgkin_lymphoma,330.0
2016,Kentucky,deaths,leukemia,390.0
2016,Kentucky,deaths,liver,360.0
2016,Kentucky,deaths,lung_bronchus,3570.0
2016,Kentucky,deaths,ovary,200.0
2016,Kentucky,deaths,pancreas,610.0
2016,Kentucky,deaths,prostate,340.0
2016,Louisiana,deaths,all_sites,9110.0
2016,Louisiana,deaths,brain_nervous_system,220.0
2016,Louisiana,deaths,colon_rectum,790.0
2016,Louisiana,deaths,female_breast,630.0
2016,Louisiana,deaths,hodgkin_lymphoma,280.0
2016,Louisiana,deaths,leukemia,330.0
2016,Louisiana,deaths,liver,470.0
2016,Louisiana,deaths,lung_bronchus,2620.0
2016,Louisiana,deaths,ovary,180.0
2016,Louisiana,deaths,pancreas,650.0
2016,Louisiana,deaths,prostate,360.0
2016,Maine,deaths,all_sites,3320.0
2016,Maine,deaths,brain_nervous_system,90.0
2016,Maine,deaths,colon_rectum,230.0
2016,Maine,deaths,female_breast,170.0
2016,Maine,deaths,hodgkin_lymphoma,120.0
2016,Maine,deaths,leukemia,140.0
2016,Maine,deaths,liver,120.0
2016,Maine,deaths,lung_bronchus,970.0
2016,Maine,deaths,ovary,60.0
2016,Maine,deaths,pancreas,230.0
2016,Maine,deaths,prostate,130.0
2016,Maryland,deaths,all_sites,10560.0
2016,Maryland,deaths,brain_nervous_system,270.0
2016,Maryland,deaths,colon_rectum,850.0
2016,Maryland,deaths,female_breast,820.0
2016,Maryland,deaths,hodgkin_lymphoma,310.0
2016,Maryland,deaths,leukemia,390.0
2016,Maryland,deaths,liver,510.0
2016,Maryland,deaths,lung_bronchus,2670.0
2016,Maryland,deaths,ovary,260.0
2016,Maryland,deaths,pancreas,800.0
2016,Maryland,deaths,prostate,480.0
2016,Massachusetts,deaths,all_sites,12630.0
2016,Massachusetts,deaths,brain_nervous_system,330.0
2016,Massachusetts,deaths,colon_rectum,890.0
2016,Massachusetts,deaths,female_breast,770.0
2016,Massachusetts,deaths,hodgkin_lymphoma,390.0
2016,Massachusetts,deaths,leukemia,520.0
2016,Massachusetts,deaths,liver,630.0
2016,Massachusetts,deaths,lung_bronchus,3380.0
2016,Massachusetts,deaths,ovary,330.0
2016,Massachusetts,deaths,pancreas,930.0
2016,Massachusetts,deaths,prostate,530.0
2016,Michigan,deaths,all_sites,21100.0
2016,Michigan,deaths,brain_nervous_system,610.0
2016,Michigan,deaths,colon_rectum,1640.0
2016,Michigan,deaths,female_breast,1410.0
2016,Michigan,deaths,hodgkin_lymphoma,780.0
2016,Michigan,deaths,leukemia,850.0
2016,Michigan,deaths,liver,800.0
2016,Michigan,deaths,lung_bronchus,6030.0
2016,Michigan,deaths,ovary,480.0
2016,Michigan,deaths,pancreas,1520.0
2016,Michigan,deaths,prostate,790.0
2016,Minnesota,deaths,all_sites,9850.0
2016,Minnesota,deaths,brain_nervous_system,280.0
2016,Minnesota,deaths,colon_rectum,750.0
2016,Minnesota,deaths,female_breast,610.0
2016,Minnesota,deaths,hodgkin_lymphoma,500.0
2016,Minnesota,deaths,leukemia,480.0
2016,Minnesota,deaths,liver,410.0
2016,Minnesota,deaths,lung_bronchus,2430.0
2016,Minnesota,deaths,ovary,240.0
2016,Minnesota,deaths,pancreas,660.0
2016,Minnesota,deaths,prostate,470.0
2016,Mississippi,deaths,all_sites,6480.0
2016,Mississippi,deaths,brain_nervous_system,150.0
2016,Mississippi,deaths,colon_rectum,630.0
2016,Mississippi,deaths,female_breast,420.0
2016,Mississippi,deaths,hodgkin_lymphoma,170.0
2016,Mississippi,deaths,leukemia,240.0
2016,Mississippi,deaths,liver,280.0
2016,Mississippi,deaths,lung_bronchus,1930.0
2016,Mississippi,deaths,ovary,110.0
2016,Mississippi,deaths,pancreas,440.0
2016,Mississippi,deaths,prostate,280.0
2016,Missouri,deaths,all_sites,12970.0
2016,Missouri,deaths,brain_nervous_system,320.0
2016,Missouri,deaths,colon_rectum,1050.0
2016,Missouri,deaths,female_breast,880.0
2016,Missouri,deaths,hodgkin_lymphoma,370.0
2016,Missouri,deaths,leukemia,520.0
2016,Missouri,deaths,liver,550.0
2016,Missouri,deaths,lung_bronchus,3950.0
2016,Missouri,deaths,ovary,250.0
2016,Missouri,deaths,pancreas,860.0
2016,Missouri,deaths,prostate,470.0
2016,Montana,deaths,all_sites,2020.0
2016,Montana,deaths,brain_nervous_system,60.0
2016,Montana,deaths,colon_rectum,170.0
2016,Montana,deaths,female_breast,130.0
2016,Montana,deaths,hodgkin_lymphoma,70.0
2016,Montana,deaths,leukemia,80.0
2016,Montana,deaths,liver,70.0
2016,Montana,deaths,lung_bronchus,520.0
2016,Montana,deaths,ovary,60.0
2016,Montana,deaths,pancreas,130.0
2016,Montana,deaths,prostate,120.0
2016,Nebraska,deaths,all_sites,3500.0
2016,Nebraska,deaths,brain_nervous_system,110.0
2016,Nebraska,deaths,colon_rectum,330.0
2016,Nebraska,deaths,female_breast,210.0
2016,Nebraska,deaths,hodgkin_lymphoma,130.0
2016,Nebraska,deaths,leukemia,150.0
2016,Nebraska,deaths,liver,130.0
2016,Nebraska,deaths,lung_bronchus,890.0
2016,Nebraska,deaths,ovary,70.0
2016,Nebraska,deaths,pancreas,240.0
2016,Nebraska,deaths,prostate,180.0
2016,Nevada,deaths,all_sites,4970.0
2016,Nevada,deaths,brain_nervous_system,150.0
2016,Nevada,deaths,colon_rectum,480.0
2016,Nevada,deaths,female_breast,380.0
2016,Nevada,deaths,hodgkin_lymphoma,160.0
2016,Nevada,deaths,leukemia,180.0
2016,Nevada,deaths,liver,210.0
2016,Nevada,deaths,lung_bronchus,1390.0
2016,Nevada,deaths,ovary,110.0
2016,Nevada,deaths,pancreas,360.0
2016,Nevada,deaths,prostate,240.0
2016,New Hampshire,deaths,all_sites,2770.0
2016,New Hampshire,deaths,brain_nervous_system,80.0
2016,New Hampshire,deaths,colon_rectum,190.0
2016,New Hampshire,deaths,female_breast,170.0
2016,New Hampshire,deaths,hodgkin_lymphoma,80.0
2016,New Hampshire,deaths,leukemia,110.0
2016,New Hampshire,deaths,liver,90.0
2016,New Hampshire,deaths,lung_bronchus,770.0
2016,New Hampshire,deaths,ovary,60.0
2016,New Hampshire,deaths,pancreas,210.0
2016,New Hampshire,deaths,prostate,130.0
2016,New Jersey,deaths,all_sites,16150.0
2016,New Jersey,deaths,brain_nervous_system,400.0
2016,New Jersey,deaths,colon_rectum,1450.0
2016,New Jersey,deaths,female_breast,1280.0
2016,New Jersey,deaths,hodgkin_lymphoma,510.0
2016,New Jersey,deaths,leukemia,640.0
2016,New Jersey,deaths,liver,670.0
2016,New Jersey,deaths,lung_bronchus,3830.0
2016,New Jersey,deaths,ovary,440.0
2016,New Jersey,deaths,pancreas,1260.0
2016,New Jersey,deaths,prostate,680.0
2016,New Mexico,deaths,all_sites,3690.0
2016,New Mexico,deaths,brain_nervous_system,100.0
2016,New Mexico,deaths,colon_rectum,350.0
2016,New Mexico,deaths,female_breast,260.0
2016,New Mexico,deaths,hodgkin_lymphoma,130.0
2016,New Mexico,deaths,leukemia,150.0
2016,New Mexico,deaths,liver,210.0
2016,New Mexico,deaths,lung_bronchus,790.0
2016,New Mexico,deaths,ovary,110.0
2016,New Mexico,deaths,pancreas,240.0
2016,New Mexico,deaths,prostate,200.0
2016,New York,deaths,all_sites,34910.0
2016,New York,deaths,brain_nervous_system,880.0
2016,New York,deaths,colon_rectum,2830.0
2016,New York,deaths,female_breast,2410.0
2016,New York,deaths,hodgkin_lymphoma,1200.0
2016,New York,deaths,leukemia,1460.0
2016,New York,deaths,liver,1650.0
2016,New York,deaths,lung_bronchus,8770.0
2016,New York,deaths,ovary,920.0
2016,New York,deaths,pancreas,2660.0
2016,New York,deaths,prostate,1550.0
2016,North Carolina,deaths,all_sites,19620.0
2016,North Carolina,deaths,brain_nervous_system,600.0
2016,North Carolina,deaths,colon_rectum,1480.0
2016,North Carolina,deaths,female_breast,1360.0
2016,North Carolina,deaths,hodgkin_lymphoma,610.0
2016,North Carolina,deaths,leukemia,750.0
2016,North Carolina,deaths,liver,830.0
2016,North Carolina,deaths,lung_bronchus,5820.0
2016,North Carolina,deaths,ovary,450.0
2016,North Carolina,deaths,pancreas,1240.0
2016,North Carolina,deaths,prostate,820.0
2016,North Dakota,deaths,all_sites,1270.0
2016,North Dakota,deaths,brain_nervous_system,
2016,North Dakota,deaths,colon_rectum,120.0
2016,North Dakota,deaths,female_breast,80.0
2016,North Dakota,deaths,hodgkin_lymphoma,
2016,North Dakota,deaths,leukemia,50.0
2016,North Dakota,deaths,liver,
2016,North Dakota,deaths,lung_bronchus,330.0
2016,North Dakota,deaths,ovary,
2016,North Dakota,deaths,pancreas,90.0
2016,North Dakota,deaths,prostate,60.0
2016,Ohio,deaths,all_sites,25510.0
2016,Ohio,deaths,brain_nervous_system,630.0
2016,Ohio,deaths,colon_rectum,2060.0
2016,Ohio,deaths,female_breast,1700.0
2016,Ohio,deaths,hodgkin_lymphoma,850.0
2016,Ohio,deaths,leukemia,1000.0
2016,Ohio,deaths,liver,1020.0
2016,Ohio,deaths,lung_bronchus,7420.0
2016,Ohio,deaths,ovary,570.0
2016,Ohio,deaths,pancreas,1800.0
2016,Ohio,deaths,prostate,1060.0
2016,Oklahoma,deaths,all_sites,8260.0
2016,Oklahoma,deaths,brain_nervous_system,220.0
2016,Oklahoma,deaths,colon_rectum,690.0
2016,Oklahoma,deaths,female_breast,530.0
2016,Oklahoma,deaths,hodgkin_lymphoma,280.0
2016,Oklahoma,deaths,leukemia,340.0
2016,Oklahoma,deaths,liver,330.0
2016,Oklahoma,deaths,lung_bronchus,2470.0
2016,Oklahoma,deaths,ovary,190.0
2016,Oklahoma,deaths,pancreas,500.0
2016,Oklahoma,deaths,prostate,340.0
2016,Oregon,deaths,all_sites,8150.0
2016,Oregon,deaths,brain_nervous_system,240.0
2016,Oregon,deaths,colon_rectum,660.0
2016,Oregon,deaths,female_breast,500.0
2016,Oregon,deaths,hodgkin_lymphoma,280.0
2016,Oregon,deaths,leukemia,340.0
2016,Oregon,deaths,liver,430.0
2016,Oregon,deaths,lung_bronchus,2100.0
2016,Oregon,deaths,ovary,220.0
2016,Oregon,deaths,pancreas,570.0
2016,Oregon,deaths,prostate,410.0
2016,Pennsylvania,deaths,all_sites,28700.0
2016,Pennsylvania,deaths,brain_nervous_system,680.0
2016,Pennsylvania,deaths,colon_rectum,2340.0
2016,Pennsylvania,deaths,female_breast,1940.0
2016,Pennsylvania,deaths,hodgkin_lymphoma,1030.0
2016,Pennsylvania,deaths,leukemia,1240.0
2016,Pennsylvania,deaths,liver,1140.0
2016,Pennsylvania,deaths,lung_bronchus,7530.0
2016,Pennsylvania,deaths,ovary,700.0
2016,Pennsylvania,deaths,pancreas,2090.0
2016,Pennsylvania,deaths,prostate,1190.0
2016,Rhode Island,deaths,all_sites,2090.0
2016,Rhode Island,deaths,brain_nervous_system,50.0
2016,Rhode Island,deaths,colon_rectum,160.0
2016,Rhode Island,deaths,female_breast,120.0
2016,Rhode Island,deaths,hodgkin_lymphoma,60.0
2016,Rhode Island,deaths,leukemia,90.0
2016,Rhode Island,deaths,liver,100.0
2016,Rhode Island,deaths,lung_bronchus,580.0
2016,Rhode Island,deaths,ovary,
2016,Rhode Island,deaths,pancreas,120.0
2016,Rhode Island,deaths,prostate,90.0
2016,South Carolina,deaths,all_sites,10330.0
2016,South Carolina,deaths,brain_nervous_system,250.0
2016,South Carolina,deaths,colon_rectum,830.0
2016,South Carolina,deaths,female_breast,690.0
2016,South Carolina,deaths,hodgkin_lymphoma,310.0
2016,South Carolina,deaths,leukemia,360.0
2016,South Carolina,deaths,liver,420.0
2016,South Carolina,deaths,lung_bronchus,3010.0
2016,South Carolina,deaths,ovary,240.0
2016,South Carolina,deaths,pancreas,730.0
2016,South Carolina,deaths,prostate,450.0
2016,South Dakota,deaths,all_sites,1640.0
2016,South Dakota,deaths,brain_nervous_system,50.0
2016,South Dakota,deaths,colon_rectum,130.0
2016,South Dakota,deaths,female_breast,110.0
2016,South Dakota,deaths,hodgkin_lymphoma,50.0
2016,South Dakota,deaths,leukemia,70.0
2016,South Dakota,deaths,liver,60.0
2016,South Dakota,deaths,lung_bronchus,460.0
2016,South Dakota,deaths,ovary,
2016,South Dakota,deaths,pancreas,110.0
2016,South Dakota,deaths,prostate,80.0
2016,Tennessee,deaths,all_sites,14560.0
2016,Tennessee,deaths,brain_nervous_system,360.0
2016,Tennessee,deaths,colon_rectum,1230.0
2016,Tennessee,deaths,female_breast,900.0
2016,Tennessee,deaths,hodgkin_lymphoma,450.0
2016,Tennessee,deaths,leukemia,550.0
2016,Tennessee,deaths,liver,630.0
2016,Tennessee,deaths,lung_bronchus,4610.0
2016,Tennessee,deaths,ovary,300.0
2016,Tennessee,deaths,pancreas,870.0
2016,Tennessee,deaths,prostate,540.0
2016,Texas,deaths,all_sites,39450.0
2016,Texas,deaths,brain_nervous_system,1050.0
2016,Texas,deaths,colon_rectum,3520.0
2016,Texas,deaths,female_breast,2780.0
2016,Texas,deaths,hodgkin_lymphoma,1320.0
2016,Texas,deaths,leukemia,1660.0
2016,Texas,deaths,liver,2470.0
2016,Texas,deaths,lung_bronchus,9620.0
2016,Texas,deaths,ovary,950.0
2016,Texas,deaths,pancreas,2650.0
2016,Texas,deaths,prostate,1520.0
2016,US,deaths,all_sites,595690.0
2016,US,deaths,brain_nervous_system,16050.0
2016,US,deaths,colon_rectum,49190.0
2016,US,deaths,female_breast,40450.0
2016,US,deaths,hodgkin_lymphoma,20150.0
2016,US,deaths,leukemia,24400.0
2016,US,deaths,liver,27170.0
2016,US,deaths,lung_bronchus,158080.0
2016,US,deaths,ovary,14240.0
2016,US,deaths,pancreas,41780.0
2016,US,deaths,prostate,26120.0
2016,Utah,deaths,all_sites,2970.0
2016,Utah,deaths,brain_nervous_system,120.0
2016,Utah,deaths,colon_rectum,240.0
2016,Utah,deaths,female_breast,270.0
2016,Utah,deaths,hodgkin_lymphoma,120.0
2016,Utah,deaths,leukemia,140.0
2016,Utah,deaths,liver,130.0
2016,Utah,deaths,lung_bronchus,460.0
2016,Utah,deaths,ovary,90.0
2016,Utah,deaths,pancreas,250.0
2016,Utah,deaths,prostate,200.0
2016,Vermont,deaths,all_sites,1390.0
2016,Vermont,deaths,brain_nervous_system,50.0
2016,Vermont,deaths,colon_rectum,100.0
2016,Vermont,deaths,female_breast,70.0
2016,Vermont,deaths,hodgkin_lymphoma,
2016,Vermont,deaths,leukemia,50.0
2016,Vermont,deaths,liver,60.0
2016,Vermont,deaths,lung_bronchus,390.0
2016,Vermont,deaths,ovary,
2016,Vermont,deaths,pancreas,100.0
2016,Vermont,deaths,prostate,70.0
2016,Virginia,deaths,all_sites,14910.0
2016,Virginia,deaths,brain_nervous_system,390.0
2016,Virginia,deaths,colon_rectum,1160.0
2016,Virginia,deaths,female_breast,1080.0
2016,Virginia,deaths,hodgkin_lymphoma,490.0
2016,Virginia,deaths,leukemia,580.0
2016,Virginia,deaths,liver,640.0
2016,Virginia,deaths,lung_bronchus,4080.0
2016,Virginia,deaths,ovary,390.0
2016,Virginia,deaths,pancreas,1050.0
2016,Virginia,deaths,prostate,630.0
2016,Washington,deaths,all_sites,12770.0
2016,Washington,deaths,brain_nervous_system,410.0
2016,Washington,deaths,colon_rectum,970.0
2016,Washington,deaths,female_breast,820.0
2016,Washington,deaths,hodgkin_lymphoma,440.0
2016,Washington,deaths,leukemia,510.0
2016,Washington,deaths,liver,660.0
2016,Washington,deaths,lung_bronchus,3170.0
2016,Washington,deaths,ovary,350.0
2016,Washington,deaths,pancreas,920.0
2016,Washington,deaths,prostate,630.0
2016,West Virginia,deaths,all_sites,4750.0
2016,West Virginia,deaths,brain_nervous_system,120.0
2016,West Virginia,deaths,colon_rectum,400.0
2016,West Virginia,deaths,female_breast,270.0
2016,West Virginia,deaths,hodgkin_lymphoma,170.0
2016,West Virginia,deaths,leukemia,180.0
2016,West Virginia,deaths,liver,140.0
2016,West Virginia,deaths,lung_bronchus,1460.0
2016,West Virginia,deaths,ovary,90.0
2016,West Virginia,deaths,pancreas,270.0
2016,West Virginia,deaths,prostate,160.0
2016,Wisconsin,deaths,all_sites,11630.0
2016,Wisconsin,deaths,brain_nervous_system,350.0
2016,Wisconsin,deaths,colon_rectum,840.0
2016,Wisconsin,deaths,female_breast,710.0
2016,Wisconsin,deaths,hodgkin_lymphoma,460.0
2016,Wisconsin,deaths,leukemia,540.0
2016,Wisconsin,deaths,liver,420.0
2016,Wisconsin,deaths,lung_bronchus,3060.0
2016,Wisconsin,deaths,ovary,300.0
2016,Wisconsin,deaths,pancreas,840.0
2016,Wisconsin,deaths,prostate,550.0
2016,Wyoming,deaths,all_sites,1000.0
2016,Wyoming,deaths,brain_nervous_system,
2016,Wyoming,deaths,colon_rectum,90.0
2016,Wyoming,deaths,female_breast,70.0
2016,Wyoming,deaths,hodgkin_lymphoma,
2016,Wyoming,deaths,leukemia,50.0
2016,Wyoming,deaths,liver,
2016,Wyoming,deaths,lung_bronchus,230.0
2016,Wyoming,deaths,ovary,
2016,Wyoming,deaths,pancreas,70.0
2016,Wyoming,deaths,prostate,
2017,Alabama,cases,all_sites,26160.0
2017,Alabama,cases,colon_rectum,2210.0
2017,Alabama,cases,female_breast,3960.0
2017,Alabama,cases,hodgkin_lymphoma,960.0
2017,Alabama,cases,leukemia,770.0
2017,Alabama,cases,lung_bronchus,3880.0
2017,Alabama,cases,melanoma_skin,1320.0
2017,Alabama,cases,prostate,2410.0
2017,Alabama,cases,urinary_bladder,1090.0
2017,Alabama,cases,uterine_cervix,210.0
2017,Alabama,cases,uterine_corpus,720.0
2017,Alaska,cases,all_sites,3600.0
2017,Alaska,cases,colon_rectum,280.0
2017,Alaska,cases,female_breast,500.0
2017,Alaska,cases,hodgkin_lymphoma,140.0
2017,Alaska,cases,leukemia,100.0
2017,Alaska,cases,lung_bronchus,450.0
2017,Alaska,cases,melanoma_skin,130.0
2017,Alaska,cases,prostate,320.0
2017,Alaska,cases,urinary_bladder,150.0
2017,Alaska,cases,uterine_cervix,
2017,Alaska,cases,uterine_corpus,120.0
2017,Arizona,cases,all_sites,35810.0
2017,Arizona,cases,colon_rectum,2630.0
2017,Arizona,cases,female_breast,4870.0
2017,Arizona,cases,hodgkin_lymphoma,1410.0
2017,Arizona,cases,leukemia,1170.0
2017,Arizona,cases,lung_bronchus,3940.0
2017,Arizona,cases,melanoma_skin,2050.0
2017,Arizona,cases,prostate,2990.0
2017,Arizona,cases,urinary_bladder,1670.0
2017,Arizona,cases,uterine_cervix,240.0
2017,Arizona,cases,uterine_corpus,1110.0
2017,Arkansas,cases,all_sites,16040.0
2017,Arkansas,cases,colon_rectum,1390.0
2017,Arkansas,cases,female_breast,2100.0
2017,Arkansas,cases,hodgkin_lymphoma,660.0
2017,Arkansas,cases,leukemia,580.0
2017,Arkansas,cases,lung_bronchus,2620.0
2017,Arkansas,cases,melanoma_skin,610.0
2017,Arkansas,cases,prostate,1440.0
2017,Arkansas,cases,urinary_bladder,710.0
2017,Arkansas,cases,uterine_cervix,150.0
2017,Arkansas,cases,uterine_corpus,480.0
2017,California,cases,all_sites,176140.0
2017,California,cases,colon_rectum,13890.0
2017,California,cases,female_breast,27980.0
2017,California,cases,hodgkin_lymphoma,7880.0
2017,California,cases,leukemia,6740.0
2017,California,cases,lung_bronchus,18270.0
2017,California,cases,melanoma_skin,9180.0
2017,California,cases,prostate,14520.0
2017,California,cases,urinary_bladder,7500.0
2017,California,cases,uterine_cervix,1490.0
2017,California,cases,uterine_corpus,6280.0
2017,Colorado,cases,all_sites,24330.0
2017,Colorado,cases,colon_rectum,1770.0
2017,Colorado,cases,female_breast,3840.0
2017,Colorado,cases,hodgkin_lymphoma,1090.0
2017,Colorado,cases,leukemia,960.0
2017,Colorado,cases,lung_bronchus,2420.0
2017,Colorado,cases,melanoma_skin,1590.0
2017,Colorado,cases,prostate,2880.0
2017,Colorado,cases,urinary_bladder,1120.0
2017,Colorado,cases,uterine_cervix,170.0
2017,Colorado,cases,uterine_corpus,890.0
2017,Connecticut,cases,all_sites,21900.0
2017,Connecticut,cases,colon_rectum,1600.0
2017,Connecticut,cases,female_breast,3420.0
2017,Connecticut,cases,hodgkin_lymphoma,950.0
2017,Connecticut,cases,leukemia,800.0
2017,Connecticut,cases,lung_bronchus,2540.0
2017,Connecticut,cases,melanoma_skin,970.0
2017,Connecticut,cases,prostate,2140.0
2017,Connecticut,cases,urinary_bladder,1220.0
2017,Connecticut,cases,uterine_cervix,120.0
2017,Connecticut,cases,uterine_corpus,890.0
2017,Delaware,cases,all_sites,5660.0
2017,Delaware,cases,colon_rectum,440.0
2017,Delaware,cases,female_breast,840.0
2017,Delaware,cases,hodgkin_lymphoma,250.0
2017,Delaware,cases,leukemia,180.0
2017,Delaware,cases,lung_bronchus,850.0
2017,Delaware,cases,melanoma_skin,340.0
2017,Delaware,cases,prostate,590.0
2017,Delaware,cases,urinary_bladder,270.0
2017,Delaware,cases,uterine_cervix,
2017,Delaware,cases,uterine_corpus,200.0
2017,District of Columbia,cases,all_sites,3070.0
2017,District of Columbia,cases,colon_rectum,210.0
2017,District of Columbia,cases,female_breast,520.0
2017,District of Columbia,cases,hodgkin_lymphoma,110.0
2017,District of Columbia,cases,leukemia,90.0
2017,District of Columbia,cases,lung_bronchus,310.0
2017,District of Columbia,cases,melanoma_skin,120.0
2017,District of Columbia,cases,prostate,380.0
2017,District of Columbia,cases,urinary_bladder,90.0
2017,District of Columbia,cases,uterine_cervix,
2017,District of Columbia,cases,uterine_corpus,110.0
2017,Florida,cases,all_sites,124740.0
2017,Florida,cases,colon_rectum,9930.0
2017,Florida,cases,female_breast,18170.0
2017,Florida,cases,hodgkin_lymphoma,5410.0
2017,Florida,cases,leukemia,5070.0
2017,Florida,cases,lung_bronchus,19000.0
2017,Florida,cases,melanoma_skin,7610.0
2017,Florida,cases,prostate,12830.0
2017,Florida,cases,urinary_bladder,6430.0
2017,Florida,cases,uterine_cervix,1040.0
2017,Florida,cases,uterine_corpus,4230.0
2017,Georgia,cases,all_sites,48850.0
2017,Georgia,cases,colon_rectum,4040.0
2017,Georgia,cases,female_breast,7820.0
2017,Georgia,cases,hodgkin_lymphoma,1890.0
2017,Georgia,cases,leukemia,1550.0
2017,Georgia,cases,lung_bronchus,6610.0
2017,Georgia,cases,melanoma_skin,2930.0
2017,Georgia,cases,prostate,5410.0
2017,Georgia,cases,urinary_bladder,1880.0
2017,Georgia,cases,uterine_cervix,410.0
2017,Georgia,cases,uterine_corpus,1510.0
2017,Hawaii,cases,all_sites,6540.0
2017,Hawaii,cases,colon_rectum,660.0
2017,Hawaii,cases,female_breast,1120.0
2017,Hawaii,cases,hodgkin_lymphoma,260.0
2017,Hawaii,cases,leukemia,210.0
2017,Hawaii,cases,lung_bronchus,700.0
2017,Hawaii,cases,melanoma_skin,460.0
2017,Hawaii,cases,prostate,500.0
2017,Hawaii,cases,urinary_bladder,240.0
2017,Hawaii,cases,uterine_cervix,50.0
2017,Hawaii,cases,uterine_corpus,290.0
2017,Idaho,cases,all_sites,7310.0
2017,Idaho,cases,colon_rectum,610.0
2017,Idaho,cases,female_breast,1080.0
2017,Idaho,cases,hodgkin_lymphoma,370.0
2017,Idaho,cases,leukemia,310.0
2017,Idaho,cases,lung_bronchus,980.0
2017,Idaho,cases,melanoma_skin,550.0
2017,Idaho,cases,prostate,870.0
2017,Idaho,cases,urinary_bladder,480.0
2017,Idaho,cases,uterine_cervix,50.0
2017,Idaho,cases,uterine_corpus,290.0
2017,Illinois,cases,all_sites,64720.0
2017,Illinois,cases,colon_rectum,5580.0
2017,Illinois,cases,female_breast,10210.0
2017,Illinois,cases,hodgkin_lymphoma,2750.0
2017,Illinois,cases,leukemia,2350.0
2017,Illinois,cases,lung_bronchus,8600.0
2017,Illinois,cases,melanoma_skin,2810.0
2017,Illinois,cases,prostate,6410.0
2017,Illinois,cases,urinary_bladder,3070.0
2017,Illinois,cases,uterine_cervix,520.0
2017,Illinois,cases,uterine_corpus,2740.0
2017,Indiana,cases,all_sites,36440.0
2017,Indiana,cases,colon_rectum,3080.0
2017,Indiana,cases,female_breast,5140.0
2017,Indiana,cases,hodgkin_lymphoma,1560.0
2017,Indiana,cases,leukemia,1280.0
2017,Indiana,cases,lung_bronchus,5540.0
2017,Indiana,cases,melanoma_skin,1730.0
2017,Indiana,cases,prostate,3410.0
2017,Indiana,cases,urinary_bladder,1710.0
2017,Indiana,cases,uterine_cervix,290.0
2017,Indiana,cases,uterine_corpus,1370.0
2017,Iowa,cases,all_sites,17230.0
2017,Iowa,cases,colon_rectum,1510.0
2017,Iowa,cases,female_breast,2400.0
2017,Iowa,cases,hodgkin_lymphoma,800.0
2017,Iowa,cases,leukemia,760.0
2017,Iowa,cases,lung_bronchus,2410.0
2017,Iowa,cases,melanoma_skin,1020.0
2017,Iowa,cases,prostate,1430.0
2017,Iowa,cases,urinary_bladder,870.0
2017,Iowa,cases,uterine_cervix,100.0
2017,Iowa,cases,uterine_corpus,700.0
2017,Kansas,cases,all_sites,14400.0
2017,Kansas,cases,colon_rectum,1170.0
2017,Kansas,cases,female_breast,2180.0
2017,Kansas,cases,hodgkin_lymphoma,630.0
2017,Kansas,cases,leukemia,560.0
2017,Kansas,cases,lung_bronchus,1880.0
2017,Kansas,cases,melanoma_skin,830.0
2017,Kansas,cases,prostate,1320.0
2017,Kansas,cases,urinary_bladder,640.0
2017,Kansas,cases,uterine_cervix,110.0
2017,Kansas,cases,uterine_corpus,540.0
2017,Kentucky,cases,all_sites,26220.0
2017,Kentucky,cases,colon_rectum,2250.0
2017,Kentucky,cases,female_breast,3590.0
2017,Kentucky,cases,hodgkin_lymphoma,1070.0
2017,Kentucky,cases,leukemia,1050.0
2017,Kentucky,cases,lung_bronchus,4830.0
2017,Kentucky,cases,melanoma_skin,1410.0
2017,Kentucky,cases,prostate,2050.0
2017,Kentucky,cases,urinary_bladder,1190.0
2017,Kentucky,cases,uterine_cervix,210.0
2017,Kentucky,cases,uterine_corpus,830.0
2017,Louisiana,cases,all_sites,24220.0
2017,Louisiana,cases,colon_rectum,2150.0
2017,Louisiana,cases,female_breast,3320.0
2017,Louisiana,cases,hodgkin_lymphoma,990.0
2017,Louisiana,cases,leukemia,770.0
2017,Louisiana,cases,lung_bronchus,3510.0
2017,Louisiana,cases,melanoma_skin,960.0
2017,Louisiana,cases,prostate,2620.0
2017,Louisiana,cases,urinary_bladder,980.0
2017,Louisiana,cases,uterine_cervix,230.0
2017,Louisiana,cases,uterine_corpus,630.0
2017,Maine,cases,all_sites,8750.0
2017,Maine,cases,colon_rectum,710.0
2017,Maine,cases,female_breast,1350.0
2017,Maine,cases,hodgkin_lymphoma,380.0
2017,Maine,cases,leukemia,310.0
2017,Maine,cases,lung_bronchus,1380.0
2017,Maine,cases,melanoma_skin,450.0
2017,Maine,cases,prostate,720.0
2017,Maine,cases,urinary_bladder,570.0
2017,Maine,cases,uterine_cervix,
2017,Maine,cases,uterine_corpus,380.0
2017,Maryland,cases,all_sites,31820.0
2017,Maryland,cases,colon_rectum,2430.0
2017,Maryland,cases,female_breast,5250.0
2017,Maryland,cases,hodgkin_lymphoma,1260.0
2017,Maryland,cases,leukemia,1000.0
2017,Maryland,cases,lung_bronchus,4020.0
2017,Maryland,cases,melanoma_skin,1700.0
2017,Maryland,cases,prostate,3400.0
2017,Maryland,cases,urinary_bladder,1390.0
2017,Maryland,cases,uterine_cervix,220.0
2017,Maryland,cases,uterine_corpus,1200.0
2017,Massachusetts,cases,all_sites,37130.0
2017,Massachusetts,cases,colon_rectum,2760.0
2017,Massachusetts,cases,female_breast,5940.0
2017,Massachusetts,cases,hodgkin_lymphoma,1630.0
2017,Massachusetts,cases,leukemia,1220.0
2017,Massachusetts,cases,lung_bronchus,4890.0
2017,Massachusetts,cases,melanoma_skin,1890.0
2017,Massachusetts,cases,prostate,3930.0
2017,Massachusetts,cases,urinary_bladder,2050.0
2017,Massachusetts,cases,uterine_cervix,200.0
2017,Massachusetts,cases,uterine_corpus,1600.0
2017,Michigan,cases,all_sites,57600.0
2017,Michigan,cases,colon_rectum,4660.0
2017,Michigan,cases,female_breast,8160.0
2017,Michigan,cases,hodgkin_lymphoma,2480.0
2017,Michigan,cases,leukemia,2010.0
2017,Michigan,cases,lung_bronchus,8190.0
2017,Michigan,cases,melanoma_skin,2780.0
2017,Michigan,cases,prostate,5350.0
2017,Michigan,cases,urinary_bladder,3050.0
2017,Michigan,cases,uterine_cervix,370.0
2017,Michigan,cases,uterine_corpus,2320.0
2017,Minnesota,cases,all_sites,30000.0
2017,Minnesota,cases,colon_rectum,2170.0
2017,Minnesota,cases,female_breast,4230.0
2017,Minnesota,cases,hodgkin_lymphoma,1370.0
2017,Minnesota,cases,leukemia,1290.0
2017,Minnesota,cases,lung_bronchus,3620.0
2017,Minnesota,cases,melanoma_skin,1330.0
2017,Minnesota,cases,prostate,2750.0
2017,Minnesota,cases,urinary_bladder,1320.0
2017,Minnesota,cases,uterine_cervix,140.0
2017,Minnesota,cases,uterine_corpus,1080.0
2017,Mississippi,cases,all_sites,17290.0
2017,Mississippi,cases,colon_rectum,1520.0
2017,Mississippi,cases,female_breast,2340.0
2017,Mississippi,cases,hodgkin_lymphoma,560.0
2017,Mississippi,cases,leukemia,530.0
2017,Mississippi,cases,lung_bronchus,2570.0
2017,Mississippi,cases,melanoma_skin,560.0
2017,Mississippi,cases,prostate,1380.0
2017,Mississippi,cases,urinary_bladder,620.0
2017,Mississippi,cases,uterine_cervix,140.0
2017,Mississippi,cases,uterine_corpus,410.0
2017,Missouri,cases,all_sites,34400.0
2017,Missouri,cases,colon_rectum,2860.0
2017,Missouri,cases,female_breast,4930.0
2017,Missouri,cases,hodgkin_lymphoma,1420.0
2017,Missouri,cases,leukemia,1210.0
2017,Missouri,cases,lung_bronchus,5620.0
2017,Missouri,cases,melanoma_skin,1690.0
2017,Missouri,cases,prostate,2990.0
2017,Missouri,cases,urinary_bladder,1610.0
2017,Missouri,cases,uterine_cervix,240.0
2017,Missouri,cases,uterine_corpus,1250.0
2017,Montana,cases,all_sites,6140.0
2017,Montana,cases,colon_rectum,500.0
2017,Montana,cases,female_breast,900.0
2017,Montana,cases,hodgkin_lymphoma,280.0
2017,Montana,cases,leukemia,260.0
2017,Montana,cases,lung_bronchus,750.0
2017,Montana,cases,melanoma_skin,400.0
2017,Montana,cases,prostate,750.0
2017,Montana,cases,urinary_bladder,350.0
2017,Montana,cases,uterine_cervix,
2017,Montana,cases,uterine_corpus,220.0
2017,Nebraska,cases,all_sites,9520.0
2017,Nebraska,cases,colon_rectum,840.0
2017,Nebraska,cases,female_breast,1450.0
2017,Nebraska,cases,hodgkin_lymphoma,440.0
2017,Nebraska,cases,leukemia,380.0
2017,Nebraska,cases,lung_bronchus,1220.0
2017,Nebraska,cases,melanoma_skin,490.0
2017,Nebraska,cases,prostate,840.0
2017,Nebraska,cases,urinary_bladder,450.0
2017,Nebraska,cases,uterine_cervix,60.0
2017,Nebraska,cases,uterine_corpus,380.0
2017,Nevada,cases,all_sites,13840.0
2017,Nevada,cases,colon_rectum,1160.0
2017,Nevada,cases,female_breast,2010.0
2017,Nevada,cases,hodgkin_lymphoma,560.0
2017,Nevada,cases,leukemia,460.0
2017,Nevada,cases,lung_bronchus,1680.0
2017,Nevada,cases,melanoma_skin,560.0
2017,Nevada,cases,prostate,1190.0
2017,Nevada,cases,urinary_bladder,700.0
2017,Nevada,cases,uterine_cervix,110.0
2017,Nevada,cases,uterine_corpus,400.0
2017,New Hampshire,cases,all_sites,8670.0
2017,New Hampshire,cases,colon_rectum,620.0
2017,New Hampshire,cases,female_breast,1260.0
2017,New Hampshire,cases,hodgkin_lymphoma,340.0
2017,New Hampshire,cases,leukemia,290.0
2017,New Hampshire,cases,lung_bronchus,1150.0
2017,New Hampshire,cases,melanoma_skin,470.0
2017,New Hampshire,cases,prostate,770.0
2017,New Hampshire,cases,urinary_bladder,520.0
2017,New Hampshire,cases,uterine_cervix,
2017,New Hampshire,cases,uterine_corpus,350.0
2017,New Jersey,cases,all_sites,51680.0
2017,New Jersey,cases,colon_rectum,4000.0
2017,New Jersey,cases,female_breast,7890.0
2017,New Jersey,cases,hodgkin_lymphoma,2380.0
2017,New Jersey,cases,leukemia,1990.0
2017,New Jersey,cases,lung_bronchus,5540.0
2017,New Jersey,cases,melanoma_skin,2790.0
2017,New Jersey,cases,prostate,5180.0
2017,New Jersey,cases,urinary_bladder,2560.0
2017,New Jersey,cases,uterine_cervix,360.0
2017,New Jersey,cases,uterine_corpus,2100.0
2017,New Mexico,cases,all_sites,10040.0
2017,New Mexico,cases,colon_rectum,800.0
2017,New Mexico,cases,female_breast,1410.0
2017,New Mexico,cases,hodgkin_lymphoma,400.0
2017,New Mexico,cases,leukemia,370.0
2017,New Mexico,cases,lung_bronchus,1010.0
2017,New Mexico,cases,melanoma_skin,490.0
2017,New Mexico,cases,prostate,960.0
2017,New Mexico,cases,urinary_bladder,390.0
2017,New Mexico,cases,uterine_cervix,80.0
2017,New Mexico,cases,uterine_corpus,350.0
2017,New York,cases,all_sites,107530.0
2017,New York,cases,colon_rectum,8490.0
2017,New York,cases,female_breast,16310.0
2017,New York,cases,hodgkin_lymphoma,4760.0
2017,New York,cases,leukemia,4320.0
2017,New York,cases,lung_bronchus,12700.0
2017,New York,cases,melanoma_skin,4900.0
2017,New York,cases,prostate,10060.0
2017,New York,cases,urinary_bladder,5410.0
2017,New York,cases,uterine_cervix,810.0
2017,New York,cases,uterine_corpus,4420.0
2017,North Carolina,cases,all_sites,56900.0
2017,North Carolina,cases,colon_rectum,4290.0
2017,North Carolina,cases,female_breast,8580.0
2017,North Carolina,cases,hodgkin_lymphoma,2180.0
2017,North Carolina,cases,leukemia,1970.0
2017,North Carolina,cases,lung_bronchus,7940.0
2017,North Carolina,cases,melanoma_skin,3060.0
2017,North Carolina,cases,prostate,5560.0
2017,North Carolina,cases,urinary_bladder,2500.0
2017,North Carolina,cases,uterine_cervix,400.0
2017,North Carolina,cases,uterine_corpus,1810.0
2017,North Dakota,cases,all_sites,4180.0
2017,North Dakota,cases,colon_rectum,330.0
2017,North Dakota,cases,female_breast,550.0
2017,North Dakota,cases,hodgkin_lymphoma,170.0
2017,North Dakota,cases,leukemia,150.0
2017,North Dakota,cases,lung_bronchus,480.0
2017,North Dakota,cases,melanoma_skin,210.0
2017,North Dakota,cases,prostate,360.0
2017,North Dakota,cases,urinary_bladder,200.0
2017,North Dakota,cases,uterine_cervix,
2017,North Dakota,cases,uterine_corpus,140.0
2017,Ohio,cases,all_sites,68180.0
2017,Ohio,cases,colon_rectum,5510.0
2017,Ohio,cases,female_breast,9430.0
2017,Ohio,cases,hodgkin_lymphoma,2860.0
2017,Ohio,cases,leukemia,2270.0
2017,Ohio,cases,lung_bronchus,10660.0
2017,Ohio,cases,melanoma_skin,3140.0
2017,Ohio,cases,prostate,5840.0
2017,Ohio,cases,urinary_bladder,3360.0
2017,Ohio,cases,uterine_cervix,460.0
2017,Ohio,cases,uterine_corpus,2670.0
2017,Oklahoma,cases,all_sites,18710.0
2017,Oklahoma,cases,colon_rectum,1610.0
2017,Oklahoma,cases,female_breast,2690.0
2017,Oklahoma,cases,hodgkin_lymphoma,840.0
2017,Oklahoma,cases,leukemia,760.0
2017,Oklahoma,cases,lung_bronchus,3050.0
2017,Oklahoma,cases,melanoma_skin,790.0
2017,Oklahoma,cases,prostate,1700.0
2017,Oklahoma,cases,urinary_bladder,860.0
2017,Oklahoma,cases,uterine_cervix,170.0
2017,Oklahoma,cases,uterine_corpus,590.0
2017,Oregon,cases,all_sites,21780.0
2017,Oregon,cases,colon_rectum,1620.0
2017,Oregon,cases,female_breast,3450.0
2017,Oregon,cases,hodgkin_lymphoma,970.0
2017,Oregon,cases,leukemia,730.0
2017,Oregon,cases,lung_bronchus,2900.0
2017,Oregon,cases,melanoma_skin,1580.0
2017,Oregon,cases,prostate,2060.0
2017,Oregon,cases,urinary_bladder,1070.0
2017,Oregon,cases,uterine_cervix,140.0
2017,Oregon,cases,uterine_corpus,870.0
2017,Pennsylvania,cases,all_sites,77710.0
2017,Pennsylvania,cases,colon_rectum,6300.0
2017,Pennsylvania,cases,female_breast,11300.0
2017,Pennsylvania,cases,hodgkin_lymphoma,3310.0
2017,Pennsylvania,cases,leukemia,2800.0
2017,Pennsylvania,cases,lung_bronchus,9930.0
2017,Pennsylvania,cases,melanoma_skin,4140.0
2017,Pennsylvania,cases,prostate,7320.0
2017,Pennsylvania,cases,urinary_bladder,4190.0
2017,Pennsylvania,cases,uterine_cervix,520.0
2017,Pennsylvania,cases,uterine_corpus,3270.0
2017,Rhode Island,cases,all_sites,5870.0
2017,Rhode Island,cases,colon_rectum,480.0
2017,Rhode Island,cases,female_breast,930.0
2017,Rhode Island,cases,hodgkin_lymphoma,260.0
2017,Rhode Island,cases,leukemia,190.0
2017,Rhode Island,cases,lung_bronchus,860.0
2017,Rhode Island,cases,melanoma_skin,270.0
2017,Rhode Island,cases,prostate,780.0
2017,Rhode Island,cases,urinary_bladder,350.0
2017,Rhode Island,cases,uterine_cervix,
2017,Rhode Island,cases,uterine_corpus,250.0
2017,South Carolina,cases,all_sites,28680.0
2017,South Carolina,cases,colon_rectum,2270.0
2017,South Carolina,cases,female_breast,4250.0
2017,South Carolina,cases,hodgkin_lymphoma,1120.0
2017,South Carolina,cases,leukemia,990.0
2017,South Carolina,cases,lung_bronchus,4320.0
2017,South Carolina,cases,melanoma_skin,1740.0
2017,South Carolina,cases,prostate,3250.0
2017,South Carolina,cases,urinary_bladder,1260.0
2017,South Carolina,cases,uterine_cervix,210.0
2017,South Carolina,cases,uterine_corpus,890.0
2017,South Dakota,cases,all_sites,4920.0
2017,South Dakota,cases,colon_rectum,410.0
2017,South Dakota,cases,female_breast,690.0
2017,South Dakota,cases,hodgkin_lymphoma,210.0
2017,South Dakota,cases,leukemia,200.0
2017,South Dakota,cases,lung_bronchus,590.0
2017,South Dakota,cases,melanoma_skin,240.0
2017,South Dakota,cases,prostate,430.0
2017,South Dakota,cases,urinary_bladder,240.0
2017,South Dakota,cases,uterine_cervix,
2017,South Dakota,cases,uterine_corpus,180.0
2017,Tennessee,cases,all_sites,37080.0
2017,Tennessee,cases,colon_rectum,3080.0
2017,Tennessee,cases,female_breast,5510.0
2017,Tennessee,cases,hodgkin_lymphoma,1490.0
2017,Tennessee,cases,leukemia,1300.0
2017,Tennessee,cases,lung_bronchus,5830.0
2017,Tennessee,cases,melanoma_skin,1840.0
2017,Tennessee,cases,prostate,2830.0
2017,Tennessee,cases,urinary_bladder,1620.0
2017,Tennessee,cases,uterine_cervix,290.0
2017,Tennessee,cases,uterine_corpus,1090.0
2017,Texas,cases,all_sites,116200.0
2017,Texas,cases,colon_rectum,9690.0
2017,Texas,cases,female_breast,17060.0
2017,Texas,cases,hodgkin_lymphoma,5250.0
2017,Texas,cases,leukemia,4550.0
2017,Texas,cases,lung_bronchus,14560.0
2017,Texas,cases,melanoma_skin,4240.0
2017,Texas,cases,prostate,12550.0
2017,Texas,cases,urinary_bladder,4270.0
2017,Texas,cases,uterine_cervix,1300.0
2017,Texas,cases,uterine_corpus,3890.0
2017,US,cases,all_sites,1688780.0
2017,US,cases,colon_rectum,135430.0
2017,US,cases,female_breast,252710.0
2017,US,cases,hodgkin_lymphoma,72240.0
2017,US,cases,leukemia,62130.0
2017,US,cases,lung_bronchus,222500.0
2017,US,cases,melanoma_skin,87110.0
2017,US,cases,prostate,161360.0
2017,US,cases,urinary_bladder,79030.0
2017,US,cases,uterine_cervix,12820.0
2017,US,cases,uterine_corpus,61380.0
2017,Utah,cases,all_sites,10990.0
2017,Utah,cases,colon_rectum,740.0
2017,Utah,cases,female_breast,1460.0
2017,Utah,cases,hodgkin_lymphoma,490.0
2017,Utah,cases,leukemia,460.0
2017,Utah,cases,lung_bronchus,850.0
2017,Utah,cases,melanoma_skin,950.0
2017,Utah,cases,prostate,1240.0
2017,Utah,cases,urinary_bladder,430.0
2017,Utah,cases,uterine_cervix,70.0
2017,Utah,cases,uterine_corpus,400.0
2017,Vermont,cases,all_sites,4000.0
2017,Vermont,cases,colon_rectum,280.0
2017,Vermont,cases,female_breast,580.0
2017,Vermont,cases,hodgkin_lymphoma,170.0
2017,Vermont,cases,leukemia,110.0
2017,Vermont,cases,lung_bronchus,510.0
2017,Vermont,cases,melanoma_skin,220.0
2017,Vermont,cases,prostate,380.0
2017,Vermont,cases,urinary_bladder,240.0
2017,Vermont,cases,uterine_cervix,
2017,Vermont,cases,uterine_corpus,160.0
2017,Virginia,cases,all_sites,42770.0
2017,Virginia,cases,colon_rectum,3260.0
2017,Virginia,cases,female_breast,7020.0
2017,Virginia,cases,hodgkin_lymphoma,1720.0
2017,Virginia,cases,leukemia,1380.0
2017,Virginia,cases,lung_bronchus,5400.0
2017,Virginia,cases,melanoma_skin,2500.0
2017,Virginia,cases,prostate,3950.0
2017,Virginia,cases,urinary_bladder,1870.0
2017,Virginia,cases,uterine_cervix,280.0
2017,Virginia,cases,uterine_corpus,1490.0
2017,Washington,cases,all_sites,35560.0
2017,Washington,cases,colon_rectum,2720.0
2017,Washington,cases,female_breast,5950.0
2017,Washington,cases,hodgkin_lymphoma,1740.0
2017,Washington,cases,leukemia,1390.0
2017,Washington,cases,lung_bronchus,4390.0
2017,Washington,cases,melanoma_skin,2590.0
2017,Washington,cases,prostate,3580.0
2017,Washington,cases,urinary_bladder,1830.0
2017,Washington,cases,uterine_cervix,250.0
2017,Washington,cases,uterine_corpus,1380.0
2017,West Virginia,cases,all_sites,11690.0
2017,West Virginia,cases,colon_rectum,1050.0
2017,West Virginia,cases,female_breast,1520.0
2017,West Virginia,cases,hodgkin_lymphoma,480.0
2017,West Virginia,cases,leukemia,410.0
2017,West Virginia,cases,lung_bronchus,1980.0
2017,West Virginia,cases,melanoma_skin,700.0
2017,West Virginia,cases,prostate,840.0
2017,West Virginia,cases,urinary_bladder,610.0
2017,West Virginia,cases,uterine_cervix,80.0
2017,West Virginia,cases,uterine_corpus,450.0
2017,Wisconsin,cases,all_sites,32990.0
2017,Wisconsin,cases,colon_rectum,2650.0
2017,Wisconsin,cases,female_breast,4850.0
2017,Wisconsin,cases,hodgkin_lymphoma,1380.0
2017,Wisconsin,cases,leukemia,1460.0
2017,Wisconsin,cases,lung_bronchus,4280.0
2017,Wisconsin,cases,melanoma_skin,1590.0
2017,Wisconsin,cases,prostate,3570.0
2017,Wisconsin,cases,urinary_bladder,1670.0
2017,Wisconsin,cases,uterine_cervix,180.0
2017,Wisconsin,cases,uterine_corpus,1360.0
2017,Wyoming,cases,all_sites,2780.0
2017,Wyoming,cases,colon_rectum,220.0
2017,Wyoming,cases,female_breast,410.0
2017,Wyoming,cases,hodgkin_lymphoma,120.0
2017,Wyoming,cases,leukemia,100.0
2017,Wyoming,cases,lung_bronchus,320.0
2017,Wyoming,cases,melanoma_skin,190.0
2017,Wyoming,cases,prostate,320.0
2017,Wyoming,cases,urinary_bladder,150.0
2017,Wyoming,cases,uterine_cervix,
2017,Wyoming,cases,uterine_corpus,100.0
2017,Alabama,deaths,all_sites,10530.0
2017,Alabama,deaths,brain_nervous_system,320.0
2017,Alabama,deaths,colon_rectum,940.0
2017,Alabama,deaths,female_breast,650.0
2017,Alabama,deaths,hodgkin_lymphoma,320.0
2017,Alabama,deaths,leukemia,420.0
2017,Alabama,deaths,liver,470.0
2017,Alabama,deaths,lung_bronchus,3200.0
2017,Alabama,deaths,ovary,250.0
2017,Alabama,deaths,pancreas,710.0
2017,Alabama,deaths,prostate,450.0
2017,Alaska,deaths,all_sites,1070.0
2017,Alaska,deaths,brain_nervous_system,
2017,Alaska,deaths,colon_rectum,100.0
2017,Alaska,deaths,female_breast,70.0
2017,Alaska,deaths,hodgkin_lymphoma,
2017,Alaska,deaths,leukemia,
2017,Alaska,deaths,liver,60.0
2017,Alaska,deaths,lung_bronchus,280.0
2017,Alaska,deaths,ovary,
2017,Alaska,deaths,pancreas,80.0
2017,Alaska,deaths,prostate,50.0
2017,Arizona,deaths,all_sites,12050.0
2017,Arizona,deaths,brain_nervous_system,380.0
2017,Arizona,deaths,colon_rectum,1020.0
2017,Arizona,deaths,female_breast,810.0
2017,Arizona,deaths,hodgkin_lymphoma,430.0
2017,Arizona,deaths,leukemia,550.0
2017,Arizona,deaths,liver,660.0
2017,Arizona,deaths,lung_bronchus,2820.0
2017,Arizona,deaths,ovary,310.0
2017,Arizona,deaths,pancreas,930.0
2017,Arizona,deaths,prostate,600.0
2017,Arkansas,deaths,all_sites,6800.0
2017,Arkansas,deaths,brain_nervous_system,180.0
2017,Arkansas,deaths,colon_rectum,600.0
2017,Arkansas,deaths,female_breast,420.0
2017,Arkansas,deaths,hodgkin_lymphoma,210.0
2017,Arkansas,deaths,leukemia,250.0
2017,Arkansas,deaths,liver,280.0
2017,Arkansas,deaths,lung_bronchus,2160.0
2017,Arkansas,deaths,ovary,150.0
2017,Arkansas,deaths,pancreas,430.0
2017,Arkansas,deaths,prostate,260.0
2017,California,deaths,all_sites,59400.0
2017,California,deaths,brain_nervous_system,1830.0
2017,California,deaths,colon_rectum,5240.0
2017,California,deaths,female_breast,4440.0
2017,California,deaths,hodgkin_lymphoma,2140.0
2017,California,deaths,leukemia,2610.0
2017,California,deaths,liver,3750.0
2017,California,deaths,lung_bronchus,12000.0
2017,California,deaths,ovary,1530.0
2017,California,deaths,pancreas,4510.0
2017,California,deaths,prostate,3130.0
2017,Colorado,deaths,all_sites,7840.0
2017,Colorado,deaths,brain_nervous_system,270.0
2017,Colorado,deaths,colon_rectum,660.0
2017,Colorado,deaths,female_breast,570.0
2017,Colorado,deaths,hodgkin_lymphoma,260.0
2017,Colorado,deaths,leukemia,340.0
2017,Colorado,deaths,liver,380.0
2017,Colorado,deaths,lung_bronchus,1640.0
2017,Colorado,deaths,ovary,240.0
2017,Colorado,deaths,pancreas,580.0
2017,Colorado,deaths,prostate,450.0
2017,Connecticut,deaths,all_sites,6610.0
2017,Connecticut,deaths,brain_nervous_system,190.0
2017,Connecticut,deaths,colon_rectum,450.0
2017,Connecticut,deaths,female_breast,430.0
2017,Connecticut,deaths,hodgkin_lymphoma,230.0
2017,Connecticut,deaths,leukemia,300.0
2017,Connecticut,deaths,liver,300.0
2017,Connecticut,deaths,lung_bronchus,1630.0
2017,Connecticut,deaths,ovary,170.0
2017,Connecticut,deaths,pancreas,490.0
2017,Connecticut,deaths,prostate,310.0
2017,Delaware,deaths,all_sites,2050.0
2017,Delaware,deaths,brain_nervous_system,50.0
2017,Delaware,deaths,colon_rectum,150.0
2017,Delaware,deaths,female_breast,130.0
2017,Delaware,deaths,hodgkin_lymphoma,70.0
2017,Delaware,deaths,leukemia,70.0
2017,Delaware,deaths,liver,110.0
2017,Delaware,deaths,lung_bronchus,590.0
2017,Delaware,deaths,ovary,50.0
2017,Delaware,deaths,pancreas,150.0
2017,Delaware,deaths,prostate,90.0
2017,District of Columbia,deaths,all_sites,1060.0
2017,District of Columbia,deaths,brain_nervous_system,
2017,District of Columbia,deaths,colon_rectum,90.0
2017,District of Columbia,deaths,female_breast,100.0
2017,District of Columbia,deaths,hodgkin_lymphoma,
2017,District of Columbia,deaths,leukemia,
2017,District of Columbia,deaths,liver,90.0
2017,District of Columbia,deaths,lung_bronchus,220.0
2017,District of Columbia,deaths,ovary,
2017,District of Columbia,deaths,pancreas,100.0
2017,District of Columbia,deaths,prostate,70.0
2017,Florida,deaths,all_sites,43870.0
2017,Florida,deaths,brain_nervous_system,1250.0
2017,Florida,deaths,colon_rectum,3620.0
2017,Florida,deaths,female_breast,2910.0
2017,Florida,deaths,hodgkin_lymphoma,1510.0
2017,Florida,deaths,leukemia,1800.0
2017,Florida,deaths,liver,2020.0
2017,Florida,deaths,lung_bronchus,11790.0
2017,Florida,deaths,ovary,970.0
2017,Florida,deaths,pancreas,3170.0
2017,Florida,deaths,prostate,2050.0
2017,Georgia,deaths,all_sites,17280.0
2017,Georgia,deaths,brain_nervous_system,490.0
2017,Georgia,deaths,colon_rectum,1540.0
2017,Georgia,deaths,female_breast,1320.0
2017,Georgia,deaths,hodgkin_lymphoma,510.0
2017,Georgia,deaths,leukemia,620.0
2017,Georgia,deaths,liver,850.0
2017,Georgia,deaths,lung_bronchus,4720.0
2017,Georgia,deaths,ovary,420.0
2017,Georgia,deaths,pancreas,1160.0
2017,Georgia,deaths,prostate,780.0
2017,Hawaii,deaths,all_sites,2520.0
2017,Hawaii,deaths,brain_nervous_system,50.0
2017,Hawaii,deaths,colon_rectum,240.0
2017,Hawaii,deaths,female_breast,140.0
2017,Hawaii,deaths,hodgkin_lymphoma,100.0
2017,Hawaii,deaths,leukemia,90.0
2017,Hawaii,deaths,liver,170.0
2017,Hawaii,deaths,lung_bronchus,590.0
2017,Hawaii,deaths,ovary,50.0
2017,Hawaii,deaths,pancreas,220.0
2017,Hawaii,deaths,prostate,100.0
2017,Idaho,deaths,all_sites,2900.0
2017,Idaho,deaths,brain_nervous_system,100.0
2017,Idaho,deaths,colon_rectum,250.0
2017,Idaho,deaths,female_breast,190.0
2017,Idaho,deaths,hodgkin_lymphoma,110.0
2017,Idaho,deaths,leukemia,110.0
2017,Idaho,deaths,liver,120.0
2017,Idaho,deaths,lung_bronchus,680.0
2017,Idaho,deaths,ovary,70.0
2017,Idaho,deaths,pancreas,230.0
2017,Idaho,deaths,prostate,170.0
2017,Illinois,deaths,all_sites,24040.0
2017,Illinois,deaths,brain_nervous_system,610.0
2017,Illinois,deaths,colon_rectum,2030.0
2017,Illinois,deaths,female_breast,1680.0
2017,Illinois,deaths,hodgkin_lymphoma,790.0
2017,Illinois,deaths,leukemia,990.0
2017,Illinois,deaths,liver,1040.0
2017,Illinois,deaths,lung_bronchus,6470.0
2017,Illinois,deaths,ovary,570.0
2017,Illinois,deaths,pancreas,1650.0
2017,Illinois,deaths,prostate,1040.0
2017,Indiana,deaths,all_sites,13590.0
2017,Indiana,deaths,brain_nervous_system,350.0
2017,Indiana,deaths,colon_rectum,1110.0
2017,Indiana,deaths,female_breast,860.0
2017,Indiana,deaths,hodgkin_lymphoma,450.0
2017,Indiana,deaths,leukemia,550.0
2017,Indiana,deaths,liver,520.0
2017,Indiana,deaths,lung_bronchus,4030.0
2017,Indiana,deaths,ovary,300.0
2017,Indiana,deaths,pancreas,900.0
2017,Indiana,deaths,prostate,550.0
2017,Iowa,deaths,all_sites,6460.0
2017,Iowa,deaths,brain_nervous_system,190.0
2017,Iowa,deaths,colon_rectum,570.0
2017,Iowa,deaths,female_breast,380.0
2017,Iowa,deaths,hodgkin_lymphoma,240.0
2017,Iowa,deaths,leukemia,260.0
2017,Iowa,deaths,liver,240.0
2017,Iowa,deaths,lung_bronchus,1740.0
2017,Iowa,deaths,ovary,150.0
2017,Iowa,deaths,pancreas,440.0
2017,Iowa,deaths,prostate,280.0
2017,Kansas,deaths,all_sites,5440.0
2017,Kansas,deaths,brain_nervous_system,170.0
2017,Kansas,deaths,colon_rectum,470.0
2017,Kansas,deaths,female_breast,330.0
2017,Kansas,deaths,hodgkin_lymphoma,180.0
2017,Kansas,deaths,leukemia,260.0
2017,Kansas,deaths,liver,230.0
2017,Kansas,deaths,lung_bronchus,1500.0
2017,Kansas,deaths,ovary,120.0
2017,Kansas,deaths,pancreas,400.0
2017,Kansas,deaths,prostate,230.0
2017,Kentucky,deaths,all_sites,10400.0
2017,Kentucky,deaths,brain_nervous_system,250.0
2017,Kentucky,deaths,colon_rectum,830.0
2017,Kentucky,deaths,female_breast,590.0
2017,Kentucky,deaths,hodgkin_lymphoma,330.0
2017,Kentucky,deaths,leukemia,390.0
2017,Kentucky,deaths,liver,400.0
2017,Kentucky,deaths,lung_bronchus,3560.0
2017,Kentucky,deaths,ovary,200.0
2017,Kentucky,deaths,pancreas,640.0
2017,Kentucky,deaths,prostate,340.0
2017,Louisiana,deaths,all_sites,9240.0
2017,Louisiana,deaths,brain_nervous_system,220.0
2017,Louisiana,deaths,colon_rectum,830.0
2017,Louisiana,deaths,female_breast,620.0
2017,Louisiana,deaths,hodgkin_lymphoma,300.0
2017,Louisiana,deaths,leukemia,320.0
2017,Louisiana,deaths,liver,520.0
2017,Louisiana,deaths,lung_bronchus,2610.0
2017,Louisiana,deaths,ovary,170.0
2017,Louisiana,deaths,pancreas,700.0
2017,Louisiana,deaths,prostate,370.0
2017,Maine,deaths,all_sites,3260.0
2017,Maine,deaths,brain_nervous_system,100.0
2017,Maine,deaths,colon_rectum,220.0
2017,Maine,deaths,female_breast,170.0
2017,Maine,deaths,hodgkin_lymphoma,110.0
2017,Maine,deaths,leukemia,130.0
2017,Maine,deaths,liver,120.0
2017,Maine,deaths,lung_bronchus,960.0
2017,Maine,deaths,ovary,60.0
2017,Maine,deaths,pancreas,220.0
2017,Maine,deaths,prostate,140.0
2017,Maryland,deaths,all_sites,10650.0
2017,Maryland,deaths,brain_nervous_system,280.0
2017,Maryland,deaths,colon_rectum,860.0
2017,Maryland,deaths,female_breast,820.0
2017,Maryland,deaths,hodgkin_lymphoma,340.0
2017,Maryland,deaths,leukemia,410.0
2017,Maryland,deaths,liver,560.0
2017,Maryland,deaths,lung_bronchus,2630.0
2017,Maryland,deaths,ovary,260.0
2017,Maryland,deaths,pancreas,840.0
2017,Maryland,deaths,prostate,470.0
2017,Massachusetts,deaths,all_sites,12620.0
2017,Massachusetts,deaths,brain_nervous_system,350.0
2017,Massachusetts,deaths,colon_rectum,910.0
2017,Massachusetts,deaths,female_breast,760.0
2017,Massachusetts,deaths,hodgkin_lymphoma,410.0
2017,Massachusetts,deaths,leukemia,540.0
2017,Massachusetts,deaths,liver,670.0
2017,Massachusetts,deaths,lung_bronchus,3270.0
2017,Massachusetts,deaths,ovary,320.0
2017,Massachusetts,deaths,pancreas,950.0
2017,Massachusetts,deaths,prostate,550.0
2017,Michigan,deaths,all_sites,21050.0
2017,Michigan,deaths,brain_nervous_system,570.0
2017,Michigan,deaths,colon_rectum,1680.0
2017,Michigan,deaths,female_breast,1410.0
2017,Michigan,deaths,hodgkin_lymphoma,760.0
2017,Michigan,deaths,leukemia,830.0
2017,Michigan,deaths,liver,860.0
2017,Michigan,deaths,lung_bronchus,5650.0
2017,Michigan,deaths,ovary,500.0
2017,Michigan,deaths,pancreas,1560.0
2017,Michigan,deaths,prostate,830.0
2017,Minnesota,deaths,all_sites,9860.0
2017,Minnesota,deaths,brain_nervous_system,280.0
2017,Minnesota,deaths,colon_rectum,760.0
2017,Minnesota,deaths,female_breast,610.0
2017,Minnesota,deaths,hodgkin_lymphoma,390.0
2017,Minnesota,deaths,leukemia,480.0
2017,Minnesota,deaths,liver,390.0
2017,Minnesota,deaths,lung_bronchus,2450.0
2017,Minnesota,deaths,ovary,230.0
2017,Minnesota,deaths,pancreas,710.0
2017,Minnesota,deaths,prostate,470.0
2017,Mississippi,deaths,all_sites,6560.0
2017,Mississippi,deaths,brain_nervous_system,220.0
2017,Mississippi,deaths,colon_rectum,650.0
2017,Mississippi,deaths,female_breast,420.0
2017,Mississippi,deaths,hodgkin_lymphoma,170.0
2017,Mississippi,deaths,leukemia,230.0
2017,Mississippi,deaths,liver,300.0
2017,Mississippi,deaths,lung_bronchus,1940.0
2017,Mississippi,deaths,ovary,110.0
2017,Mississippi,deaths,pancreas,460.0
2017,Mississippi,deaths,prostate,280.0
2017,Missouri,deaths,all_sites,14380.0
2017,Missouri,deaths,brain_nervous_system,330.0
2017,Missouri,deaths,colon_rectum,1070.0
2017,Missouri,deaths,female_breast,860.0
2017,Missouri,deaths,hodgkin_lymphoma,390.0
2017,Missouri,deaths,leukemia,550.0
2017,Missouri,deaths,liver,580.0
2017,Missouri,deaths,lung_bronchus,4030.0
2017,Missouri,deaths,ovary,250.0
2017,Missouri,deaths,pancreas,910.0
2017,Missouri,deaths,prostate,500.0
2017,Montana,deaths,all_sites,2030.0
2017,Montana,deaths,brain_nervous_system,60.0
2017,Montana,deaths,colon_rectum,170.0
2017,Montana,deaths,female_breast,130.0
2017,Montana,deaths,hodgkin_lymphoma,70.0
2017,Montana,deaths,leukemia,80.0
2017,Montana,deaths,liver,80.0
2017,Montana,deaths,lung_bronchus,510.0
2017,Montana,deaths,ovary,50.0
2017,Montana,deaths,pancreas,140.0
2017,Montana,deaths,prostate,120.0
2017,Nebraska,deaths,all_sites,3520.0
2017,Nebraska,deaths,brain_nervous_system,110.0
2017,Nebraska,deaths,colon_rectum,330.0
2017,Nebraska,deaths,female_breast,230.0
2017,Nebraska,deaths,hodgkin_lymphoma,120.0
2017,Nebraska,deaths,leukemia,150.0
2017,Nebraska,deaths,liver,130.0
2017,Nebraska,deaths,lung_bronchus,900.0
2017,Nebraska,deaths,ovary,70.0
2017,Nebraska,deaths,pancreas,250.0
2017,Nebraska,deaths,prostate,180.0
2017,Nevada,deaths,all_sites,5200.0
2017,Nevada,deaths,brain_nervous_system,150.0
2017,Nevada,deaths,colon_rectum,500.0
2017,Nevada,deaths,female_breast,380.0
2017,Nevada,deaths,hodgkin_lymphoma,160.0
2017,Nevada,deaths,leukemia,200.0
2017,Nevada,deaths,liver,230.0
2017,Nevada,deaths,lung_bronchus,1400.0
2017,Nevada,deaths,ovary,120.0
2017,Nevada,deaths,pancreas,360.0
2017,Nevada,deaths,prostate,270.0
2017,New Hampshire,deaths,all_sites,2710.0
2017,New Hampshire,deaths,brain_nervous_system,80.0
2017,New Hampshire,deaths,colon_rectum,200.0
2017,New Hampshire,deaths,female_breast,170.0
2017,New Hampshire,deaths,hodgkin_lymphoma,80.0
2017,New Hampshire,deaths,leukemia,110.0
2017,New Hampshire,deaths,liver,90.0
2017,New Hampshire,deaths,lung_bronchus,760.0
2017,New Hampshire,deaths,ovary,60.0
2017,New Hampshire,deaths,pancreas,200.0
2017,New Hampshire,deaths,prostate,120.0
2017,New Jersey,deaths,all_sites,15880.0
2017,New Jersey,deaths,brain_nervous_system,420.0
2017,New Jersey,deaths,colon_rectum,1420.0
2017,New Jersey,deaths,female_breast,1250.0
2017,New Jersey,deaths,hodgkin_lymphoma,510.0
2017,New Jersey,deaths,leukemia,640.0
2017,New Jersey,deaths,liver,700.0
2017,New Jersey,deaths,lung_bronchus,3760.0
2017,New Jersey,deaths,ovary,410.0
2017,New Jersey,deaths,pancreas,1270.0
2017,New Jersey,deaths,prostate,700.0
2017,New Mexico,deaths,all_sites,3630.0
2017,New Mexico,deaths,brain_nervous_system,90.0
2017,New Mexico,deaths,colon_rectum,340.0
2017,New Mexico,deaths,female_breast,250.0
2017,New Mexico,deaths,hodgkin_lymphoma,110.0
2017,New Mexico,deaths,leukemia,150.0
2017,New Mexico,deaths,liver,220.0
2017,New Mexico,deaths,lung_bronchus,760.0
2017,New Mexico,deaths,ovary,100.0
2017,New Mexico,deaths,pancreas,250.0
2017,New Mexico,deaths,prostate,200.0
2017,New York,deaths,all_sites,35960.0
2017,New York,deaths,brain_nervous_system,910.0
2017,New York,deaths,colon_rectum,2870.0
2017,New York,deaths,female_breast,2410.0
2017,New York,deaths,hodgkin_lymphoma,1210.0
2017,New York,deaths,leukemia,1460.0
2017,New York,deaths,liver,1680.0
2017,New York,deaths,lung_bronchus,8660.0
2017,New York,deaths,ovary,910.0
2017,New York,deaths,pancreas,2750.0
2017,New York,deaths,prostate,1560.0
2017,North Carolina,deaths,all_sites,20020.0
2017,North Carolina,deaths,brain_nervous_system,600.0
2017,North Carolina,deaths,colon_rectum,1530.0
2017,North Carolina,deaths,female_breast,1360.0
2017,North Carolina,deaths,hodgkin_lymphoma,620.0
2017,North Carolina,deaths,leukemia,760.0
2017,North Carolina,deaths,liver,940.0
2017,North Carolina,deaths,lung_bronchus,5830.0
2017,North Carolina,deaths,ovary,440.0
2017,North Carolina,deaths,pancreas,1350.0
2017,North Carolina,deaths,prostate,840.0
2017,North Dakota,deaths,all_sites,1290.0
2017,North Dakota,deaths,brain_nervous_system,
2017,North Dakota,deaths,colon_rectum,120.0
2017,North Dakota,deaths,female_breast,70.0
2017,North Dakota,deaths,hodgkin_lymphoma,
2017,North Dakota,deaths,leukemia,60.0
2017,North Dakota,deaths,liver,
2017,North Dakota,deaths,lung_bronchus,340.0
2017,North Dakota,deaths,ovary,
2017,North Dakota,deaths,pancreas,90.0
2017,North Dakota,deaths,prostate,70.0
2017,Ohio,deaths,all_sites,25430.0
2017,Ohio,deaths,brain_nervous_system,640.0
2017,Ohio,deaths,colon_rectum,2130.0
2017,Ohio,deaths,female_breast,1690.0
2017,Ohio,deaths,hodgkin_lymphoma,860.0
2017,Ohio,deaths,leukemia,990.0
2017,Ohio,deaths,liver,990.0
2017,Ohio,deaths,lung_bronchus,7300.0
2017,Ohio,deaths,ovary,570.0
2017,Ohio,deaths,pancreas,1810.0
2017,Ohio,deaths,prostate,1020.0
2017,Oklahoma,deaths,all_sites,8200.0
2017,Oklahoma,deaths,brain_nervous_system,200.0
2017,Oklahoma,deaths,colon_rectum,710.0
2017,Oklahoma,deaths,female_breast,530.0
2017,Oklahoma,deaths,hodgkin_lymphoma,270.0
2017,Oklahoma,deaths,leukemia,340.0
2017,Oklahoma,deaths,liver,360.0
2017,Oklahoma,deaths,lung_bronchus,2450.0
2017,Oklahoma,deaths,ovary,200.0
2017,Oklahoma,deaths,pancreas,520.0
2017,Oklahoma,deaths,prostate,350.0
2017,Oregon,deaths,all_sites,8140.0
2017,Oregon,deaths,brain_nervous_system,260.0
2017,Oregon,deaths,colon_rectum,660.0
2017,Oregon,deaths,female_breast,520.0
2017,Oregon,deaths,hodgkin_lymphoma,290.0
2017,Oregon,deaths,leukemia,320.0
2017,Oregon,deaths,liver,440.0
2017,Oregon,deaths,lung_bronchus,2030.0
2017,Oregon,deaths,ovary,230.0
2017,Oregon,deaths,pancreas,580.0
2017,Oregon,deaths,prostate,410.0
2017,Pennsylvania,deaths,all_sites,28510.0
2017,Pennsylvania,deaths,brain_nervous_system,700.0
2017,Pennsylvania,deaths,colon_rectum,2390.0
2017,Pennsylvania,deaths,female_breast,1900.0
2017,Pennsylvania,deaths,hodgkin_lymphoma,1010.0
2017,Pennsylvania,deaths,leukemia,1210.0
2017,Pennsylvania,deaths,liver,1220.0
2017,Pennsylvania,deaths,lung_bronchus,7420.0
2017,Pennsylvania,deaths,ovary,690.0
2017,Pennsylvania,deaths,pancreas,2110.0
2017,Pennsylvania,deaths,prostate,1200.0
2017,Rhode Island,deaths,all_sites,2160.0
2017,Rhode Island,deaths,brain_nervous_system,50.0
2017,Rhode Island,deaths,colon_rectum,170.0
2017,Rhode Island,deaths,female_breast,120.0
2017,Rhode Island,deaths,hodgkin_lymphoma,60.0
2017,Rhode Island,deaths,leukemia,90.0
2017,Rhode Island,deaths,liver,110.0
2017,Rhode Island,deaths,lung_bronchus,610.0
2017,Rhode Island,deaths,ovary,50.0
2017,Rhode Island,deaths,pancreas,140.0
2017,Rhode Island,deaths,prostate,90.0
2017,South Carolina,deaths,all_sites,10320.0
2017,South Carolina,deaths,brain_nervous_system,260.0
2017,South Carolina,deaths,colon_rectum,830.0
2017,South Carolina,deaths,female_breast,700.0
2017,South Carolina,deaths,hodgkin_lymphoma,300.0
2017,South Carolina,deaths,leukemia,380.0
2017,South Carolina,deaths,liver,440.0
2017,South Carolina,deaths,lung_bronchus,2920.0
2017,South Carolina,deaths,ovary,230.0
2017,South Carolina,deaths,pancreas,710.0
2017,South Carolina,deaths,prostate,460.0
2017,South Dakota,deaths,all_sites,1660.0
2017,South Dakota,deaths,brain_nervous_system,60.0
2017,South Dakota,deaths,colon_rectum,160.0
2017,South Dakota,deaths,female_breast,110.0
2017,South Dakota,deaths,hodgkin_lymphoma,50.0
2017,South Dakota,deaths,leukemia,90.0
2017,South Dakota,deaths,liver,60.0
2017,South Dakota,deaths,lung_bronchus,450.0
2017,South Dakota,deaths,ovary,
2017,South Dakota,deaths,pancreas,110.0
2017,South Dakota,deaths,prostate,70.0
2017,Tennessee,deaths,all_sites,14830.0
2017,Tennessee,deaths,brain_nervous_system,380.0
2017,Tennessee,deaths,colon_rectum,1220.0
2017,Tennessee,deaths,female_breast,920.0
2017,Tennessee,deaths,hodgkin_lymphoma,470.0
2017,Tennessee,deaths,leukemia,570.0
2017,Tennessee,deaths,liver,670.0
2017,Tennessee,deaths,lung_bronchus,4590.0
2017,Tennessee,deaths,ovary,310.0
2017,Tennessee,deaths,pancreas,950.0
2017,Tennessee,deaths,prostate,550.0
2017,Texas,deaths,all_sites,40260.0
2017,Texas,deaths,brain_nervous_system,1100.0
2017,Texas,deaths,colon_rectum,3700.0
2017,Texas,deaths,female_breast,2830.0
2017,Texas,deaths,hodgkin_lymphoma,1380.0
2017,Texas,deaths,leukemia,1690.0
2017,Texas,deaths,liver,2620.0
2017,Texas,deaths,lung_bronchus,9540.0
2017,Texas,deaths,ovary,920.0
2017,Texas,deaths,pancreas,2780.0
2017,Texas,deaths,prostate,1650.0
2017,US,deaths,all_sites,600920.0
2017,US,deaths,brain_nervous_system,16700.0
2017,US,deaths,colon_rectum,50260.0
2017,US,deaths,female_breast,40610.0
2017,US,deaths,hodgkin_lymphoma,20140.0
2017,US,deaths,leukemia,24500.0
2017,US,deaths,liver,28920.0
2017,US,deaths,lung_bronchus,155870.0
2017,US,deaths,ovary,14080.0
2017,US,deaths,pancreas,43090.0
2017,US,deaths,prostate,26730.0
2017,Utah,deaths,all_sites,3180.0
2017,Utah,deaths,brain_nervous_system,130.0
2017,Utah,deaths,colon_rectum,260.0
2017,Utah,deaths,female_breast,270.0
2017,Utah,deaths,hodgkin_lymphoma,120.0
2017,Utah,deaths,leukemia,170.0
2017,Utah,deaths,liver,150.0
2017,Utah,deaths,lung_bronchus,460.0
2017,Utah,deaths,ovary,100.0
2017,Utah,deaths,pancreas,270.0
2017,Utah,deaths,prostate,210.0
2017,Vermont,deaths,all_sites,1400.0
2017,Vermont,deaths,brain_nervous_system,50.0
2017,Vermont,deaths,colon_rectum,100.0
2017,Vermont,deaths,female_breast,70.0
2017,Vermont,deaths,hodgkin_lymphoma,
2017,Vermont,deaths,leukemia,50.0
2017,Vermont,deaths,liver,50.0
2017,Vermont,deaths,lung_bronchus,400.0
2017,Vermont,deaths,ovary,
2017,Vermont,deaths,pancreas,110.0
2017,Vermont,deaths,prostate,70.0
2017,Virginia,deaths,all_sites,14870.0
2017,Virginia,deaths,brain_nervous_system,390.0
2017,Virginia,deaths,colon_rectum,1190.0
2017,Virginia,deaths,female_breast,1060.0
2017,Virginia,deaths,hodgkin_lymphoma,490.0
2017,Virginia,deaths,leukemia,550.0
2017,Virginia,deaths,liver,670.0
2017,Virginia,deaths,lung_bronchus,3810.0
2017,Virginia,deaths,ovary,370.0
2017,Virginia,deaths,pancreas,1080.0
2017,Virginia,deaths,prostate,650.0
2017,Washington,deaths,all_sites,12720.0
2017,Washington,deaths,brain_nervous_system,410.0
2017,Washington,deaths,colon_rectum,970.0
2017,Washington,deaths,female_breast,850.0
2017,Washington,deaths,hodgkin_lymphoma,460.0
2017,Washington,deaths,leukemia,520.0
2017,Washington,deaths,liver,680.0
2017,Washington,deaths,lung_bronchus,3100.0
2017,Washington,deaths,ovary,330.0
2017,Washington,deaths,pancreas,920.0
2017,Washington,deaths,prostate,620.0
2017,West Virginia,deaths,all_sites,4780.0
2017,West Virginia,deaths,brain_nervous_system,110.0
2017,West Virginia,deaths,colon_rectum,430.0
2017,West Virginia,deaths,female_breast,280.0
2017,West Virginia,deaths,hodgkin_lymphoma,160.0
2017,West Virginia,deaths,leukemia,190.0
2017,West Virginia,deaths,liver,170.0
2017,West Virginia,deaths,lung_bronchus,1450.0
2017,West Virginia,deaths,ovary,90.0
2017,West Virginia,deaths,pancreas,280.0
2017,West Virginia,deaths,prostate,160.0
2017,Wisconsin,deaths,all_sites,11710.0
2017,Wisconsin,deaths,brain_nervous_system,360.0
2017,Wisconsin,deaths,colon_rectum,880.0
2017,Wisconsin,deaths,female_breast,740.0
2017,Wisconsin,deaths,hodgkin_lymphoma,420.0
2017,Wisconsin,deaths,leukemia,540.0
2017,Wisconsin,deaths,liver,440.0
2017,Wisconsin,deaths,lung_bronchus,3070.0
2017,Wisconsin,deaths,ovary,220.0
2017,Wisconsin,deaths,pancreas,870.0
2017,Wisconsin,deaths,prostate,570.0
2017,Wyoming,deaths,all_sites,960.0
2017,Wyoming,deaths,brain_nervous_system,
2017,Wyoming,deaths,colon_rectum,80.0
2017,Wyoming,deaths,female_breast,60.0
2017,Wyoming,deaths,hodgkin_lymphoma,
2017,Wyoming,deaths,leukemia,60.0
2017,Wyoming,deaths,liver,
2017,Wyoming,deaths,lung_bronchus,220.0
2017,Wyoming,deaths,ovary,
2017,Wyoming,deaths,pancreas,70.0
2017,Wyoming,deaths,prostate,
2018,Alabama,cases,all_sites,27830.0
2018,Alabama,cases,colon_rectum,2230.0
2018,Alabama,cases,female_breast,3760.0
2018,Alabama,cases,hodgkin_lymphoma,990.0
2018,Alabama,cases,leukemia,830.0
2018,Alabama,cases,lung_bronchus,4190.0
2018,Alabama,cases,melanoma_skin,1380.0
2018,Alabama,cases,prostate,2460.0
2018,Alabama,cases,urinary_bladder,1110.0
2018,Alabama,cases,uterine_cervix,220.0
2018,Alabama,cases,uterine_corpus,770.0
2018,Alaska,cases,all_sites,3550.0
2018,Alaska,cases,colon_rectum,270.0
2018,Alaska,cases,female_breast,510.0
2018,Alaska,cases,hodgkin_lymphoma,140.0
2018,Alaska,cases,leukemia,110.0
2018,Alaska,cases,lung_bronchus,460.0
2018,Alaska,cases,melanoma_skin,130.0
2018,Alaska,cases,prostate,360.0
2018,Alaska,cases,urinary_bladder,160.0
2018,Alaska,cases,uterine_cervix,
2018,Alaska,cases,uterine_corpus,120.0
2018,Arizona,cases,all_sites,34740.0
2018,Arizona,cases,colon_rectum,2840.0
2018,Arizona,cases,female_breast,5700.0
2018,Arizona,cases,hodgkin_lymphoma,1480.0
2018,Arizona,cases,leukemia,1150.0
2018,Arizona,cases,lung_bronchus,4460.0
2018,Arizona,cases,melanoma_skin,1880.0
2018,Arizona,cases,prostate,3180.0
2018,Arizona,cases,urinary_bladder,1810.0
2018,Arizona,cases,uterine_cervix,270.0
2018,Arizona,cases,uterine_corpus,1210.0
2018,Arkansas,cases,all_sites,16130.0
2018,Arkansas,cases,colon_rectum,1370.0
2018,Arkansas,cases,female_breast,2160.0
2018,Arkansas,cases,hodgkin_lymphoma,650.0
2018,Arkansas,cases,leukemia,510.0
2018,Arkansas,cases,lung_bronchus,2720.0
2018,Arkansas,cases,melanoma_skin,670.0
2018,Arkansas,cases,prostate,1260.0
2018,Arkansas,cases,urinary_bladder,720.0
2018,Arkansas,cases,uterine_cervix,150.0
2018,Arkansas,cases,uterine_corpus,480.0
2018,California,cases,all_sites,178130.0
2018,California,cases,colon_rectum,14400.0
2018,California,cases,female_breast,29360.0
2018,California,cases,hodgkin_lymphoma,8190.0
2018,California,cases,leukemia,6220.0
2018,California,cases,lung_bronchus,18760.0
2018,California,cases,melanoma_skin,9830.0
2018,California,cases,prostate,15190.0
2018,California,cases,urinary_bladder,7800.0
2018,California,cases,uterine_cervix,1540.0
2018,California,cases,uterine_corpus,6610.0
2018,Colorado,cases,all_sites,25570.0
2018,Colorado,cases,colon_rectum,1850.0
2018,Colorado,cases,female_breast,3630.0
2018,Colorado,cases,hodgkin_lymphoma,1100.0
2018,Colorado,cases,leukemia,910.0
2018,Colorado,cases,lung_bronchus,2560.0
2018,Colorado,cases,melanoma_skin,1640.0
2018,Colorado,cases,prostate,3190.0
2018,Colorado,cases,urinary_bladder,1180.0
2018,Colorado,cases,uterine_cervix,180.0
2018,Colorado,cases,uterine_corpus,870.0
2018,Connecticut,cases,all_sites,21240.0
2018,Connecticut,cases,colon_rectum,1520.0
2018,Connecticut,cases,female_breast,3540.0
2018,Connecticut,cases,hodgkin_lymphoma,970.0
2018,Connecticut,cases,leukemia,760.0
2018,Connecticut,cases,lung_bronchus,2700.0
2018,Connecticut,cases,melanoma_skin,970.0
2018,Connecticut,cases,prostate,2220.0
2018,Connecticut,cases,urinary_bladder,1210.0
2018,Connecticut,cases,uterine_cervix,120.0
2018,Connecticut,cases,uterine_corpus,890.0
2018,Delaware,cases,all_sites,6110.0
2018,Delaware,cases,colon_rectum,450.0
2018,Delaware,cases,female_breast,780.0
2018,Delaware,cases,hodgkin_lymphoma,250.0
2018,Delaware,cases,leukemia,180.0
2018,Delaware,cases,lung_bronchus,890.0
2018,Delaware,cases,melanoma_skin,380.0
2018,Delaware,cases,prostate,640.0
2018,Delaware,cases,urinary_bladder,290.0
2018,Delaware,cases,uterine_cervix,
2018,Delaware,cases,uterine_corpus,210.0
2018,District of Columbia,cases,all_sites,3260.0
2018,District of Columbia,cases,colon_rectum,240.0
2018,District of Columbia,cases,female_breast,520.0
2018,District of Columbia,cases,hodgkin_lymphoma,120.0
2018,District of Columbia,cases,leukemia,70.0
2018,District of Columbia,cases,lung_bronchus,310.0
2018,District of Columbia,cases,melanoma_skin,120.0
2018,District of Columbia,cases,prostate,420.0
2018,District of Columbia,cases,urinary_bladder,80.0
2018,District of Columbia,cases,uterine_cervix,
2018,District of Columbia,cases,uterine_corpus,120.0
2018,Florida,cases,all_sites,135170.0
2018,Florida,cases,colon_rectum,11670.0
2018,Florida,cases,female_breast,19860.0
2018,Florida,cases,hodgkin_lymphoma,5990.0
2018,Florida,cases,leukemia,4770.0
2018,Florida,cases,lung_bronchus,18710.0
2018,Florida,cases,melanoma_skin,7940.0
2018,Florida,cases,prostate,13630.0
2018,Florida,cases,urinary_bladder,6600.0
2018,Florida,cases,uterine_cervix,1100.0
2018,Florida,cases,uterine_corpus,4450.0
2018,Georgia,cases,all_sites,56920.0
2018,Georgia,cases,colon_rectum,4120.0
2018,Georgia,cases,female_breast,7490.0
2018,Georgia,cases,hodgkin_lymphoma,1970.0
2018,Georgia,cases,leukemia,1590.0
2018,Georgia,cases,lung_bronchus,7160.0
2018,Georgia,cases,melanoma_skin,3040.0
2018,Georgia,cases,prostate,5340.0
2018,Georgia,cases,urinary_bladder,1960.0
2018,Georgia,cases,uterine_cervix,430.0
2018,Georgia,cases,uterine_corpus,1600.0
2018,Hawaii,cases,all_sites,6280.0
2018,Hawaii,cases,colon_rectum,650.0
2018,Hawaii,cases,female_breast,1150.0
2018,Hawaii,cases,hodgkin_lymphoma,270.0
2018,Hawaii,cases,leukemia,200.0
2018,Hawaii,cases,lung_bronchus,830.0
2018,Hawaii,cases,melanoma_skin,490.0
2018,Hawaii,cases,prostate,510.0
2018,Hawaii,cases,urinary_bladder,260.0
2018,Hawaii,cases,uterine_cervix,50.0
2018,Hawaii,cases,uterine_corpus,280.0
2018,Idaho,cases,all_sites,8450.0
2018,Idaho,cases,colon_rectum,630.0
2018,Idaho,cases,female_breast,1070.0
2018,Idaho,cases,hodgkin_lymphoma,390.0
2018,Idaho,cases,leukemia,310.0
2018,Idaho,cases,lung_bronchus,1060.0
2018,Idaho,cases,melanoma_skin,590.0
2018,Idaho,cases,prostate,900.0
2018,Idaho,cases,urinary_bladder,490.0
2018,Idaho,cases,uterine_cervix,50.0
2018,Idaho,cases,uterine_corpus,290.0
2018,Illinois,cases,all_sites,66330.0
2018,Illinois,cases,colon_rectum,5340.0
2018,Illinois,cases,female_breast,9960.0
2018,Illinois,cases,hodgkin_lymphoma,2830.0
2018,Illinois,cases,leukemia,2170.0
2018,Illinois,cases,lung_bronchus,9220.0
2018,Illinois,cases,melanoma_skin,2980.0
2018,Illinois,cases,prostate,6300.0
2018,Illinois,cases,urinary_bladder,3190.0
2018,Illinois,cases,uterine_cervix,570.0
2018,Illinois,cases,uterine_corpus,2800.0
2018,Indiana,cases,all_sites,37250.0
2018,Indiana,cases,colon_rectum,3190.0
2018,Indiana,cases,female_breast,5630.0
2018,Indiana,cases,hodgkin_lymphoma,1600.0
2018,Indiana,cases,leukemia,1210.0
2018,Indiana,cases,lung_bronchus,5840.0
2018,Indiana,cases,melanoma_skin,1900.0
2018,Indiana,cases,prostate,3460.0
2018,Indiana,cases,urinary_bladder,1740.0
2018,Indiana,cases,uterine_cervix,290.0
2018,Indiana,cases,uterine_corpus,1400.0
2018,Iowa,cases,all_sites,17630.0
2018,Iowa,cases,colon_rectum,1510.0
2018,Iowa,cases,female_breast,2560.0
2018,Iowa,cases,hodgkin_lymphoma,810.0
2018,Iowa,cases,leukemia,700.0
2018,Iowa,cases,lung_bronchus,2480.0
2018,Iowa,cases,melanoma_skin,1050.0
2018,Iowa,cases,prostate,1580.0
2018,Iowa,cases,urinary_bladder,880.0
2018,Iowa,cases,uterine_cervix,110.0
2018,Iowa,cases,uterine_corpus,710.0
2018,Kansas,cases,all_sites,15400.0
2018,Kansas,cases,colon_rectum,1220.0
2018,Kansas,cases,female_breast,2290.0
2018,Kansas,cases,hodgkin_lymphoma,640.0
2018,Kansas,cases,leukemia,590.0
2018,Kansas,cases,lung_bronchus,2050.0
2018,Kansas,cases,melanoma_skin,850.0
2018,Kansas,cases,prostate,1360.0
2018,Kansas,cases,urinary_bladder,660.0
2018,Kansas,cases,uterine_cervix,110.0
2018,Kansas,cases,uterine_corpus,530.0
2018,Kentucky,cases,all_sites,25990.0
2018,Kentucky,cases,colon_rectum,2370.0
2018,Kentucky,cases,female_breast,3720.0
2018,Kentucky,cases,hodgkin_lymphoma,1060.0
2018,Kentucky,cases,leukemia,960.0
2018,Kentucky,cases,lung_bronchus,5150.0
2018,Kentucky,cases,melanoma_skin,1440.0
2018,Kentucky,cases,prostate,2210.0
2018,Kentucky,cases,urinary_bladder,1200.0
2018,Kentucky,cases,uterine_cervix,210.0
2018,Kentucky,cases,uterine_corpus,850.0
2018,Louisiana,cases,all_sites,25080.0
2018,Louisiana,cases,colon_rectum,2310.0
2018,Louisiana,cases,female_breast,3570.0
2018,Louisiana,cases,hodgkin_lymphoma,1040.0
2018,Louisiana,cases,leukemia,740.0
2018,Louisiana,cases,lung_bronchus,3660.0
2018,Louisiana,cases,melanoma_skin,1000.0
2018,Louisiana,cases,prostate,2600.0
2018,Louisiana,cases,urinary_bladder,1000.0
2018,Louisiana,cases,uterine_cervix,210.0
2018,Louisiana,cases,uterine_corpus,670.0
2018,Maine,cases,all_sites,8600.0
2018,Maine,cases,colon_rectum,660.0
2018,Maine,cases,female_breast,1350.0
2018,Maine,cases,hodgkin_lymphoma,400.0
2018,Maine,cases,leukemia,320.0
2018,Maine,cases,lung_bronchus,1450.0
2018,Maine,cases,melanoma_skin,470.0
2018,Maine,cases,prostate,710.0
2018,Maine,cases,urinary_bladder,580.0
2018,Maine,cases,uterine_cervix,50.0
2018,Maine,cases,uterine_corpus,380.0
2018,Maryland,cases,all_sites,33810.0
2018,Maryland,cases,colon_rectum,2950.0
2018,Maryland,cases,female_breast,5940.0
2018,Maryland,cases,hodgkin_lymphoma,1290.0
2018,Maryland,cases,leukemia,910.0
2018,Maryland,cases,lung_bronchus,4270.0
2018,Maryland,cases,melanoma_skin,1690.0
2018,Maryland,cases,prostate,3470.0
2018,Maryland,cases,urinary_bladder,1500.0
2018,Maryland,cases,uterine_cervix,220.0
2018,Maryland,cases,uterine_corpus,1270.0
2018,Massachusetts,cases,all_sites,37130.0
2018,Massachusetts,cases,colon_rectum,2630.0
2018,Massachusetts,cases,female_breast,6490.0
2018,Massachusetts,cases,hodgkin_lymphoma,1650.0
2018,Massachusetts,cases,leukemia,1150.0
2018,Massachusetts,cases,lung_bronchus,5140.0
2018,Massachusetts,cases,melanoma_skin,2090.0
2018,Massachusetts,cases,prostate,4060.0
2018,Massachusetts,cases,urinary_bladder,2040.0
2018,Massachusetts,cases,uterine_cervix,210.0
2018,Massachusetts,cases,uterine_corpus,1590.0
2018,Michigan,cases,all_sites,56590.0
2018,Michigan,cases,colon_rectum,4510.0
2018,Michigan,cases,female_breast,8730.0
2018,Michigan,cases,hodgkin_lymphoma,2590.0
2018,Michigan,cases,leukemia,1820.0
2018,Michigan,cases,lung_bronchus,8780.0
2018,Michigan,cases,melanoma_skin,2890.0
2018,Michigan,cases,prostate,5400.0
2018,Michigan,cases,urinary_bladder,3070.0
2018,Michigan,cases,uterine_cervix,370.0
2018,Michigan,cases,uterine_corpus,2330.0
2018,Minnesota,cases,all_sites,31270.0
2018,Minnesota,cases,colon_rectum,2270.0
2018,Minnesota,cases,female_breast,4500.0
2018,Minnesota,cases,hodgkin_lymphoma,1420.0
2018,Minnesota,cases,leukemia,1270.0
2018,Minnesota,cases,lung_bronchus,3980.0
2018,Minnesota,cases,melanoma_skin,1420.0
2018,Minnesota,cases,prostate,2920.0
2018,Minnesota,cases,urinary_bladder,1380.0
2018,Minnesota,cases,uterine_cervix,140.0
2018,Minnesota,cases,uterine_corpus,1120.0
2018,Mississippi,cases,all_sites,18130.0
2018,Mississippi,cases,colon_rectum,1550.0
2018,Mississippi,cases,female_breast,2240.0
2018,Mississippi,cases,hodgkin_lymphoma,560.0
2018,Mississippi,cases,leukemia,560.0
2018,Mississippi,cases,lung_bronchus,2690.0
2018,Mississippi,cases,melanoma_skin,590.0
2018,Mississippi,cases,prostate,1370.0
2018,Mississippi,cases,urinary_bladder,620.0
2018,Mississippi,cases,uterine_cervix,150.0
2018,Mississippi,cases,uterine_corpus,430.0
2018,Missouri,cases,all_sites,35520.0
2018,Missouri,cases,colon_rectum,2890.0
2018,Missouri,cases,female_breast,5160.0
2018,Missouri,cases,hodgkin_lymphoma,1480.0
2018,Missouri,cases,leukemia,1240.0
2018,Missouri,cases,lung_bronchus,5750.0
2018,Missouri,cases,melanoma_skin,1800.0
2018,Missouri,cases,prostate,3000.0
2018,Missouri,cases,urinary_bladder,1640.0
2018,Missouri,cases,uterine_cervix,250.0
2018,Missouri,cases,uterine_corpus,1240.0
2018,Montana,cases,all_sites,6080.0
2018,Montana,cases,colon_rectum,520.0
2018,Montana,cases,female_breast,1020.0
2018,Montana,cases,hodgkin_lymphoma,280.0
2018,Montana,cases,leukemia,230.0
2018,Montana,cases,lung_bronchus,830.0
2018,Montana,cases,melanoma_skin,440.0
2018,Montana,cases,prostate,810.0
2018,Montana,cases,urinary_bladder,350.0
2018,Montana,cases,uterine_cervix,
2018,Montana,cases,uterine_corpus,220.0
2018,Nebraska,cases,all_sites,10320.0
2018,Nebraska,cases,colon_rectum,900.0
2018,Nebraska,cases,female_breast,1560.0
2018,Nebraska,cases,hodgkin_lymphoma,460.0
2018,Nebraska,cases,leukemia,410.0
2018,Nebraska,cases,lung_bronchus,1310.0
2018,Nebraska,cases,melanoma_skin,540.0
2018,Nebraska,cases,prostate,960.0
2018,Nebraska,cases,urinary_bladder,490.0
2018,Nebraska,cases,uterine_cervix,70.0
2018,Nebraska,cases,uterine_corpus,380.0
2018,Nevada,cases,all_sites,14060.0
2018,Nevada,cases,colon_rectum,1130.0
2018,Nevada,cases,female_breast,2180.0
2018,Nevada,cases,hodgkin_lymphoma,580.0
2018,Nevada,cases,leukemia,500.0
2018,Nevada,cases,lung_bronchus,2090.0
2018,Nevada,cases,melanoma_skin,790.0
2018,Nevada,cases,prostate,1190.0
2018,Nevada,cases,urinary_bladder,770.0
2018,Nevada,cases,uterine_cervix,130.0
2018,Nevada,cases,uterine_corpus,410.0
2018,New Hampshire,cases,all_sites,8080.0
2018,New Hampshire,cases,colon_rectum,590.0
2018,New Hampshire,cases,female_breast,1360.0
2018,New Hampshire,cases,hodgkin_lymphoma,370.0
2018,New Hampshire,cases,leukemia,280.0
2018,New Hampshire,cases,lung_bronchus,1230.0
2018,New Hampshire,cases,melanoma_skin,460.0
2018,New Hampshire,cases,prostate,840.0
2018,New Hampshire,cases,urinary_bladder,520.0
2018,New Hampshire,cases,uterine_cervix,
2018,New Hampshire,cases,uterine_corpus,360.0
2018,New Jersey,cases,all_sites,53260.0
2018,New Jersey,cases,colon_rectum,4100.0
2018,New Jersey,cases,female_breast,8550.0
2018,New Jersey,cases,hodgkin_lymphoma,2370.0
2018,New Jersey,cases,leukemia,1990.0
2018,New Jersey,cases,lung_bronchus,5870.0
2018,New Jersey,cases,melanoma_skin,2830.0
2018,New Jersey,cases,prostate,5430.0
2018,New Jersey,cases,urinary_bladder,2590.0
2018,New Jersey,cases,uterine_cervix,380.0
2018,New Jersey,cases,uterine_corpus,2180.0
2018,New Mexico,cases,all_sites,9730.0
2018,New Mexico,cases,colon_rectum,800.0
2018,New Mexico,cases,female_breast,1470.0
2018,New Mexico,cases,hodgkin_lymphoma,410.0
2018,New Mexico,cases,leukemia,360.0
2018,New Mexico,cases,lung_bronchus,1090.0
2018,New Mexico,cases,melanoma_skin,500.0
2018,New Mexico,cases,prostate,960.0
2018,New Mexico,cases,urinary_bladder,390.0
2018,New Mexico,cases,uterine_cervix,80.0
2018,New Mexico,cases,uterine_corpus,340.0
2018,New York,cases,all_sites,110800.0
2018,New York,cases,colon_rectum,9080.0
2018,New York,cases,female_breast,17890.0
2018,New York,cases,hodgkin_lymphoma,4890.0
2018,New York,cases,leukemia,4410.0
2018,New York,cases,lung_bronchus,13190.0
2018,New York,cases,melanoma_skin,4920.0
2018,New York,cases,prostate,9880.0
2018,New York,cases,urinary_bladder,5440.0
2018,New York,cases,uterine_cervix,870.0
2018,New York,cases,uterine_corpus,4580.0
2018,North Carolina,cases,all_sites,55130.0
2018,North Carolina,cases,colon_rectum,4440.0
2018,North Carolina,cases,female_breast,7760.0
2018,North Carolina,cases,hodgkin_lymphoma,2240.0
2018,North Carolina,cases,leukemia,2050.0
2018,North Carolina,cases,lung_bronchus,8490.0
2018,North Carolina,cases,melanoma_skin,3310.0
2018,North Carolina,cases,prostate,5580.0
2018,North Carolina,cases,urinary_bladder,2530.0
2018,North Carolina,cases,uterine_cervix,410.0
2018,North Carolina,cases,uterine_corpus,1910.0
2018,North Dakota,cases,all_sites,4110.0
2018,North Dakota,cases,colon_rectum,350.0
2018,North Dakota,cases,female_breast,570.0
2018,North Dakota,cases,hodgkin_lymphoma,170.0
2018,North Dakota,cases,leukemia,150.0
2018,North Dakota,cases,lung_bronchus,500.0
2018,North Dakota,cases,melanoma_skin,220.0
2018,North Dakota,cases,prostate,380.0
2018,North Dakota,cases,urinary_bladder,200.0
2018,North Dakota,cases,uterine_cervix,
2018,North Dakota,cases,uterine_corpus,140.0
2018,Ohio,cases,all_sites,68470.0
2018,Ohio,cases,colon_rectum,5550.0
2018,Ohio,cases,female_breast,10610.0
2018,Ohio,cases,hodgkin_lymphoma,2880.0
2018,Ohio,cases,leukemia,2060.0
2018,Ohio,cases,lung_bronchus,10760.0
2018,Ohio,cases,melanoma_skin,3400.0
2018,Ohio,cases,prostate,5810.0
2018,Ohio,cases,urinary_bladder,3350.0
2018,Ohio,cases,uterine_cervix,480.0
2018,Ohio,cases,uterine_corpus,2740.0
2018,Oklahoma,cases,all_sites,19030.0
2018,Oklahoma,cases,colon_rectum,1670.0
2018,Oklahoma,cases,female_breast,2870.0
2018,Oklahoma,cases,hodgkin_lymphoma,860.0
2018,Oklahoma,cases,leukemia,710.0
2018,Oklahoma,cases,lung_bronchus,3210.0
2018,Oklahoma,cases,melanoma_skin,860.0
2018,Oklahoma,cases,prostate,1670.0
2018,Oklahoma,cases,urinary_bladder,890.0
2018,Oklahoma,cases,uterine_cervix,170.0
2018,Oklahoma,cases,uterine_corpus,590.0
2018,Oregon,cases,all_sites,21520.0
2018,Oregon,cases,colon_rectum,1510.0
2018,Oregon,cases,female_breast,3400.0
2018,Oregon,cases,hodgkin_lymphoma,1010.0
2018,Oregon,cases,leukemia,650.0
2018,Oregon,cases,lung_bronchus,3140.0
2018,Oregon,cases,melanoma_skin,1570.0
2018,Oregon,cases,prostate,2040.0
2018,Oregon,cases,urinary_bladder,1130.0
2018,Oregon,cases,uterine_cervix,140.0
2018,Oregon,cases,uterine_corpus,890.0
2018,Pennsylvania,cases,all_sites,80960.0
2018,Pennsylvania,cases,colon_rectum,6440.0
2018,Pennsylvania,cases,female_breast,12140.0
2018,Pennsylvania,cases,hodgkin_lymphoma,3430.0
2018,Pennsylvania,cases,leukemia,2930.0
2018,Pennsylvania,cases,lung_bronchus,10470.0
2018,Pennsylvania,cases,melanoma_skin,4320.0
2018,Pennsylvania,cases,prostate,7360.0
2018,Pennsylvania,cases,urinary_bladder,4240.0
2018,Pennsylvania,cases,uterine_cervix,500.0
2018,Pennsylvania,cases,uterine_corpus,3320.0
2018,Rhode Island,cases,all_sites,5920.0
2018,Rhode Island,cases,colon_rectum,460.0
2018,Rhode Island,cases,female_breast,1010.0
2018,Rhode Island,cases,hodgkin_lymphoma,270.0
2018,Rhode Island,cases,leukemia,190.0
2018,Rhode Island,cases,lung_bronchus,880.0
2018,Rhode Island,cases,melanoma_skin,280.0
2018,Rhode Island,cases,prostate,740.0
2018,Rhode Island,cases,urinary_bladder,360.0
2018,Rhode Island,cases,uterine_cervix,
2018,Rhode Island,cases,uterine_corpus,260.0
2018,South Carolina,cases,all_sites,30450.0
2018,South Carolina,cases,colon_rectum,2410.0
2018,South Carolina,cases,female_breast,4540.0
2018,South Carolina,cases,hodgkin_lymphoma,1150.0
2018,South Carolina,cases,leukemia,960.0
2018,South Carolina,cases,lung_bronchus,4630.0
2018,South Carolina,cases,melanoma_skin,1820.0
2018,South Carolina,cases,prostate,3080.0
2018,South Carolina,cases,urinary_bladder,1310.0
2018,South Carolina,cases,uterine_cervix,220.0
2018,South Carolina,cases,uterine_corpus,920.0
2018,South Dakota,cases,all_sites,5100.0
2018,South Dakota,cases,colon_rectum,440.0
2018,South Dakota,cases,female_breast,740.0
2018,South Dakota,cases,hodgkin_lymphoma,220.0
2018,South Dakota,cases,leukemia,190.0
2018,South Dakota,cases,lung_bronchus,650.0
2018,South Dakota,cases,melanoma_skin,270.0
2018,South Dakota,cases,prostate,510.0
2018,South Dakota,cases,urinary_bladder,260.0
2018,South Dakota,cases,uterine_cervix,
2018,South Dakota,cases,uterine_corpus,170.0
2018,Tennessee,cases,all_sites,36760.0
2018,Tennessee,cases,colon_rectum,3110.0
2018,Tennessee,cases,female_breast,5590.0
2018,Tennessee,cases,hodgkin_lymphoma,1540.0
2018,Tennessee,cases,leukemia,1370.0
2018,Tennessee,cases,lung_bronchus,6030.0
2018,Tennessee,cases,melanoma_skin,1900.0
2018,Tennessee,cases,prostate,2750.0
2018,Tennessee,cases,urinary_bladder,1660.0
2018,Tennessee,cases,uterine_cervix,310.0
2018,Tennessee,cases,uterine_corpus,1130.0
2018,Texas,cases,all_sites,121860.0
2018,Texas,cases,colon_rectum,10080.0
2018,Texas,cases,female_breast,18260.0
2018,Texas,cases,hodgkin_lymphoma,5460.0
2018,Texas,cases,leukemia,4580.0
2018,Texas,cases,lung_bronchus,15460.0
2018,Texas,cases,melanoma_skin,4440.0
2018,Texas,cases,prostate,12600.0
2018,Texas,cases,urinary_bladder,4530.0
2018,Texas,cases,uterine_cervix,1360.0
2018,Texas,cases,uterine_corpus,4000.0
2018,US,cases,all_sites,1735350.0
2018,US,cases,colon_rectum,140250.0
2018,US,cases,female_breast,266120.0
2018,US,cases,hodgkin_lymphoma,74680.0
2018,US,cases,leukemia,60300.0
2018,US,cases,lung_bronchus,234030.0
2018,US,cases,melanoma_skin,91270.0
2018,US,cases,prostate,164690.0
2018,US,cases,urinary_bladder,81190.0
2018,US,cases,uterine_cervix,13240.0
2018,US,cases,uterine_corpus,63230.0
2018,Utah,cases,all_sites,10950.0
2018,Utah,cases,colon_rectum,780.0
2018,Utah,cases,female_breast,1720.0
2018,Utah,cases,hodgkin_lymphoma,520.0
2018,Utah,cases,leukemia,480.0
2018,Utah,cases,lung_bronchus,900.0
2018,Utah,cases,melanoma_skin,1010.0
2018,Utah,cases,prostate,1250.0
2018,Utah,cases,urinary_bladder,440.0
2018,Utah,cases,uterine_cervix,70.0
2018,Utah,cases,uterine_corpus,400.0
2018,Vermont,cases,all_sites,3840.0
2018,Vermont,cases,colon_rectum,270.0
2018,Vermont,cases,female_breast,600.0
2018,Vermont,cases,hodgkin_lymphoma,170.0
2018,Vermont,cases,leukemia,120.0
2018,Vermont,cases,lung_bronchus,560.0
2018,Vermont,cases,melanoma_skin,230.0
2018,Vermont,cases,prostate,390.0
2018,Vermont,cases,urinary_bladder,250.0
2018,Vermont,cases,uterine_cervix,
2018,Vermont,cases,uterine_corpus,160.0
2018,Virginia,cases,all_sites,42420.0
2018,Virginia,cases,colon_rectum,3380.0
2018,Virginia,cases,female_breast,7510.0
2018,Virginia,cases,hodgkin_lymphoma,1760.0
2018,Virginia,cases,leukemia,1250.0
2018,Virginia,cases,lung_bronchus,5860.0
2018,Virginia,cases,melanoma_skin,2620.0
2018,Virginia,cases,prostate,4200.0
2018,Virginia,cases,urinary_bladder,1900.0
2018,Virginia,cases,uterine_cervix,290.0
2018,Virginia,cases,uterine_corpus,1570.0
2018,Washington,cases,all_sites,36170.0
2018,Washington,cases,colon_rectum,2710.0
2018,Washington,cases,female_breast,5580.0
2018,Washington,cases,hodgkin_lymphoma,1770.0
2018,Washington,cases,leukemia,1330.0
2018,Washington,cases,lung_bronchus,4810.0
2018,Washington,cases,melanoma_skin,2650.0
2018,Washington,cases,prostate,3730.0
2018,Washington,cases,urinary_bladder,1940.0
2018,Washington,cases,uterine_cervix,240.0
2018,Washington,cases,uterine_corpus,1390.0
2018,West Virginia,cases,all_sites,12110.0
2018,West Virginia,cases,colon_rectum,1030.0
2018,West Virginia,cases,female_breast,1700.0
2018,West Virginia,cases,hodgkin_lymphoma,480.0
2018,West Virginia,cases,leukemia,390.0
2018,West Virginia,cases,lung_bronchus,2060.0
2018,West Virginia,cases,melanoma_skin,720.0
2018,West Virginia,cases,prostate,820.0
2018,West Virginia,cases,urinary_bladder,620.0
2018,West Virginia,cases,uterine_cervix,90.0
2018,West Virginia,cases,uterine_corpus,450.0
2018,Wisconsin,cases,all_sites,33340.0
2018,Wisconsin,cases,colon_rectum,2650.0
2018,Wisconsin,cases,female_breast,5420.0
2018,Wisconsin,cases,hodgkin_lymphoma,1410.0
2018,Wisconsin,cases,leukemia,1350.0
2018,Wisconsin,cases,lung_bronchus,4400.0
2018,Wisconsin,cases,melanoma_skin,1740.0
2018,Wisconsin,cases,prostate,3660.0
2018,Wisconsin,cases,urinary_bladder,1710.0
2018,Wisconsin,cases,uterine_cervix,190.0
2018,Wisconsin,cases,uterine_corpus,1410.0
2018,Wyoming,cases,all_sites,2780.0
2018,Wyoming,cases,colon_rectum,210.0
2018,Wyoming,cases,female_breast,450.0
2018,Wyoming,cases,hodgkin_lymphoma,120.0
2018,Wyoming,cases,leukemia,100.0
2018,Wyoming,cases,lung_bronchus,330.0
2018,Wyoming,cases,melanoma_skin,200.0
2018,Wyoming,cases,prostate,330.0
2018,Wyoming,cases,urinary_bladder,160.0
2018,Wyoming,cases,uterine_cervix,
2018,Wyoming,cases,uterine_corpus,100.0
2018,Alabama,deaths,all_sites,10720.0
2018,Alabama,deaths,brain_nervous_system,330.0
2018,Alabama,deaths,colon_rectum,950.0
2018,Alabama,deaths,female_breast,670.0
2018,Alabama,deaths,hodgkin_lymphoma,300.0
2018,Alabama,deaths,leukemia,400.0
2018,Alabama,deaths,liver,500.0
2018,Alabama,deaths,lung_bronchus,3140.0
2018,Alabama,deaths,ovary,240.0
2018,Alabama,deaths,pancreas,740.0
2018,Alabama,deaths,prostate,490.0
2018,Alaska,deaths,all_sites,1120.0
2018,Alaska,deaths,brain_nervous_system,
2018,Alaska,deaths,colon_rectum,100.0
2018,Alaska,deaths,female_breast,70.0
2018,Alaska,deaths,hodgkin_lymphoma,
2018,Alaska,deaths,leukemia,
2018,Alaska,deaths,liver,60.0
2018,Alaska,deaths,lung_bronchus,290.0
2018,Alaska,deaths,ovary,
2018,Alaska,deaths,pancreas,80.0
2018,Alaska,deaths,prostate,50.0
2018,Arizona,deaths,all_sites,12390.0
2018,Arizona,deaths,brain_nervous_system,380.0
2018,Arizona,deaths,colon_rectum,1040.0
2018,Arizona,deaths,female_breast,850.0
2018,Arizona,deaths,hodgkin_lymphoma,410.0
2018,Arizona,deaths,leukemia,540.0
2018,Arizona,deaths,liver,680.0
2018,Arizona,deaths,lung_bronchus,2850.0
2018,Arizona,deaths,ovary,310.0
2018,Arizona,deaths,pancreas,970.0
2018,Arizona,deaths,prostate,680.0
2018,Arkansas,deaths,all_sites,6910.0
2018,Arkansas,deaths,brain_nervous_system,190.0
2018,Arkansas,deaths,colon_rectum,600.0
2018,Arkansas,deaths,female_breast,410.0
2018,Arkansas,deaths,hodgkin_lymphoma,200.0
2018,Arkansas,deaths,leukemia,260.0
2018,Arkansas,deaths,liver,290.0
2018,Arkansas,deaths,lung_bronchus,2130.0
2018,Arkansas,deaths,ovary,150.0
2018,Arkansas,deaths,pancreas,430.0
2018,Arkansas,deaths,prostate,280.0
2018,California,deaths,all_sites,60650.0
2018,California,deaths,brain_nervous_system,1860.0
2018,California,deaths,colon_rectum,5300.0
2018,California,deaths,female_breast,4500.0
2018,California,deaths,hodgkin_lymphoma,2140.0
2018,California,deaths,leukemia,2580.0
2018,California,deaths,liver,3900.0
2018,California,deaths,lung_bronchus,11830.0
2018,California,deaths,ovary,1570.0
2018,California,deaths,pancreas,4570.0
2018,California,deaths,prostate,3490.0
2018,Colorado,deaths,all_sites,8000.0
2018,Colorado,deaths,brain_nervous_system,270.0
2018,Colorado,deaths,colon_rectum,660.0
2018,Colorado,deaths,female_breast,580.0
2018,Colorado,deaths,hodgkin_lymphoma,250.0
2018,Colorado,deaths,leukemia,340.0
2018,Colorado,deaths,liver,410.0
2018,Colorado,deaths,lung_bronchus,1600.0
2018,Colorado,deaths,ovary,230.0
2018,Colorado,deaths,pancreas,580.0
2018,Colorado,deaths,prostate,510.0
2018,Connecticut,deaths,all_sites,6590.0
2018,Connecticut,deaths,brain_nervous_system,200.0
2018,Connecticut,deaths,colon_rectum,460.0
2018,Connecticut,deaths,female_breast,410.0
2018,Connecticut,deaths,hodgkin_lymphoma,220.0
2018,Connecticut,deaths,leukemia,290.0
2018,Connecticut,deaths,liver,320.0
2018,Connecticut,deaths,lung_bronchus,1570.0
2018,Connecticut,deaths,ovary,160.0
2018,Connecticut,deaths,pancreas,520.0
2018,Connecticut,deaths,prostate,320.0
2018,Delaware,deaths,all_sites,2080.0
2018,Delaware,deaths,brain_nervous_system,50.0
2018,Delaware,deaths,colon_rectum,140.0
2018,Delaware,deaths,female_breast,140.0
2018,Delaware,deaths,hodgkin_lymphoma,70.0
2018,Delaware,deaths,leukemia,80.0
2018,Delaware,deaths,liver,110.0
2018,Delaware,deaths,lung_bronchus,580.0
2018,Delaware,deaths,ovary,50.0
2018,Delaware,deaths,pancreas,160.0
2018,Delaware,deaths,prostate,90.0
2018,District of Columbia,deaths,all_sites,1030.0
2018,District of Columbia,deaths,brain_nervous_system,
2018,District of Columbia,deaths,colon_rectum,90.0
2018,District of Columbia,deaths,female_breast,110.0
2018,District of Columbia,deaths,hodgkin_lymphoma,
2018,District of Columbia,deaths,leukemia,
2018,District of Columbia,deaths,liver,80.0
2018,District of Columbia,deaths,lung_bronchus,200.0
2018,District of Columbia,deaths,ovary,
2018,District of Columbia,deaths,pancreas,90.0
2018,District of Columbia,deaths,prostate,70.0
2018,Florida,deaths,all_sites,45030.0
2018,Florida,deaths,brain_nervous_system,1290.0
2018,Florida,deaths,colon_rectum,3640.0
2018,Florida,deaths,female_breast,2940.0
2018,Florida,deaths,hodgkin_lymphoma,1510.0
2018,Florida,deaths,leukemia,1820.0
2018,Florida,deaths,liver,2150.0
2018,Florida,deaths,lung_bronchus,11760.0
2018,Florida,deaths,ovary,970.0
2018,Florida,deaths,pancreas,3300.0
2018,Florida,deaths,prostate,2260.0
2018,Georgia,deaths,all_sites,17730.0
2018,Georgia,deaths,brain_nervous_system,500.0
2018,Georgia,deaths,colon_rectum,1580.0
2018,Georgia,deaths,female_breast,1320.0
2018,Georgia,deaths,hodgkin_lymphoma,530.0
2018,Georgia,deaths,leukemia,620.0
2018,Georgia,deaths,liver,890.0
2018,Georgia,deaths,lung_bronchus,4650.0
2018,Georgia,deaths,ovary,420.0
2018,Georgia,deaths,pancreas,1210.0
2018,Georgia,deaths,prostate,870.0
2018,Hawaii,deaths,all_sites,2580.0
2018,Hawaii,deaths,brain_nervous_system,50.0
2018,Hawaii,deaths,colon_rectum,230.0
2018,Hawaii,deaths,female_breast,160.0
2018,Hawaii,deaths,hodgkin_lymphoma,100.0
2018,Hawaii,deaths,leukemia,90.0
2018,Hawaii,deaths,liver,180.0
2018,Hawaii,deaths,lung_bronchus,590.0
2018,Hawaii,deaths,ovary,
2018,Hawaii,deaths,pancreas,230.0
2018,Hawaii,deaths,prostate,120.0
2018,Idaho,deaths,all_sites,3020.0
2018,Idaho,deaths,brain_nervous_system,100.0
2018,Idaho,deaths,colon_rectum,240.0
2018,Idaho,deaths,female_breast,210.0
2018,Idaho,deaths,hodgkin_lymphoma,110.0
2018,Idaho,deaths,leukemia,120.0
2018,Idaho,deaths,liver,140.0
2018,Idaho,deaths,lung_bronchus,680.0
2018,Idaho,deaths,ovary,80.0
2018,Idaho,deaths,pancreas,240.0
2018,Idaho,deaths,prostate,200.0
2018,Illinois,deaths,all_sites,24670.0
2018,Illinois,deaths,brain_nervous_system,620.0
2018,Illinois,deaths,colon_rectum,2080.0
2018,Illinois,deaths,female_breast,1720.0
2018,Illinois,deaths,hodgkin_lymphoma,790.0
2018,Illinois,deaths,leukemia,980.0
2018,Illinois,deaths,liver,1100.0
2018,Illinois,deaths,lung_bronchus,6410.0
2018,Illinois,deaths,ovary,560.0
2018,Illinois,deaths,pancreas,1680.0
2018,Illinois,deaths,prostate,1160.0
2018,Indiana,deaths,all_sites,13820.0
2018,Indiana,deaths,brain_nervous_system,350.0
2018,Indiana,deaths,colon_rectum,1110.0
2018,Indiana,deaths,female_breast,860.0
2018,Indiana,deaths,hodgkin_lymphoma,450.0
2018,Indiana,deaths,leukemia,550.0
2018,Indiana,deaths,liver,550.0
2018,Indiana,deaths,lung_bronchus,3960.0
2018,Indiana,deaths,ovary,290.0
2018,Indiana,deaths,pancreas,910.0
2018,Indiana,deaths,prostate,600.0
2018,Iowa,deaths,all_sites,6570.0
2018,Iowa,deaths,brain_nervous_system,190.0
2018,Iowa,deaths,colon_rectum,570.0
2018,Iowa,deaths,female_breast,370.0
2018,Iowa,deaths,hodgkin_lymphoma,250.0
2018,Iowa,deaths,leukemia,250.0
2018,Iowa,deaths,liver,260.0
2018,Iowa,deaths,lung_bronchus,1740.0
2018,Iowa,deaths,ovary,150.0
2018,Iowa,deaths,pancreas,460.0
2018,Iowa,deaths,prostate,300.0
2018,Kansas,deaths,all_sites,5600.0
2018,Kansas,deaths,brain_nervous_system,170.0
2018,Kansas,deaths,colon_rectum,470.0
2018,Kansas,deaths,female_breast,350.0
2018,Kansas,deaths,hodgkin_lymphoma,180.0
2018,Kansas,deaths,leukemia,260.0
2018,Kansas,deaths,liver,240.0
2018,Kansas,deaths,lung_bronchus,1490.0
2018,Kansas,deaths,ovary,120.0
2018,Kansas,deaths,pancreas,420.0
2018,Kansas,deaths,prostate,260.0
2018,Kentucky,deaths,all_sites,10590.0
2018,Kentucky,deaths,brain_nervous_system,260.0
2018,Kentucky,deaths,colon_rectum,830.0
2018,Kentucky,deaths,female_breast,580.0
2018,Kentucky,deaths,hodgkin_lymphoma,320.0
2018,Kentucky,deaths,leukemia,380.0
2018,Kentucky,deaths,liver,440.0
2018,Kentucky,deaths,lung_bronchus,3530.0
2018,Kentucky,deaths,ovary,190.0
2018,Kentucky,deaths,pancreas,660.0
2018,Kentucky,deaths,prostate,390.0
2018,Louisiana,deaths,all_sites,9370.0
2018,Louisiana,deaths,brain_nervous_system,220.0
2018,Louisiana,deaths,colon_rectum,830.0
2018,Louisiana,deaths,female_breast,610.0
2018,Louisiana,deaths,hodgkin_lymphoma,290.0
2018,Louisiana,deaths,leukemia,330.0
2018,Louisiana,deaths,liver,550.0
2018,Louisiana,deaths,lung_bronchus,2580.0
2018,Louisiana,deaths,ovary,170.0
2018,Louisiana,deaths,pancreas,730.0
2018,Louisiana,deaths,prostate,400.0
2018,Maine,deaths,all_sites,3360.0
2018,Maine,deaths,brain_nervous_system,100.0
2018,Maine,deaths,colon_rectum,230.0
2018,Maine,deaths,female_breast,180.0
2018,Maine,deaths,hodgkin_lymphoma,110.0
2018,Maine,deaths,leukemia,130.0
2018,Maine,deaths,liver,120.0
2018,Maine,deaths,lung_bronchus,970.0
2018,Maine,deaths,ovary,60.0
2018,Maine,deaths,pancreas,230.0
2018,Maine,deaths,prostate,150.0
2018,Maryland,deaths,all_sites,10780.0
2018,Maryland,deaths,brain_nervous_system,290.0
2018,Maryland,deaths,colon_rectum,870.0
2018,Maryland,deaths,female_breast,810.0
2018,Maryland,deaths,hodgkin_lymphoma,340.0
2018,Maryland,deaths,leukemia,420.0
2018,Maryland,deaths,liver,580.0
2018,Maryland,deaths,lung_bronchus,2560.0
2018,Maryland,deaths,ovary,260.0
2018,Maryland,deaths,pancreas,850.0
2018,Maryland,deaths,prostate,530.0
2018,Massachusetts,deaths,all_sites,12610.0
2018,Massachusetts,deaths,brain_nervous_system,370.0
2018,Massachusetts,deaths,colon_rectum,890.0
2018,Massachusetts,deaths,female_breast,750.0
2018,Massachusetts,deaths,hodgkin_lymphoma,380.0
2018,Massachusetts,deaths,leukemia,520.0
2018,Massachusetts,deaths,liver,650.0
2018,Massachusetts,deaths,lung_bronchus,3180.0
2018,Massachusetts,deaths,ovary,320.0
2018,Massachusetts,deaths,pancreas,960.0
2018,Massachusetts,deaths,prostate,600.0
2018,Michigan,deaths,all_sites,21380.0
2018,Michigan,deaths,brain_nervous_system,570.0
2018,Michigan,deaths,colon_rectum,1670.0
2018,Michigan,deaths,female_breast,1400.0
2018,Michigan,deaths,hodgkin_lymphoma,750.0
2018,Michigan,deaths,leukemia,840.0
2018,Michigan,deaths,liver,880.0
2018,Michigan,deaths,lung_bronchus,5860.0
2018,Michigan,deaths,ovary,500.0
2018,Michigan,deaths,pancreas,1610.0
2018,Michigan,deaths,prostate,940.0
2018,Minnesota,deaths,all_sites,10080.0
2018,Minnesota,deaths,brain_nervous_system,300.0
2018,Minnesota,deaths,colon_rectum,770.0
2018,Minnesota,deaths,female_breast,630.0
2018,Minnesota,deaths,hodgkin_lymphoma,380.0
2018,Minnesota,deaths,leukemia,460.0
2018,Minnesota,deaths,liver,410.0
2018,Minnesota,deaths,lung_bronchus,2420.0
2018,Minnesota,deaths,ovary,230.0
2018,Minnesota,deaths,pancreas,750.0
2018,Minnesota,deaths,prostate,520.0
2018,Mississippi,deaths,all_sites,6750.0
2018,Mississippi,deaths,brain_nervous_system,220.0
2018,Mississippi,deaths,colon_rectum,640.0
2018,Mississippi,deaths,female_breast,420.0
2018,Mississippi,deaths,hodgkin_lymphoma,170.0
2018,Mississippi,deaths,leukemia,230.0
2018,Mississippi,deaths,liver,310.0
2018,Mississippi,deaths,lung_bronchus,1930.0
2018,Mississippi,deaths,ovary,110.0
2018,Mississippi,deaths,pancreas,490.0
2018,Mississippi,deaths,prostate,310.0
2018,Missouri,deaths,all_sites,13280.0
2018,Missouri,deaths,brain_nervous_system,320.0
2018,Missouri,deaths,colon_rectum,1050.0
2018,Missouri,deaths,female_breast,850.0
2018,Missouri,deaths,hodgkin_lymphoma,370.0
2018,Missouri,deaths,leukemia,520.0
2018,Missouri,deaths,liver,580.0
2018,Missouri,deaths,lung_bronchus,3950.0
2018,Missouri,deaths,ovary,250.0
2018,Missouri,deaths,pancreas,920.0
2018,Missouri,deaths,prostate,550.0
2018,Montana,deaths,all_sites,2110.0
2018,Montana,deaths,brain_nervous_system,70.0
2018,Montana,deaths,colon_rectum,180.0
2018,Montana,deaths,female_breast,140.0
2018,Montana,deaths,hodgkin_lymphoma,70.0
2018,Montana,deaths,leukemia,80.0
2018,Montana,deaths,liver,90.0
2018,Montana,deaths,lung_bronchus,510.0
2018,Montana,deaths,ovary,50.0
2018,Montana,deaths,pancreas,150.0
2018,Montana,deaths,prostate,130.0
2018,Nebraska,deaths,all_sites,3550.0
2018,Nebraska,deaths,brain_nervous_system,110.0
2018,Nebraska,deaths,colon_rectum,320.0
2018,Nebraska,deaths,female_breast,230.0
2018,Nebraska,deaths,hodgkin_lymphoma,130.0
2018,Nebraska,deaths,leukemia,150.0
2018,Nebraska,deaths,liver,130.0
2018,Nebraska,deaths,lung_bronchus,890.0
2018,Nebraska,deaths,ovary,70.0
2018,Nebraska,deaths,pancreas,250.0
2018,Nebraska,deaths,prostate,190.0
2018,Nevada,deaths,all_sites,5330.0
2018,Nevada,deaths,brain_nervous_system,150.0
2018,Nevada,deaths,colon_rectum,520.0
2018,Nevada,deaths,female_breast,390.0
2018,Nevada,deaths,hodgkin_lymphoma,150.0
2018,Nevada,deaths,leukemia,210.0
2018,Nevada,deaths,liver,240.0
2018,Nevada,deaths,lung_bronchus,1380.0
2018,Nevada,deaths,ovary,120.0
2018,Nevada,deaths,pancreas,380.0
2018,Nevada,deaths,prostate,280.0
2018,New Hampshire,deaths,all_sites,2810.0
2018,New Hampshire,deaths,brain_nervous_system,80.0
2018,New Hampshire,deaths,colon_rectum,190.0
2018,New Hampshire,deaths,female_breast,170.0
2018,New Hampshire,deaths,hodgkin_lymphoma,80.0
2018,New Hampshire,deaths,leukemia,110.0
2018,New Hampshire,deaths,liver,100.0
2018,New Hampshire,deaths,lung_bronchus,760.0
2018,New Hampshire,deaths,ovary,70.0
2018,New Hampshire,deaths,pancreas,210.0
2018,New Hampshire,deaths,prostate,130.0
2018,New Jersey,deaths,all_sites,16040.0
2018,New Jersey,deaths,brain_nervous_system,430.0
2018,New Jersey,deaths,colon_rectum,1400.0
2018,New Jersey,deaths,female_breast,1250.0
2018,New Jersey,deaths,hodgkin_lymphoma,510.0
2018,New Jersey,deaths,leukemia,650.0
2018,New Jersey,deaths,liver,720.0
2018,New Jersey,deaths,lung_bronchus,3670.0
2018,New Jersey,deaths,ovary,400.0
2018,New Jersey,deaths,pancreas,1300.0
2018,New Jersey,deaths,prostate,750.0
2018,New Mexico,deaths,all_sites,3750.0
2018,New Mexico,deaths,brain_nervous_system,100.0
2018,New Mexico,deaths,colon_rectum,340.0
2018,New Mexico,deaths,female_breast,260.0
2018,New Mexico,deaths,hodgkin_lymphoma,120.0
2018,New Mexico,deaths,leukemia,140.0
2018,New Mexico,deaths,liver,240.0
2018,New Mexico,deaths,lung_bronchus,760.0
2018,New Mexico,deaths,ovary,110.0
2018,New Mexico,deaths,pancreas,270.0
2018,New Mexico,deaths,prostate,220.0
2018,New York,deaths,all_sites,35350.0
2018,New York,deaths,brain_nervous_system,900.0
2018,New York,deaths,colon_rectum,2970.0
2018,New York,deaths,female_breast,2390.0
2018,New York,deaths,hodgkin_lymphoma,1200.0
2018,New York,deaths,leukemia,1460.0
2018,New York,deaths,liver,1710.0
2018,New York,deaths,lung_bronchus,8490.0
2018,New York,deaths,ovary,910.0
2018,New York,deaths,pancreas,2760.0
2018,New York,deaths,prostate,1680.0
2018,North Carolina,deaths,all_sites,20380.0
2018,North Carolina,deaths,brain_nervous_system,540.0
2018,North Carolina,deaths,colon_rectum,1570.0
2018,North Carolina,deaths,female_breast,1370.0
2018,North Carolina,deaths,hodgkin_lymphoma,610.0
2018,North Carolina,deaths,leukemia,760.0
2018,North Carolina,deaths,liver,1010.0
2018,North Carolina,deaths,lung_bronchus,5770.0
2018,North Carolina,deaths,ovary,430.0
2018,North Carolina,deaths,pancreas,1390.0
2018,North Carolina,deaths,prostate,940.0
2018,North Dakota,deaths,all_sites,1290.0
2018,North Dakota,deaths,brain_nervous_system,
2018,North Dakota,deaths,colon_rectum,110.0
2018,North Dakota,deaths,female_breast,80.0
2018,North Dakota,deaths,hodgkin_lymphoma,50.0
2018,North Dakota,deaths,leukemia,60.0
2018,North Dakota,deaths,liver,
2018,North Dakota,deaths,lung_bronchus,310.0
2018,North Dakota,deaths,ovary,
2018,North Dakota,deaths,pancreas,90.0
2018,North Dakota,deaths,prostate,70.0
2018,Ohio,deaths,all_sites,25740.0
2018,Ohio,deaths,brain_nervous_system,640.0
2018,Ohio,deaths,colon_rectum,2100.0
2018,Ohio,deaths,female_breast,1700.0
2018,Ohio,deaths,hodgkin_lymphoma,860.0
2018,Ohio,deaths,leukemia,1000.0
2018,Ohio,deaths,liver,1040.0
2018,Ohio,deaths,lung_bronchus,7200.0
2018,Ohio,deaths,ovary,550.0
2018,Ohio,deaths,pancreas,1860.0
2018,Ohio,deaths,prostate,1110.0
2018,Oklahoma,deaths,all_sites,8470.0
2018,Oklahoma,deaths,brain_nervous_system,210.0
2018,Oklahoma,deaths,colon_rectum,750.0
2018,Oklahoma,deaths,female_breast,530.0
2018,Oklahoma,deaths,hodgkin_lymphoma,270.0
2018,Oklahoma,deaths,leukemia,350.0
2018,Oklahoma,deaths,liver,400.0
2018,Oklahoma,deaths,lung_bronchus,2460.0
2018,Oklahoma,deaths,ovary,190.0
2018,Oklahoma,deaths,pancreas,540.0
2018,Oklahoma,deaths,prostate,390.0
2018,Oregon,deaths,all_sites,8310.0
2018,Oregon,deaths,brain_nervous_system,260.0
2018,Oregon,deaths,colon_rectum,650.0
2018,Oregon,deaths,female_breast,530.0
2018,Oregon,deaths,hodgkin_lymphoma,280.0
2018,Oregon,deaths,leukemia,310.0
2018,Oregon,deaths,liver,480.0
2018,Oregon,deaths,lung_bronchus,2000.0
2018,Oregon,deaths,ovary,240.0
2018,Oregon,deaths,pancreas,620.0
2018,Oregon,deaths,prostate,450.0
2018,Pennsylvania,deaths,all_sites,28620.0
2018,Pennsylvania,deaths,brain_nervous_system,710.0
2018,Pennsylvania,deaths,colon_rectum,2380.0
2018,Pennsylvania,deaths,female_breast,1880.0
2018,Pennsylvania,deaths,hodgkin_lymphoma,970.0
2018,Pennsylvania,deaths,leukemia,1180.0
2018,Pennsylvania,deaths,liver,1270.0
2018,Pennsylvania,deaths,lung_bronchus,7280.0
2018,Pennsylvania,deaths,ovary,670.0
2018,Pennsylvania,deaths,pancreas,2160.0
2018,Pennsylvania,deaths,prostate,1300.0
2018,Rhode Island,deaths,all_sites,2180.0
2018,Rhode Island,deaths,brain_nervous_system,50.0
2018,Rhode Island,deaths,colon_rectum,160.0
2018,Rhode Island,deaths,female_breast,130.0
2018,Rhode Island,deaths,hodgkin_lymphoma,60.0
2018,Rhode Island,deaths,leukemia,90.0
2018,Rhode Island,deaths,liver,120.0
2018,Rhode Island,deaths,lung_bronchus,610.0
2018,Rhode Island,deaths,ovary,50.0
2018,Rhode Island,deaths,pancreas,150.0
2018,Rhode Island,deaths,prostate,100.0
2018,South Carolina,deaths,all_sites,10630.0
2018,South Carolina,deaths,brain_nervous_system,270.0
2018,South Carolina,deaths,colon_rectum,860.0
2018,South Carolina,deaths,female_breast,710.0
2018,South Carolina,deaths,hodgkin_lymphoma,300.0
2018,South Carolina,deaths,leukemia,400.0
2018,South Carolina,deaths,liver,470.0
2018,South Carolina,deaths,lung_bronchus,2900.0
2018,South Carolina,deaths,ovary,230.0
2018,South Carolina,deaths,pancreas,730.0
2018,South Carolina,deaths,prostate,520.0
2018,South Dakota,deaths,all_sites,1680.0
2018,South Dakota,deaths,brain_nervous_system,60.0
2018,South Dakota,deaths,colon_rectum,160.0
2018,South Dakota,deaths,female_breast,110.0
2018,South Dakota,deaths,hodgkin_lymphoma,50.0
2018,South Dakota,deaths,leukemia,80.0
2018,South Dakota,deaths,liver,60.0
2018,South Dakota,deaths,lung_bronchus,440.0
2018,South Dakota,deaths,ovary,
2018,South Dakota,deaths,pancreas,110.0
2018,South Dakota,deaths,prostate,80.0
2018,Tennessee,deaths,all_sites,14900.0
2018,Tennessee,deaths,brain_nervous_system,350.0
2018,Tennessee,deaths,colon_rectum,1220.0
2018,Tennessee,deaths,female_breast,920.0
2018,Tennessee,deaths,hodgkin_lymphoma,460.0
2018,Tennessee,deaths,leukemia,540.0
2018,Tennessee,deaths,liver,700.0
2018,Tennessee,deaths,lung_bronchus,4480.0
2018,Tennessee,deaths,ovary,310.0
2018,Tennessee,deaths,pancreas,960.0
2018,Tennessee,deaths,prostate,600.0
2018,Texas,deaths,all_sites,41030.0
2018,Texas,deaths,brain_nervous_system,1130.0
2018,Texas,deaths,colon_rectum,3740.0
2018,Texas,deaths,female_breast,2880.0
2018,Texas,deaths,hodgkin_lymphoma,1330.0
2018,Texas,deaths,leukemia,1660.0
2018,Texas,deaths,liver,2700.0
2018,Texas,deaths,lung_bronchus,9310.0
2018,Texas,deaths,ovary,920.0
2018,Texas,deaths,pancreas,2880.0
2018,Texas,deaths,prostate,1830.0
2018,US,deaths,all_sites,609640.0
2018,US,deaths,brain_nervous_system,16830.0
2018,US,deaths,colon_rectum,50630.0
2018,US,deaths,female_breast,40920.0
2018,US,deaths,hodgkin_lymphoma,19910.0
2018,US,deaths,leukemia,24370.0
2018,US,deaths,liver,30200.0
2018,US,deaths,lung_bronchus,154050.0
2018,US,deaths,ovary,14070.0
2018,US,deaths,pancreas,44330.0
2018,US,deaths,prostate,29430.0
2018,Utah,deaths,all_sites,3270.0
2018,Utah,deaths,brain_nervous_system,130.0
2018,Utah,deaths,colon_rectum,280.0
2018,Utah,deaths,female_breast,280.0
2018,Utah,deaths,hodgkin_lymphoma,130.0
2018,Utah,deaths,leukemia,170.0
2018,Utah,deaths,liver,150.0
2018,Utah,deaths,lung_bronchus,470.0
2018,Utah,deaths,ovary,110.0
2018,Utah,deaths,pancreas,270.0
2018,Utah,deaths,prostate,220.0
2018,Vermont,deaths,all_sites,1450.0
2018,Vermont,deaths,brain_nervous_system,50.0
2018,Vermont,deaths,colon_rectum,110.0
2018,Vermont,deaths,female_breast,80.0
2018,Vermont,deaths,hodgkin_lymphoma,50.0
2018,Vermont,deaths,leukemia,50.0
2018,Vermont,deaths,liver,50.0
2018,Vermont,deaths,lung_bronchus,390.0
2018,Vermont,deaths,ovary,
2018,Vermont,deaths,pancreas,110.0
2018,Vermont,deaths,prostate,60.0
2018,Virginia,deaths,all_sites,15260.0
2018,Virginia,deaths,brain_nervous_system,400.0
2018,Virginia,deaths,colon_rectum,1210.0
2018,Virginia,deaths,female_breast,1090.0
2018,Virginia,deaths,hodgkin_lymphoma,490.0
2018,Virginia,deaths,leukemia,550.0
2018,Virginia,deaths,liver,720.0
2018,Virginia,deaths,lung_bronchus,3780.0
2018,Virginia,deaths,ovary,370.0
2018,Virginia,deaths,pancreas,1120.0
2018,Virginia,deaths,prostate,700.0
2018,Washington,deaths,all_sites,13030.0
2018,Washington,deaths,brain_nervous_system,400.0
2018,Washington,deaths,colon_rectum,970.0
2018,Washington,deaths,female_breast,860.0
2018,Washington,deaths,hodgkin_lymphoma,450.0
2018,Washington,deaths,leukemia,520.0
2018,Washington,deaths,liver,710.0
2018,Washington,deaths,lung_bronchus,3080.0
2018,Washington,deaths,ovary,340.0
2018,Washington,deaths,pancreas,950.0
2018,Washington,deaths,prostate,690.0
2018,West Virginia,deaths,all_sites,4900.0
2018,West Virginia,deaths,brain_nervous_system,110.0
2018,West Virginia,deaths,colon_rectum,430.0
2018,West Virginia,deaths,female_breast,280.0
2018,West Virginia,deaths,hodgkin_lymphoma,150.0
2018,West Virginia,deaths,leukemia,200.0
2018,West Virginia,deaths,liver,190.0
2018,West Virginia,deaths,lung_bronchus,1470.0
2018,West Virginia,deaths,ovary,90.0
2018,West Virginia,deaths,pancreas,300.0
2018,West Virginia,deaths,prostate,180.0
2018,Wisconsin,deaths,all_sites,11840.0
2018,Wisconsin,deaths,brain_nervous_system,360.0
2018,Wisconsin,deaths,colon_rectum,890.0
2018,Wisconsin,deaths,female_breast,720.0
2018,Wisconsin,deaths,hodgkin_lymphoma,420.0
2018,Wisconsin,deaths,leukemia,520.0
2018,Wisconsin,deaths,liver,450.0
2018,Wisconsin,deaths,lung_bronchus,3000.0
2018,Wisconsin,deaths,ovary,230.0
2018,Wisconsin,deaths,pancreas,890.0
2018,Wisconsin,deaths,prostate,620.0
2018,Wyoming,deaths,all_sites,980.0
2018,Wyoming,deaths,brain_nervous_system,
2018,Wyoming,deaths,colon_rectum,80.0
2018,Wyoming,deaths,female_breast,70.0
2018,Wyoming,deaths,hodgkin_lymphoma,
2018,Wyoming,deaths,leukemia,60.0
2018,Wyoming,deaths,liver,
2018,Wyoming,deaths,lung_bronchus,220.0
2018,Wyoming,deaths,ovary,
2018,Wyoming,deaths,pancreas,70.0
2018,Wyoming,deaths,prostate,
2019,Alabama,cases,all_sites,28950.0
2019,Alabama,cases,colon_rectum,2330.0
2019,Alabama,cases,female_breast,4240.0
2019,Alabama,cases,hodgkin_lymphoma,990.0
2019,Alabama,cases,leukemia,840.0
2019,Alabama,cases,lung_bronchus,4150.0
2019,Alabama,cases,melanoma_skin,1420.0
2019,Alabama,cases,prostate,4060.0
2019,Alabama,cases,urinary_bladder,1100.0
2019,Alabama,cases,uterine_cervix,240.0
2019,Alabama,cases,uterine_corpus,760.0
2019,Alaska,cases,all_sites,3090.0
2019,Alaska,cases,colon_rectum,290.0
2019,Alaska,cases,female_breast,470.0
2019,Alaska,cases,hodgkin_lymphoma,130.0
2019,Alaska,cases,leukemia,90.0
2019,Alaska,cases,lung_bronchus,400.0
2019,Alaska,cases,melanoma_skin,120.0
2019,Alaska,cases,prostate,460.0
2019,Alaska,cases,urinary_bladder,150.0
2019,Alaska,cases,uterine_cervix,
2019,Alaska,cases,uterine_corpus,110.0
2019,Arizona,cases,all_sites,37490.0
2019,Arizona,cases,colon_rectum,2840.0
2019,Arizona,cases,female_breast,5630.0
2019,Arizona,cases,hodgkin_lymphoma,1420.0
2019,Arizona,cases,leukemia,1110.0
2019,Arizona,cases,lung_bronchus,4290.0
2019,Arizona,cases,melanoma_skin,2340.0
2019,Arizona,cases,prostate,2800.0
2019,Arizona,cases,urinary_bladder,1780.0
2019,Arizona,cases,uterine_cervix,250.0
2019,Arizona,cases,uterine_corpus,1200.0
2019,Arkansas,cases,all_sites,16580.0
2019,Arkansas,cases,colon_rectum,1440.0
2019,Arkansas,cases,female_breast,2210.0
2019,Arkansas,cases,hodgkin_lymphoma,640.0
2019,Arkansas,cases,leukemia,560.0
2019,Arkansas,cases,lung_bronchus,2690.0
2019,Arkansas,cases,melanoma_skin,760.0
2019,Arkansas,cases,prostate,2680.0
2019,Arkansas,cases,urinary_bladder,740.0
2019,Arkansas,cases,uterine_cervix,140.0
2019,Arkansas,cases,uterine_corpus,510.0
2019,California,cases,all_sites,186920.0
2019,California,cases,colon_rectum,15360.0
2019,California,cases,female_breast,27700.0
2019,California,cases,hodgkin_lymphoma,8230.0
2019,California,cases,leukemia,6030.0
2019,California,cases,lung_bronchus,18990.0
2019,California,cases,melanoma_skin,10710.0
2019,California,cases,prostate,24550.0
2019,California,cases,urinary_bladder,7780.0
2019,California,cases,uterine_cervix,1590.0
2019,California,cases,uterine_corpus,6230.0
2019,Colorado,cases,all_sites,26800.0
2019,Colorado,cases,colon_rectum,1940.0
2019,Colorado,cases,female_breast,4180.0
2019,Colorado,cases,hodgkin_lymphoma,1130.0
2019,Colorado,cases,leukemia,810.0
2019,Colorado,cases,lung_bronchus,2690.0
2019,Colorado,cases,melanoma_skin,1830.0
2019,Colorado,cases,prostate,2270.0
2019,Colorado,cases,urinary_bladder,1210.0
2019,Colorado,cases,uterine_cervix,170.0
2019,Colorado,cases,uterine_corpus,830.0
2019,Connecticut,cases,all_sites,21950.0
2019,Connecticut,cases,colon_rectum,1560.0
2019,Connecticut,cases,female_breast,3490.0
2019,Connecticut,cases,hodgkin_lymphoma,950.0
2019,Connecticut,cases,leukemia,670.0
2019,Connecticut,cases,lung_bronchus,2580.0
2019,Connecticut,cases,melanoma_skin,930.0
2019,Connecticut,cases,prostate,1980.0
2019,Connecticut,cases,urinary_bladder,1160.0
2019,Connecticut,cases,uterine_cervix,120.0
2019,Connecticut,cases,uterine_corpus,720.0
2019,Delaware,cases,all_sites,5870.0
2019,Delaware,cases,colon_rectum,440.0
2019,Delaware,cases,female_breast,930.0
2019,Delaware,cases,hodgkin_lymphoma,240.0
2019,Delaware,cases,leukemia,210.0
2019,Delaware,cases,lung_bronchus,840.0
2019,Delaware,cases,melanoma_skin,400.0
2019,Delaware,cases,prostate,700.0
2019,Delaware,cases,urinary_bladder,300.0
2019,Delaware,cases,uterine_cervix,
2019,Delaware,cases,uterine_corpus,220.0
2019,District of Columbia,cases,all_sites,3190.0
2019,District of Columbia,cases,colon_rectum,260.0
2019,District of Columbia,cases,female_breast,510.0
2019,District of Columbia,cases,hodgkin_lymphoma,120.0
2019,District of Columbia,cases,leukemia,80.0
2019,District of Columbia,cases,lung_bronchus,340.0
2019,District of Columbia,cases,melanoma_skin,80.0
2019,District of Columbia,cases,prostate,300.0
2019,District of Columbia,cases,urinary_bladder,80.0
2019,District of Columbia,cases,uterine_cervix,
2019,District of Columbia,cases,uterine_corpus,120.0
2019,Florida,cases,all_sites,131470.0
2019,Florida,cases,colon_rectum,11310.0
2019,Florida,cases,female_breast,19130.0
2019,Florida,cases,hodgkin_lymphoma,5420.0
2019,Florida,cases,leukemia,4980.0
2019,Florida,cases,lung_bronchus,18560.0
2019,Florida,cases,melanoma_skin,8360.0
2019,Florida,cases,prostate,11860.0
2019,Florida,cases,urinary_bladder,6450.0
2019,Florida,cases,uterine_cervix,1040.0
2019,Florida,cases,uterine_corpus,4520.0
2019,Georgia,cases,all_sites,50450.0
2019,Georgia,cases,colon_rectum,4450.0
2019,Georgia,cases,female_breast,8000.0
2019,Georgia,cases,hodgkin_lymphoma,2030.0
2019,Georgia,cases,leukemia,1800.0
2019,Georgia,cases,lung_bronchus,7070.0
2019,Georgia,cases,melanoma_skin,3050.0
2019,Georgia,cases,prostate,5400.0
2019,Georgia,cases,urinary_bladder,2040.0
2019,Georgia,cases,uterine_cervix,440.0
2019,Georgia,cases,uterine_corpus,1640.0
2019,Hawaii,cases,all_sites,7120.0
2019,Hawaii,cases,colon_rectum,620.0
2019,Hawaii,cases,female_breast,1280.0
2019,Hawaii,cases,hodgkin_lymphoma,280.0
2019,Hawaii,cases,leukemia,200.0
2019,Hawaii,cases,lung_bronchus,860.0
2019,Hawaii,cases,melanoma_skin,490.0
2019,Hawaii,cases,prostate,680.0
2019,Hawaii,cases,urinary_bladder,280.0
2019,Hawaii,cases,uterine_cervix,50.0
2019,Hawaii,cases,uterine_corpus,310.0
2019,Idaho,cases,all_sites,8390.0
2019,Idaho,cases,colon_rectum,630.0
2019,Idaho,cases,female_breast,1340.0
2019,Idaho,cases,hodgkin_lymphoma,380.0
2019,Idaho,cases,leukemia,340.0
2019,Idaho,cases,lung_bronchus,1030.0
2019,Idaho,cases,melanoma_skin,670.0
2019,Idaho,cases,prostate,1370.0
2019,Idaho,cases,urinary_bladder,460.0
2019,Idaho,cases,uterine_cervix,50.0
2019,Idaho,cases,uterine_corpus,310.0
2019,Illinois,cases,all_sites,68560.0
2019,Illinois,cases,colon_rectum,6030.0
2019,Illinois,cases,female_breast,11560.0
2019,Illinois,cases,hodgkin_lymphoma,2890.0
2019,Illinois,cases,leukemia,2380.0
2019,Illinois,cases,lung_bronchus,9130.0
2019,Illinois,cases,melanoma_skin,3750.0
2019,Illinois,cases,prostate,6990.0
2019,Illinois,cases,urinary_bladder,3240.0
2019,Illinois,cases,uterine_cervix,510.0
2019,Illinois,cases,uterine_corpus,2700.0
2019,Indiana,cases,all_sites,35280.0
2019,Indiana,cases,colon_rectum,3360.0
2019,Indiana,cases,female_breast,5820.0
2019,Indiana,cases,hodgkin_lymphoma,1550.0
2019,Indiana,cases,leukemia,1230.0
2019,Indiana,cases,lung_bronchus,5500.0
2019,Indiana,cases,melanoma_skin,2120.0
2019,Indiana,cases,prostate,2530.0
2019,Indiana,cases,urinary_bladder,1710.0
2019,Indiana,cases,uterine_cervix,270.0
2019,Indiana,cases,uterine_corpus,1330.0
2019,Iowa,cases,all_sites,17810.0
2019,Iowa,cases,colon_rectum,1540.0
2019,Iowa,cases,female_breast,2730.0
2019,Iowa,cases,hodgkin_lymphoma,830.0
2019,Iowa,cases,leukemia,730.0
2019,Iowa,cases,lung_bronchus,2410.0
2019,Iowa,cases,melanoma_skin,1070.0
2019,Iowa,cases,prostate,1720.0
2019,Iowa,cases,urinary_bladder,890.0
2019,Iowa,cases,uterine_cervix,100.0
2019,Iowa,cases,uterine_corpus,660.0
2019,Kansas,cases,all_sites,15340.0
2019,Kansas,cases,colon_rectum,1290.0
2019,Kansas,cases,female_breast,2420.0
2019,Kansas,cases,hodgkin_lymphoma,650.0
2019,Kansas,cases,leukemia,590.0
2019,Kansas,cases,lung_bronchus,2000.0
2019,Kansas,cases,melanoma_skin,870.0
2019,Kansas,cases,prostate,2070.0
2019,Kansas,cases,urinary_bladder,640.0
2019,Kansas,cases,uterine_cervix,110.0
2019,Kansas,cases,uterine_corpus,520.0
2019,Kentucky,cases,all_sites,26400.0
2019,Kentucky,cases,colon_rectum,2320.0
2019,Kentucky,cases,female_breast,3670.0
2019,Kentucky,cases,hodgkin_lymphoma,1050.0
2019,Kentucky,cases,leukemia,940.0
2019,Kentucky,cases,lung_bronchus,4960.0
2019,Kentucky,cases,melanoma_skin,1310.0
2019,Kentucky,cases,prostate,2190.0
2019,Kentucky,cases,urinary_bladder,1130.0
2019,Kentucky,cases,uterine_cervix,200.0
2019,Kentucky,cases,uterine_corpus,890.0
2019,Louisiana,cases,all_sites,26800.0
2019,Louisiana,cases,colon_rectum,2340.0
2019,Louisiana,cases,female_breast,3770.0
2019,Louisiana,cases,hodgkin_lymphoma,1060.0
2019,Louisiana,cases,leukemia,830.0
2019,Louisiana,cases,lung_bronchus,3810.0
2019,Louisiana,cases,melanoma_skin,1020.0
2019,Louisiana,cases,prostate,3380.0
2019,Louisiana,cases,urinary_bladder,1050.0
2019,Louisiana,cases,uterine_cervix,230.0
2019,Louisiana,cases,uterine_corpus,700.0
2019,Maine,cases,all_sites,8920.0
2019,Maine,cases,colon_rectum,670.0
2019,Maine,cases,female_breast,1390.0
2019,Maine,cases,hodgkin_lymphoma,400.0
2019,Maine,cases,leukemia,310.0
2019,Maine,cases,lung_bronchus,1400.0
2019,Maine,cases,melanoma_skin,510.0
2019,Maine,cases,prostate,660.0
2019,Maine,cases,urinary_bladder,560.0
2019,Maine,cases,uterine_cervix,50.0
2019,Maine,cases,uterine_corpus,320.0
2019,Maryland,cases,all_sites,33140.0
2019,Maryland,cases,colon_rectum,2620.0
2019,Maryland,cases,female_breast,5290.0
2019,Maryland,cases,hodgkin_lymphoma,1280.0
2019,Maryland,cases,leukemia,960.0
2019,Maryland,cases,lung_bronchus,4040.0
2019,Maryland,cases,melanoma_skin,1750.0
2019,Maryland,cases,prostate,3810.0
2019,Maryland,cases,urinary_bladder,1390.0
2019,Maryland,cases,uterine_cervix,230.0
2019,Maryland,cases,uterine_corpus,1280.0
2019,Massachusetts,cases,all_sites,40020.0
2019,Massachusetts,cases,colon_rectum,2840.0
2019,Massachusetts,cases,female_breast,6610.0
2019,Massachusetts,cases,hodgkin_lymphoma,1720.0
2019,Massachusetts,cases,leukemia,1140.0
2019,Massachusetts,cases,lung_bronchus,5150.0
2019,Massachusetts,cases,melanoma_skin,1640.0
2019,Massachusetts,cases,prostate,2710.0
2019,Massachusetts,cases,urinary_bladder,2130.0
2019,Massachusetts,cases,uterine_cervix,210.0
2019,Massachusetts,cases,uterine_corpus,1380.0
2019,Michigan,cases,all_sites,58360.0
2019,Michigan,cases,colon_rectum,5040.0
2019,Michigan,cases,female_breast,9310.0
2019,Michigan,cases,hodgkin_lymphoma,2530.0
2019,Michigan,cases,leukemia,1930.0
2019,Michigan,cases,lung_bronchus,8070.0
2019,Michigan,cases,melanoma_skin,3300.0
2019,Michigan,cases,prostate,4580.0
2019,Michigan,cases,urinary_bladder,2930.0
2019,Michigan,cases,uterine_cervix,360.0
2019,Michigan,cases,uterine_corpus,2200.0
2019,Minnesota,cases,all_sites,30560.0
2019,Minnesota,cases,colon_rectum,2300.0
2019,Minnesota,cases,female_breast,4740.0
2019,Minnesota,cases,hodgkin_lymphoma,1360.0
2019,Minnesota,cases,leukemia,1360.0
2019,Minnesota,cases,lung_bronchus,3600.0
2019,Minnesota,cases,melanoma_skin,1640.0
2019,Minnesota,cases,prostate,1970.0
2019,Minnesota,cases,urinary_bladder,1400.0
2019,Minnesota,cases,uterine_cervix,140.0
2019,Minnesota,cases,uterine_corpus,1080.0
2019,Mississippi,cases,all_sites,17050.0
2019,Mississippi,cases,colon_rectum,1680.0
2019,Mississippi,cases,female_breast,2370.0
2019,Mississippi,cases,hodgkin_lymphoma,570.0
2019,Mississippi,cases,leukemia,520.0
2019,Mississippi,cases,lung_bronchus,2520.0
2019,Mississippi,cases,melanoma_skin,650.0
2019,Mississippi,cases,prostate,1930.0
2019,Mississippi,cases,urinary_bladder,630.0
2019,Mississippi,cases,uterine_cervix,150.0
2019,Mississippi,cases,uterine_corpus,450.0
2019,Missouri,cases,all_sites,35480.0
2019,Missouri,cases,colon_rectum,3110.0
2019,Missouri,cases,female_breast,5350.0
2019,Missouri,cases,hodgkin_lymphoma,1430.0
2019,Missouri,cases,leukemia,1240.0
2019,Missouri,cases,lung_bronchus,5490.0
2019,Missouri,cases,melanoma_skin,1800.0
2019,Missouri,cases,prostate,3290.0
2019,Missouri,cases,urinary_bladder,1570.0
2019,Missouri,cases,uterine_cervix,260.0
2019,Missouri,cases,uterine_corpus,1180.0
2019,Montana,cases,all_sites,5920.0
2019,Montana,cases,colon_rectum,470.0
2019,Montana,cases,female_breast,890.0
2019,Montana,cases,hodgkin_lymphoma,260.0
2019,Montana,cases,leukemia,240.0
2019,Montana,cases,lung_bronchus,820.0
2019,Montana,cases,melanoma_skin,390.0
2019,Montana,cases,prostate,600.0
2019,Montana,cases,urinary_bladder,340.0
2019,Montana,cases,uterine_cervix,
2019,Montana,cases,uterine_corpus,220.0
2019,Nebraska,cases,all_sites,9780.0
2019,Nebraska,cases,colon_rectum,900.0
2019,Nebraska,cases,female_breast,1580.0
2019,Nebraska,cases,hodgkin_lymphoma,460.0
2019,Nebraska,cases,leukemia,420.0
2019,Nebraska,cases,lung_bronchus,1290.0
2019,Nebraska,cases,melanoma_skin,580.0
2019,Nebraska,cases,prostate,750.0
2019,Nebraska,cases,urinary_bladder,470.0
2019,Nebraska,cases,uterine_cervix,70.0
2019,Nebraska,cases,uterine_corpus,360.0
2019,Nevada,cases,all_sites,14810.0
2019,Nevada,cases,colon_rectum,1340.0
2019,Nevada,cases,female_breast,2190.0
2019,Nevada,cases,hodgkin_lymphoma,600.0
2019,Nevada,cases,leukemia,530.0
2019,Nevada,cases,lung_bronchus,1880.0
2019,Nevada,cases,melanoma_skin,850.0
2019,Nevada,cases,prostate,1180.0
2019,Nevada,cases,urinary_bladder,770.0
2019,Nevada,cases,uterine_cervix,140.0
2019,Nevada,cases,uterine_corpus,420.0
2019,New Hampshire,cases,all_sites,8610.0
2019,New Hampshire,cases,colon_rectum,590.0
2019,New Hampshire,cases,female_breast,1330.0
2019,New Hampshire,cases,hodgkin_lymphoma,370.0
2019,New Hampshire,cases,leukemia,260.0
2019,New Hampshire,cases,lung_bronchus,1140.0
2019,New Hampshire,cases,melanoma_skin,450.0
2019,New Hampshire,cases,prostate,1030.0
2019,New Hampshire,cases,urinary_bladder,500.0
2019,New Hampshire,cases,uterine_cervix,
2019,New Hampshire,cases,uterine_corpus,300.0
2019,New Jersey,cases,all_sites,53400.0
2019,New Jersey,cases,colon_rectum,4250.0
2019,New Jersey,cases,female_breast,8340.0
2019,New Jersey,cases,hodgkin_lymphoma,2330.0
2019,New Jersey,cases,leukemia,2070.0
2019,New Jersey,cases,lung_bronchus,6070.0
2019,New Jersey,cases,melanoma_skin,2850.0
2019,New Jersey,cases,prostate,5710.0
2019,New Jersey,cases,urinary_bladder,2580.0
2019,New Jersey,cases,uterine_cervix,410.0
2019,New Jersey,cases,uterine_corpus,2130.0
2019,New Mexico,cases,all_sites,9460.0
2019,New Mexico,cases,colon_rectum,830.0
2019,New Mexico,cases,female_breast,1440.0
2019,New Mexico,cases,hodgkin_lymphoma,400.0
2019,New Mexico,cases,leukemia,360.0
2019,New Mexico,cases,lung_bronchus,1070.0
2019,New Mexico,cases,melanoma_skin,630.0
2019,New Mexico,cases,prostate,520.0
2019,New Mexico,cases,urinary_bladder,410.0
2019,New Mexico,cases,uterine_cervix,80.0
2019,New Mexico,cases,uterine_corpus,370.0
2019,New York,cases,all_sites,111870.0
2019,New York,cases,colon_rectum,9150.0
2019,New York,cases,female_breast,17490.0
2019,New York,cases,hodgkin_lymphoma,5030.0
2019,New York,cases,leukemia,4540.0
2019,New York,cases,lung_bronchus,13380.0
2019,New York,cases,melanoma_skin,5150.0
2019,New York,cases,prostate,9700.0
2019,New York,cases,urinary_bladder,5410.0
2019,New York,cases,uterine_cervix,880.0
2019,New York,cases,uterine_corpus,4500.0
2019,North Carolina,cases,all_sites,58690.0
2019,North Carolina,cases,colon_rectum,4310.0
2019,North Carolina,cases,female_breast,8870.0
2019,North Carolina,cases,hodgkin_lymphoma,2220.0
2019,North Carolina,cases,leukemia,1960.0
2019,North Carolina,cases,lung_bronchus,8010.0
2019,North Carolina,cases,melanoma_skin,3550.0
2019,North Carolina,cases,prostate,7490.0
2019,North Carolina,cases,urinary_bladder,2490.0
2019,North Carolina,cases,uterine_cervix,410.0
2019,North Carolina,cases,uterine_corpus,1960.0
2019,North Dakota,cases,all_sites,3940.0
2019,North Dakota,cases,colon_rectum,350.0
2019,North Dakota,cases,female_breast,590.0
2019,North Dakota,cases,hodgkin_lymphoma,180.0
2019,North Dakota,cases,leukemia,170.0
2019,North Dakota,cases,lung_bronchus,430.0
2019,North Dakota,cases,melanoma_skin,230.0
2019,North Dakota,cases,prostate,360.0
2019,North Dakota,cases,urinary_bladder,190.0
2019,North Dakota,cases,uterine_cervix,
2019,North Dakota,cases,uterine_corpus,130.0
2019,Ohio,cases,all_sites,67150.0
2019,Ohio,cases,colon_rectum,6200.0
2019,Ohio,cases,female_breast,10240.0
2019,Ohio,cases,hodgkin_lymphoma,2850.0
2019,Ohio,cases,leukemia,2100.0
2019,Ohio,cases,lung_bronchus,9680.0
2019,Ohio,cases,melanoma_skin,3750.0
2019,Ohio,cases,prostate,5340.0
2019,Ohio,cases,urinary_bladder,3210.0
2019,Ohio,cases,uterine_cervix,430.0
2019,Ohio,cases,uterine_corpus,2600.0
2019,Oklahoma,cases,all_sites,20540.0
2019,Oklahoma,cases,colon_rectum,1840.0
2019,Oklahoma,cases,female_breast,2980.0
2019,Oklahoma,cases,hodgkin_lymphoma,850.0
2019,Oklahoma,cases,leukemia,780.0
2019,Oklahoma,cases,lung_bronchus,3220.0
2019,Oklahoma,cases,melanoma_skin,860.0
2019,Oklahoma,cases,prostate,1800.0
2019,Oklahoma,cases,urinary_bladder,910.0
2019,Oklahoma,cases,uterine_cervix,170.0
2019,Oklahoma,cases,uterine_corpus,630.0
2019,Oregon,cases,all_sites,23320.0
2019,Oregon,cases,colon_rectum,1620.0
2019,Oregon,cases,female_breast,3390.0
2019,Oregon,cases,hodgkin_lymphoma,1010.0
2019,Oregon,cases,leukemia,670.0
2019,Oregon,cases,lung_bronchus,2900.0
2019,Oregon,cases,melanoma_skin,1780.0
2019,Oregon,cases,prostate,1950.0
2019,Oregon,cases,urinary_bladder,1140.0
2019,Oregon,cases,uterine_cervix,150.0
2019,Oregon,cases,uterine_corpus,810.0
2019,Pennsylvania,cases,all_sites,79890.0
2019,Pennsylvania,cases,colon_rectum,6520.0
2019,Pennsylvania,cases,female_breast,12070.0
2019,Pennsylvania,cases,hodgkin_lymphoma,3430.0
2019,Pennsylvania,cases,leukemia,3040.0
2019,Pennsylvania,cases,lung_bronchus,10380.0
2019,Pennsylvania,cases,melanoma_skin,4340.0
2019,Pennsylvania,cases,prostate,7470.0
2019,Pennsylvania,cases,urinary_bladder,4230.0
2019,Pennsylvania,cases,uterine_cervix,540.0
2019,Pennsylvania,cases,uterine_corpus,3280.0
2019,Rhode Island,cases,all_sites,6540.0
2019,Rhode Island,cases,colon_rectum,470.0
2019,Rhode Island,cases,female_breast,1010.0
2019,Rhode Island,cases,hodgkin_lymphoma,270.0
2019,Rhode Island,cases,leukemia,190.0
2019,Rhode Island,cases,lung_bronchus,940.0
2019,Rhode Island,cases,melanoma_skin,310.0
2019,Rhode Island,cases,prostate,550.0
2019,Rhode Island,cases,urinary_bladder,360.0
2019,Rhode Island,cases,uterine_cervix,
2019,Rhode Island,cases,uterine_corpus,210.0
2019,South Carolina,cases,all_sites,29830.0
2019,South Carolina,cases,colon_rectum,2370.0
2019,South Carolina,cases,female_breast,4470.0
2019,South Carolina,cases,hodgkin_lymphoma,1100.0
2019,South Carolina,cases,leukemia,1040.0
2019,South Carolina,cases,lung_bronchus,4360.0
2019,South Carolina,cases,melanoma_skin,1810.0
2019,South Carolina,cases,prostate,3130.0
2019,South Carolina,cases,urinary_bladder,1270.0
2019,South Carolina,cases,uterine_cervix,210.0
2019,South Carolina,cases,uterine_corpus,930.0
2019,South Dakota,cases,all_sites,4770.0
2019,South Dakota,cases,colon_rectum,430.0
2019,South Dakota,cases,female_breast,750.0
2019,South Dakota,cases,hodgkin_lymphoma,210.0
2019,South Dakota,cases,leukemia,200.0
2019,South Dakota,cases,lung_bronchus,580.0
2019,South Dakota,cases,melanoma_skin,250.0
2019,South Dakota,cases,prostate,400.0
2019,South Dakota,cases,urinary_bladder,240.0
2019,South Dakota,cases,uterine_cervix,
2019,South Dakota,cases,uterine_corpus,160.0
2019,Tennessee,cases,all_sites,37350.0
2019,Tennessee,cases,colon_rectum,3290.0
2019,Tennessee,cases,female_breast,5580.0
2019,Tennessee,cases,hodgkin_lymphoma,1550.0
2019,Tennessee,cases,leukemia,1280.0
2019,Tennessee,cases,lung_bronchus,6210.0
2019,Tennessee,cases,melanoma_skin,2070.0
2019,Tennessee,cases,prostate,3160.0
2019,Tennessee,cases,urinary_bladder,1670.0
2019,Tennessee,cases,uterine_cervix,310.0
2019,Tennessee,cases,uterine_corpus,1210.0
2019,Texas,cases,all_sites,124890.0
2019,Texas,cases,colon_rectum,10950.0
2019,Texas,cases,female_breast,18750.0
2019,Texas,cases,hodgkin_lymphoma,5430.0
2019,Texas,cases,leukemia,4820.0
2019,Texas,cases,lung_bronchus,14750.0
2019,Texas,cases,melanoma_skin,4270.0
2019,Texas,cases,prostate,10660.0
2019,Texas,cases,urinary_bladder,4470.0
2019,Texas,cases,uterine_cervix,1290.0
2019,Texas,cases,uterine_corpus,4090.0
2019,US,cases,all_sites,1762450.0
2019,US,cases,colon_rectum,145600.0
2019,US,cases,female_breast,268600.0
2019,US,cases,hodgkin_lymphoma,74200.0
2019,US,cases,leukemia,61780.0
2019,US,cases,lung_bronchus,228150.0
2019,US,cases,melanoma_skin,96480.0
2019,US,cases,prostate,174650.0
2019,US,cases,urinary_bladder,80470.0
2019,US,cases,uterine_cervix,13170.0
2019,US,cases,uterine_corpus,61880.0
2019,Utah,cases,all_sites,11620.0
2019,Utah,cases,colon_rectum,770.0
2019,Utah,cases,female_breast,1660.0
2019,Utah,cases,hodgkin_lymphoma,550.0
2019,Utah,cases,leukemia,480.0
2019,Utah,cases,lung_bronchus,780.0
2019,Utah,cases,melanoma_skin,1160.0
2019,Utah,cases,prostate,1080.0
2019,Utah,cases,urinary_bladder,450.0
2019,Utah,cases,uterine_cervix,70.0
2019,Utah,cases,uterine_corpus,420.0
2019,Vermont,cases,all_sites,3920.0
2019,Vermont,cases,colon_rectum,280.0
2019,Vermont,cases,female_breast,620.0
2019,Vermont,cases,hodgkin_lymphoma,170.0
2019,Vermont,cases,leukemia,130.0
2019,Vermont,cases,lung_bronchus,510.0
2019,Vermont,cases,melanoma_skin,250.0
2019,Vermont,cases,prostate,210.0
2019,Vermont,cases,urinary_bladder,230.0
2019,Vermont,cases,uterine_cervix,
2019,Vermont,cases,uterine_corpus,130.0
2019,Virginia,cases,all_sites,45440.0
2019,Virginia,cases,colon_rectum,3540.0
2019,Virginia,cases,female_breast,7120.0
2019,Virginia,cases,hodgkin_lymphoma,1760.0
2019,Virginia,cases,leukemia,1400.0
2019,Virginia,cases,lung_bronchus,5950.0
2019,Virginia,cases,melanoma_skin,2810.0
2019,Virginia,cases,prostate,5440.0
2019,Virginia,cases,urinary_bladder,2010.0
2019,Virginia,cases,uterine_cervix,310.0
2019,Virginia,cases,uterine_corpus,1650.0
2019,Washington,cases,all_sites,39160.0
2019,Washington,cases,colon_rectum,2800.0
2019,Washington,cases,female_breast,5840.0
2019,Washington,cases,hodgkin_lymphoma,1800.0
2019,Washington,cases,leukemia,1370.0
2019,Washington,cases,lung_bronchus,4770.0
2019,Washington,cases,melanoma_skin,2790.0
2019,Washington,cases,prostate,2470.0
2019,Washington,cases,urinary_bladder,1910.0
2019,Washington,cases,uterine_cervix,230.0
2019,Washington,cases,uterine_corpus,1400.0
2019,West Virginia,cases,all_sites,12440.0
2019,West Virginia,cases,colon_rectum,980.0
2019,West Virginia,cases,female_breast,1540.0
2019,West Virginia,cases,hodgkin_lymphoma,470.0
2019,West Virginia,cases,leukemia,410.0
2019,West Virginia,cases,lung_bronchus,2010.0
2019,West Virginia,cases,melanoma_skin,650.0
2019,West Virginia,cases,prostate,1010.0
2019,West Virginia,cases,urinary_bladder,630.0
2019,West Virginia,cases,uterine_cervix,80.0
2019,West Virginia,cases,uterine_corpus,450.0
2019,Wisconsin,cases,all_sites,34220.0
2019,Wisconsin,cases,colon_rectum,2450.0
2019,Wisconsin,cases,female_breast,5270.0
2019,Wisconsin,cases,hodgkin_lymphoma,1480.0
2019,Wisconsin,cases,leukemia,1320.0
2019,Wisconsin,cases,lung_bronchus,4150.0
2019,Wisconsin,cases,melanoma_skin,1940.0
2019,Wisconsin,cases,prostate,5260.0
2019,Wisconsin,cases,urinary_bladder,1710.0
2019,Wisconsin,cases,uterine_cervix,190.0
2019,Wisconsin,cases,uterine_corpus,1290.0
2019,Wyoming,cases,all_sites,2930.0
2019,Wyoming,cases,colon_rectum,250.0
2019,Wyoming,cases,female_breast,440.0
2019,Wyoming,cases,hodgkin_lymphoma,130.0
2019,Wyoming,cases,leukemia,110.0
2019,Wyoming,cases,lung_bronchus,310.0
2019,Wyoming,cases,melanoma_skin,210.0
2019,Wyoming,cases,prostate,430.0
2019,Wyoming,cases,urinary_bladder,150.0
2019,Wyoming,cases,uterine_cervix,
2019,Wyoming,cases,uterine_corpus,100.0
2019,Alabama,deaths,all_sites,10630.0
2019,Alabama,deaths,brain_nervous_system,350.0
2019,Alabama,deaths,colon_rectum,930.0
2019,Alabama,deaths,female_breast,690.0
2019,Alabama,deaths,hodgkin_lymphoma,290.0
2019,Alabama,deaths,leukemia,380.0
2019,Alabama,deaths,liver,540.0
2019,Alabama,deaths,lung_bronchus,2760.0
2019,Alabama,deaths,ovary,240.0
2019,Alabama,deaths,pancreas,770.0
2019,Alabama,deaths,prostate,510.0
2019,Alaska,deaths,all_sites,1120.0
2019,Alaska,deaths,brain_nervous_system,
2019,Alaska,deaths,colon_rectum,110.0
2019,Alaska,deaths,female_breast,70.0
2019,Alaska,deaths,hodgkin_lymphoma,
2019,Alaska,deaths,leukemia,
2019,Alaska,deaths,liver,60.0
2019,Alaska,deaths,lung_bronchus,260.0
2019,Alaska,deaths,ovary,
2019,Alaska,deaths,pancreas,90.0
2019,Alaska,deaths,prostate,50.0
2019,Arizona,deaths,all_sites,12470.0
2019,Arizona,deaths,brain_nervous_system,400.0
2019,Arizona,deaths,colon_rectum,1050.0
2019,Arizona,deaths,female_breast,890.0
2019,Arizona,deaths,hodgkin_lymphoma,410.0
2019,Arizona,deaths,leukemia,510.0
2019,Arizona,deaths,liver,710.0
2019,Arizona,deaths,lung_bronchus,2630.0
2019,Arizona,deaths,ovary,320.0
2019,Arizona,deaths,pancreas,1040.0
2019,Arizona,deaths,prostate,900.0
2019,Arkansas,deaths,all_sites,6800.0
2019,Arkansas,deaths,brain_nervous_system,190.0
2019,Arkansas,deaths,colon_rectum,600.0
2019,Arkansas,deaths,female_breast,410.0
2019,Arkansas,deaths,hodgkin_lymphoma,200.0
2019,Arkansas,deaths,leukemia,240.0
2019,Arkansas,deaths,liver,310.0
2019,Arkansas,deaths,lung_bronchus,1960.0
2019,Arkansas,deaths,ovary,140.0
2019,Arkansas,deaths,pancreas,440.0
2019,Arkansas,deaths,prostate,280.0
2019,California,deaths,all_sites,60590.0
2019,California,deaths,brain_nervous_system,1970.0
2019,California,deaths,colon_rectum,5290.0
2019,California,deaths,female_breast,4560.0
2019,California,deaths,hodgkin_lymphoma,2110.0
2019,California,deaths,leukemia,2400.0
2019,California,deaths,liver,4070.0
2019,California,deaths,lung_bronchus,10970.0
2019,California,deaths,ovary,1580.0
2019,California,deaths,pancreas,4720.0
2019,California,deaths,prostate,4470.0
2019,Colorado,deaths,all_sites,8120.0
2019,Colorado,deaths,brain_nervous_system,290.0
2019,Colorado,deaths,colon_rectum,660.0
2019,Colorado,deaths,female_breast,610.0
2019,Colorado,deaths,hodgkin_lymphoma,250.0
2019,Colorado,deaths,leukemia,330.0
2019,Colorado,deaths,liver,430.0
2019,Colorado,deaths,lung_bronchus,1500.0
2019,Colorado,deaths,ovary,220.0
2019,Colorado,deaths,pancreas,600.0
2019,Colorado,deaths,prostate,540.0
2019,Connecticut,deaths,all_sites,6470.0
2019,Connecticut,deaths,brain_nervous_system,210.0
2019,Connecticut,deaths,colon_rectum,470.0
2019,Connecticut,deaths,female_breast,430.0
2019,Connecticut,deaths,hodgkin_lymphoma,230.0
2019,Connecticut,deaths,leukemia,270.0
2019,Connecticut,deaths,liver,320.0
2019,Connecticut,deaths,lung_bronchus,1440.0
2019,Connecticut,deaths,ovary,160.0
2019,Connecticut,deaths,pancreas,520.0
2019,Connecticut,deaths,prostate,320.0
2019,Delaware,deaths,all_sites,2140.0
2019,Delaware,deaths,brain_nervous_system,60.0
2019,Delaware,deaths,colon_rectum,150.0
2019,Delaware,deaths,female_breast,150.0
2019,Delaware,deaths,hodgkin_lymphoma,80.0
2019,Delaware,deaths,leukemia,80.0
2019,Delaware,deaths,liver,110.0
2019,Delaware,deaths,lung_bronchus,540.0
2019,Delaware,deaths,ovary,50.0
2019,Delaware,deaths,pancreas,180.0
2019,Delaware,deaths,prostate,90.0
2019,District of Columbia,deaths,all_sites,1020.0
2019,District of Columbia,deaths,brain_nervous_system,
2019,District of Columbia,deaths,colon_rectum,100.0
2019,District of Columbia,deaths,female_breast,100.0
2019,District of Columbia,deaths,hodgkin_lymphoma,
2019,District of Columbia,deaths,leukemia,
2019,District of Columbia,deaths,liver,90.0
2019,District of Columbia,deaths,lung_bronchus,180.0
2019,District of Columbia,deaths,ovary,
2019,District of Columbia,deaths,pancreas,90.0
2019,District of Columbia,deaths,prostate,70.0
2019,Florida,deaths,all_sites,45000.0
2019,Florida,deaths,brain_nervous_system,1240.0
2019,Florida,deaths,colon_rectum,3700.0
2019,Florida,deaths,female_breast,3000.0
2019,Florida,deaths,hodgkin_lymphoma,1500.0
2019,Florida,deaths,leukemia,1740.0
2019,Florida,deaths,liver,2300.0
2019,Florida,deaths,lung_bronchus,10880.0
2019,Florida,deaths,ovary,980.0
2019,Florida,deaths,pancreas,3490.0
2019,Florida,deaths,prostate,2290.0
2019,Georgia,deaths,all_sites,17880.0
2019,Georgia,deaths,brain_nervous_system,530.0
2019,Georgia,deaths,colon_rectum,1630.0
2019,Georgia,deaths,female_breast,1350.0
2019,Georgia,deaths,hodgkin_lymphoma,530.0
2019,Georgia,deaths,leukemia,590.0
2019,Georgia,deaths,liver,940.0
2019,Georgia,deaths,lung_bronchus,4340.0
2019,Georgia,deaths,ovary,410.0
2019,Georgia,deaths,pancreas,1260.0
2019,Georgia,deaths,prostate,920.0
2019,Hawaii,deaths,all_sites,2560.0
2019,Hawaii,deaths,brain_nervous_system,50.0
2019,Hawaii,deaths,colon_rectum,230.0
2019,Hawaii,deaths,female_breast,160.0
2019,Hawaii,deaths,hodgkin_lymphoma,90.0
2019,Hawaii,deaths,leukemia,80.0
2019,Hawaii,deaths,liver,190.0
2019,Hawaii,deaths,lung_bronchus,550.0
2019,Hawaii,deaths,ovary,
2019,Hawaii,deaths,pancreas,230.0
2019,Hawaii,deaths,prostate,120.0
2019,Idaho,deaths,all_sites,3040.0
2019,Idaho,deaths,brain_nervous_system,110.0
2019,Idaho,deaths,colon_rectum,250.0
2019,Idaho,deaths,female_breast,220.0
2019,Idaho,deaths,hodgkin_lymphoma,120.0
2019,Idaho,deaths,leukemia,110.0
2019,Idaho,deaths,liver,160.0
2019,Idaho,deaths,lung_bronchus,620.0
2019,Idaho,deaths,ovary,90.0
2019,Idaho,deaths,pancreas,240.0
2019,Idaho,deaths,prostate,200.0
2019,Illinois,deaths,all_sites,24410.0
2019,Illinois,deaths,brain_nervous_system,670.0
2019,Illinois,deaths,colon_rectum,2070.0
2019,Illinois,deaths,female_breast,1720.0
2019,Illinois,deaths,hodgkin_lymphoma,770.0
2019,Illinois,deaths,leukemia,900.0
2019,Illinois,deaths,liver,1150.0
2019,Illinois,deaths,lung_bronchus,5940.0
2019,Illinois,deaths,ovary,560.0
2019,Illinois,deaths,pancreas,1740.0
2019,Illinois,deaths,prostate,1480.0
2019,Indiana,deaths,all_sites,13690.0
2019,Indiana,deaths,brain_nervous_system,360.0
2019,Indiana,deaths,colon_rectum,1110.0
2019,Indiana,deaths,female_breast,870.0
2019,Indiana,deaths,hodgkin_lymphoma,460.0
2019,Indiana,deaths,leukemia,510.0
2019,Indiana,deaths,liver,580.0
2019,Indiana,deaths,lung_bronchus,3690.0
2019,Indiana,deaths,ovary,290.0
2019,Indiana,deaths,pancreas,950.0
2019,Indiana,deaths,prostate,610.0
2019,Iowa,deaths,all_sites,6480.0
2019,Iowa,deaths,brain_nervous_system,200.0
2019,Iowa,deaths,colon_rectum,560.0
2019,Iowa,deaths,female_breast,380.0
2019,Iowa,deaths,hodgkin_lymphoma,240.0
2019,Iowa,deaths,leukemia,240.0
2019,Iowa,deaths,liver,270.0
2019,Iowa,deaths,lung_bronchus,1600.0
2019,Iowa,deaths,ovary,150.0
2019,Iowa,deaths,pancreas,480.0
2019,Iowa,deaths,prostate,310.0
2019,Kansas,deaths,all_sites,5550.0
2019,Kansas,deaths,brain_nervous_system,170.0
2019,Kansas,deaths,colon_rectum,470.0
2019,Kansas,deaths,female_breast,350.0
2019,Kansas,deaths,hodgkin_lymphoma,190.0
2019,Kansas,deaths,leukemia,240.0
2019,Kansas,deaths,liver,260.0
2019,Kansas,deaths,lung_bronchus,1370.0
2019,Kansas,deaths,ovary,110.0
2019,Kansas,deaths,pancreas,420.0
2019,Kansas,deaths,prostate,270.0
2019,Kentucky,deaths,all_sites,10580.0
2019,Kentucky,deaths,brain_nervous_system,290.0
2019,Kentucky,deaths,colon_rectum,820.0
2019,Kentucky,deaths,female_breast,610.0
2019,Kentucky,deaths,hodgkin_lymphoma,320.0
2019,Kentucky,deaths,leukemia,370.0
2019,Kentucky,deaths,liver,460.0
2019,Kentucky,deaths,lung_bronchus,3290.0
2019,Kentucky,deaths,ovary,190.0
2019,Kentucky,deaths,pancreas,670.0
2019,Kentucky,deaths,prostate,400.0
2019,Louisiana,deaths,all_sites,9260.0
2019,Louisiana,deaths,brain_nervous_system,230.0
2019,Louisiana,deaths,colon_rectum,830.0
2019,Louisiana,deaths,female_breast,620.0
2019,Louisiana,deaths,hodgkin_lymphoma,290.0
2019,Louisiana,deaths,leukemia,320.0
2019,Louisiana,deaths,liver,580.0
2019,Louisiana,deaths,lung_bronchus,2390.0
2019,Louisiana,deaths,ovary,160.0
2019,Louisiana,deaths,pancreas,740.0
2019,Louisiana,deaths,prostate,410.0
2019,Maine,deaths,all_sites,3310.0
2019,Maine,deaths,brain_nervous_system,100.0
2019,Maine,deaths,colon_rectum,230.0
2019,Maine,deaths,female_breast,180.0
2019,Maine,deaths,hodgkin_lymphoma,110.0
2019,Maine,deaths,leukemia,110.0
2019,Maine,deaths,liver,120.0
2019,Maine,deaths,lung_bronchus,890.0
2019,Maine,deaths,ovary,60.0
2019,Maine,deaths,pancreas,230.0
2019,Maine,deaths,prostate,170.0
2019,Maryland,deaths,all_sites,10780.0
2019,Maryland,deaths,brain_nervous_system,300.0
2019,Maryland,deaths,colon_rectum,880.0
2019,Maryland,deaths,female_breast,830.0
2019,Maryland,deaths,hodgkin_lymphoma,340.0
2019,Maryland,deaths,leukemia,390.0
2019,Maryland,deaths,liver,600.0
2019,Maryland,deaths,lung_bronchus,2380.0
2019,Maryland,deaths,ovary,260.0
2019,Maryland,deaths,pancreas,870.0
2019,Maryland,deaths,prostate,550.0
2019,Massachusetts,deaths,all_sites,12420.0
2019,Massachusetts,deaths,brain_nervous_system,400.0
2019,Massachusetts,deaths,colon_rectum,870.0
2019,Massachusetts,deaths,female_breast,750.0
2019,Massachusetts,deaths,hodgkin_lymphoma,380.0
2019,Massachusetts,deaths,leukemia,480.0
2019,Massachusetts,deaths,liver,690.0
2019,Massachusetts,deaths,lung_bronchus,2920.0
2019,Massachusetts,deaths,ovary,310.0
2019,Massachusetts,deaths,pancreas,990.0
2019,Massachusetts,deaths,prostate,620.0
2019,Michigan,deaths,all_sites,21150.0
2019,Michigan,deaths,brain_nervous_system,600.0
2019,Michigan,deaths,colon_rectum,1650.0
2019,Michigan,deaths,female_breast,1410.0
2019,Michigan,deaths,hodgkin_lymphoma,740.0
2019,Michigan,deaths,leukemia,770.0
2019,Michigan,deaths,liver,920.0
2019,Michigan,deaths,lung_bronchus,5410.0
2019,Michigan,deaths,ovary,490.0
2019,Michigan,deaths,pancreas,1650.0
2019,Michigan,deaths,prostate,980.0
2019,Minnesota,deaths,all_sites,10020.0
2019,Minnesota,deaths,brain_nervous_system,320.0
2019,Minnesota,deaths,colon_rectum,790.0
2019,Minnesota,deaths,female_breast,640.0
2019,Minnesota,deaths,hodgkin_lymphoma,380.0
2019,Minnesota,deaths,leukemia,420.0
2019,Minnesota,deaths,liver,440.0
2019,Minnesota,deaths,lung_bronchus,2260.0
2019,Minnesota,deaths,ovary,220.0
2019,Minnesota,deaths,pancreas,780.0
2019,Minnesota,deaths,prostate,530.0
2019,Mississippi,deaths,all_sites,6720.0
2019,Mississippi,deaths,brain_nervous_system,190.0
2019,Mississippi,deaths,colon_rectum,650.0
2019,Mississippi,deaths,female_breast,440.0
2019,Mississippi,deaths,hodgkin_lymphoma,170.0
2019,Mississippi,deaths,leukemia,210.0
2019,Mississippi,deaths,liver,340.0
2019,Mississippi,deaths,lung_bronchus,1810.0
2019,Mississippi,deaths,ovary,110.0
2019,Mississippi,deaths,pancreas,500.0
2019,Mississippi,deaths,prostate,320.0
2019,Missouri,deaths,all_sites,13080.0
2019,Missouri,deaths,brain_nervous_system,340.0
2019,Missouri,deaths,colon_rectum,1050.0
2019,Missouri,deaths,female_breast,860.0
2019,Missouri,deaths,hodgkin_lymphoma,370.0
2019,Missouri,deaths,leukemia,480.0
2019,Missouri,deaths,liver,580.0
2019,Missouri,deaths,lung_bronchus,3650.0
2019,Missouri,deaths,ovary,250.0
2019,Missouri,deaths,pancreas,920.0
2019,Missouri,deaths,prostate,560.0
2019,Montana,deaths,all_sites,2100.0
2019,Montana,deaths,brain_nervous_system,70.0
2019,Montana,deaths,colon_rectum,180.0
2019,Montana,deaths,female_breast,140.0
2019,Montana,deaths,hodgkin_lymphoma,70.0
2019,Montana,deaths,leukemia,80.0
2019,Montana,deaths,liver,100.0
2019,Montana,deaths,lung_bronchus,480.0
2019,Montana,deaths,ovary,50.0
2019,Montana,deaths,pancreas,160.0
2019,Montana,deaths,prostate,140.0
2019,Nebraska,deaths,all_sites,3520.0
2019,Nebraska,deaths,brain_nervous_system,120.0
2019,Nebraska,deaths,colon_rectum,310.0
2019,Nebraska,deaths,female_breast,230.0
2019,Nebraska,deaths,hodgkin_lymphoma,120.0
2019,Nebraska,deaths,leukemia,150.0
2019,Nebraska,deaths,liver,130.0
2019,Nebraska,deaths,lung_bronchus,840.0
2019,Nebraska,deaths,ovary,70.0
2019,Nebraska,deaths,pancreas,270.0
2019,Nebraska,deaths,prostate,180.0
2019,Nevada,deaths,all_sites,5390.0
2019,Nevada,deaths,brain_nervous_system,200.0
2019,Nevada,deaths,colon_rectum,540.0
2019,Nevada,deaths,female_breast,400.0
2019,Nevada,deaths,hodgkin_lymphoma,160.0
2019,Nevada,deaths,leukemia,200.0
2019,Nevada,deaths,liver,250.0
2019,Nevada,deaths,lung_bronchus,1280.0
2019,Nevada,deaths,ovary,150.0
2019,Nevada,deaths,pancreas,380.0
2019,Nevada,deaths,prostate,290.0
2019,New Hampshire,deaths,all_sites,2820.0
2019,New Hampshire,deaths,brain_nervous_system,90.0
2019,New Hampshire,deaths,colon_rectum,200.0
2019,New Hampshire,deaths,female_breast,180.0
2019,New Hampshire,deaths,hodgkin_lymphoma,110.0
2019,New Hampshire,deaths,leukemia,100.0
2019,New Hampshire,deaths,liver,120.0
2019,New Hampshire,deaths,lung_bronchus,730.0
2019,New Hampshire,deaths,ovary,60.0
2019,New Hampshire,deaths,pancreas,200.0
2019,New Hampshire,deaths,prostate,130.0
2019,New Jersey,deaths,all_sites,15860.0
2019,New Jersey,deaths,brain_nervous_system,470.0
2019,New Jersey,deaths,colon_rectum,1410.0
2019,New Jersey,deaths,female_breast,1250.0
2019,New Jersey,deaths,hodgkin_lymphoma,570.0
2019,New Jersey,deaths,leukemia,590.0
2019,New Jersey,deaths,liver,750.0
2019,New Jersey,deaths,lung_bronchus,3390.0
2019,New Jersey,deaths,ovary,380.0
2019,New Jersey,deaths,pancreas,1290.0
2019,New Jersey,deaths,prostate,780.0
2019,New Mexico,deaths,all_sites,3720.0
2019,New Mexico,deaths,brain_nervous_system,100.0
2019,New Mexico,deaths,colon_rectum,340.0
2019,New Mexico,deaths,female_breast,270.0
2019,New Mexico,deaths,hodgkin_lymphoma,120.0
2019,New Mexico,deaths,leukemia,130.0
2019,New Mexico,deaths,liver,250.0
2019,New Mexico,deaths,lung_bronchus,700.0
2019,New Mexico,deaths,ovary,120.0
2019,New Mexico,deaths,pancreas,270.0
2019,New Mexico,deaths,prostate,210.0
2019,New York,deaths,all_sites,35010.0
2019,New York,deaths,brain_nervous_system,940.0
2019,New York,deaths,colon_rectum,2890.0
2019,New York,deaths,female_breast,2460.0
2019,New York,deaths,hodgkin_lymphoma,1210.0
2019,New York,deaths,leukemia,1370.0
2019,New York,deaths,liver,1740.0
2019,New York,deaths,lung_bronchus,7790.0
2019,New York,deaths,ovary,890.0
2019,New York,deaths,pancreas,2830.0
2019,New York,deaths,prostate,1730.0
2019,North Carolina,deaths,all_sites,20410.0
2019,North Carolina,deaths,brain_nervous_system,550.0
2019,North Carolina,deaths,colon_rectum,1580.0
2019,North Carolina,deaths,female_breast,1390.0
2019,North Carolina,deaths,hodgkin_lymphoma,610.0
2019,North Carolina,deaths,leukemia,720.0
2019,North Carolina,deaths,liver,1110.0
2019,North Carolina,deaths,lung_bronchus,5370.0
2019,North Carolina,deaths,ovary,420.0
2019,North Carolina,deaths,pancreas,1450.0
2019,North Carolina,deaths,prostate,960.0
2019,North Dakota,deaths,all_sites,1280.0
2019,North Dakota,deaths,brain_nervous_system,
2019,North Dakota,deaths,colon_rectum,120.0
2019,North Dakota,deaths,female_breast,80.0
2019,North Dakota,deaths,hodgkin_lymphoma,50.0
2019,North Dakota,deaths,leukemia,50.0
2019,North Dakota,deaths,liver,
2019,North Dakota,deaths,lung_bronchus,300.0
2019,North Dakota,deaths,ovary,
2019,North Dakota,deaths,pancreas,90.0
2019,North Dakota,deaths,prostate,70.0
2019,Ohio,deaths,all_sites,25440.0
2019,Ohio,deaths,brain_nervous_system,680.0
2019,Ohio,deaths,colon_rectum,2110.0
2019,Ohio,deaths,female_breast,1710.0
2019,Ohio,deaths,hodgkin_lymphoma,860.0
2019,Ohio,deaths,leukemia,920.0
2019,Ohio,deaths,liver,1100.0
2019,Ohio,deaths,lung_bronchus,6690.0
2019,Ohio,deaths,ovary,560.0
2019,Ohio,deaths,pancreas,1880.0
2019,Ohio,deaths,prostate,1130.0
2019,Oklahoma,deaths,all_sites,8420.0
2019,Oklahoma,deaths,brain_nervous_system,220.0
2019,Oklahoma,deaths,colon_rectum,760.0
2019,Oklahoma,deaths,female_breast,540.0
2019,Oklahoma,deaths,hodgkin_lymphoma,270.0
2019,Oklahoma,deaths,leukemia,340.0
2019,Oklahoma,deaths,liver,420.0
2019,Oklahoma,deaths,lung_bronchus,2270.0
2019,Oklahoma,deaths,ovary,180.0
2019,Oklahoma,deaths,pancreas,560.0
2019,Oklahoma,deaths,prostate,410.0
2019,Oregon,deaths,all_sites,8270.0
2019,Oregon,deaths,brain_nervous_system,250.0
2019,Oregon,deaths,colon_rectum,650.0
2019,Oregon,deaths,female_breast,560.0
2019,Oregon,deaths,hodgkin_lymphoma,280.0
2019,Oregon,deaths,leukemia,300.0
2019,Oregon,deaths,liver,500.0
2019,Oregon,deaths,lung_bronchus,1820.0
2019,Oregon,deaths,ovary,230.0
2019,Oregon,deaths,pancreas,650.0
2019,Oregon,deaths,prostate,470.0
2019,Pennsylvania,deaths,all_sites,28170.0
2019,Pennsylvania,deaths,brain_nervous_system,770.0
2019,Pennsylvania,deaths,colon_rectum,2380.0
2019,Pennsylvania,deaths,female_breast,1900.0
2019,Pennsylvania,deaths,hodgkin_lymphoma,960.0
2019,Pennsylvania,deaths,leukemia,1080.0
2019,Pennsylvania,deaths,liver,1320.0
2019,Pennsylvania,deaths,lung_bronchus,6730.0
2019,Pennsylvania,deaths,ovary,660.0
2019,Pennsylvania,deaths,pancreas,2220.0
2019,Pennsylvania,deaths,prostate,1320.0
2019,Rhode Island,deaths,all_sites,2140.0
2019,Rhode Island,deaths,brain_nervous_system,60.0
2019,Rhode Island,deaths,colon_rectum,160.0
2019,Rhode Island,deaths,female_breast,130.0
2019,Rhode Island,deaths,hodgkin_lymphoma,70.0
2019,Rhode Island,deaths,leukemia,80.0
2019,Rhode Island,deaths,liver,120.0
2019,Rhode Island,deaths,lung_bronchus,560.0
2019,Rhode Island,deaths,ovary,
2019,Rhode Island,deaths,pancreas,170.0
2019,Rhode Island,deaths,prostate,100.0
2019,South Carolina,deaths,all_sites,10720.0
2019,South Carolina,deaths,brain_nervous_system,300.0
2019,South Carolina,deaths,colon_rectum,870.0
2019,South Carolina,deaths,female_breast,740.0
2019,South Carolina,deaths,hodgkin_lymphoma,320.0
2019,South Carolina,deaths,leukemia,380.0
2019,South Carolina,deaths,liver,530.0
2019,South Carolina,deaths,lung_bronchus,2710.0
2019,South Carolina,deaths,ovary,220.0
2019,South Carolina,deaths,pancreas,790.0
2019,South Carolina,deaths,prostate,540.0
2019,South Dakota,deaths,all_sites,1680.0
2019,South Dakota,deaths,brain_nervous_system,60.0
2019,South Dakota,deaths,colon_rectum,170.0
2019,South Dakota,deaths,female_breast,110.0
2019,South Dakota,deaths,hodgkin_lymphoma,60.0
2019,South Dakota,deaths,leukemia,70.0
2019,South Dakota,deaths,liver,70.0
2019,South Dakota,deaths,lung_bronchus,410.0
2019,South Dakota,deaths,ovary,
2019,South Dakota,deaths,pancreas,130.0
2019,South Dakota,deaths,prostate,90.0
2019,Tennessee,deaths,all_sites,14840.0
2019,Tennessee,deaths,brain_nervous_system,360.0
2019,Tennessee,deaths,colon_rectum,1220.0
2019,Tennessee,deaths,female_breast,950.0
2019,Tennessee,deaths,hodgkin_lymphoma,470.0
2019,Tennessee,deaths,leukemia,520.0
2019,Tennessee,deaths,liver,730.0
2019,Tennessee,deaths,lung_bronchus,4190.0
2019,Tennessee,deaths,ovary,310.0
2019,Tennessee,deaths,pancreas,980.0
2019,Tennessee,deaths,prostate,620.0
2019,Texas,deaths,all_sites,41300.0
2019,Texas,deaths,brain_nervous_system,1300.0
2019,Texas,deaths,colon_rectum,3850.0
2019,Texas,deaths,female_breast,2980.0
2019,Texas,deaths,hodgkin_lymphoma,1350.0
2019,Texas,deaths,leukemia,1580.0
2019,Texas,deaths,liver,2810.0
2019,Texas,deaths,lung_bronchus,8640.0
2019,Texas,deaths,ovary,920.0
2019,Texas,deaths,pancreas,3030.0
2019,Texas,deaths,prostate,1900.0
2019,US,deaths,all_sites,606880.0
2019,US,deaths,brain_nervous_system,17760.0
2019,US,deaths,colon_rectum,51020.0
2019,US,deaths,female_breast,41760.0
2019,US,deaths,hodgkin_lymphoma,19970.0
2019,US,deaths,leukemia,22840.0
2019,US,deaths,liver,31780.0
2019,US,deaths,lung_bronchus,142670.0
2019,US,deaths,ovary,13980.0
2019,US,deaths,pancreas,45750.0
2019,US,deaths,prostate,31620.0
2019,Utah,deaths,all_sites,3310.0
2019,Utah,deaths,brain_nervous_system,140.0
2019,Utah,deaths,colon_rectum,280.0
2019,Utah,deaths,female_breast,280.0
2019,Utah,deaths,hodgkin_lymphoma,130.0
2019,Utah,deaths,leukemia,160.0
2019,Utah,deaths,liver,170.0
2019,Utah,deaths,lung_bronchus,440.0
2019,Utah,deaths,ovary,110.0
2019,Utah,deaths,pancreas,280.0
2019,Utah,deaths,prostate,230.0
2019,Vermont,deaths,all_sites,1440.0
2019,Vermont,deaths,brain_nervous_system,50.0
2019,Vermont,deaths,colon_rectum,110.0
2019,Vermont,deaths,female_breast,80.0
2019,Vermont,deaths,hodgkin_lymphoma,50.0
2019,Vermont,deaths,leukemia,50.0
2019,Vermont,deaths,liver,50.0
2019,Vermont,deaths,lung_bronchus,370.0
2019,Vermont,deaths,ovary,
2019,Vermont,deaths,pancreas,110.0
2019,Vermont,deaths,prostate,70.0
2019,Virginia,deaths,all_sites,15200.0
2019,Virginia,deaths,brain_nervous_system,440.0
2019,Virginia,deaths,colon_rectum,1340.0
2019,Virginia,deaths,female_breast,1120.0
2019,Virginia,deaths,hodgkin_lymphoma,490.0
2019,Virginia,deaths,leukemia,520.0
2019,Virginia,deaths,liver,770.0
2019,Virginia,deaths,lung_bronchus,3590.0
2019,Virginia,deaths,ovary,360.0
2019,Virginia,deaths,pancreas,1140.0
2019,Virginia,deaths,prostate,730.0
2019,Washington,deaths,all_sites,13010.0
2019,Washington,deaths,brain_nervous_system,430.0
2019,Washington,deaths,colon_rectum,1000.0
2019,Washington,deaths,female_breast,890.0
2019,Washington,deaths,hodgkin_lymphoma,450.0
2019,Washington,deaths,leukemia,480.0
2019,Washington,deaths,liver,730.0
2019,Washington,deaths,lung_bronchus,2830.0
2019,Washington,deaths,ovary,340.0
2019,Washington,deaths,pancreas,970.0
2019,Washington,deaths,prostate,710.0
2019,West Virginia,deaths,all_sites,4820.0
2019,West Virginia,deaths,brain_nervous_system,120.0
2019,West Virginia,deaths,colon_rectum,440.0
2019,West Virginia,deaths,female_breast,290.0
2019,West Virginia,deaths,hodgkin_lymphoma,150.0
2019,West Virginia,deaths,leukemia,190.0
2019,West Virginia,deaths,liver,190.0
2019,West Virginia,deaths,lung_bronchus,1360.0
2019,West Virginia,deaths,ovary,90.0
2019,West Virginia,deaths,pancreas,300.0
2019,West Virginia,deaths,prostate,190.0
2019,Wisconsin,deaths,all_sites,11730.0
2019,Wisconsin,deaths,brain_nervous_system,380.0
2019,Wisconsin,deaths,colon_rectum,900.0
2019,Wisconsin,deaths,female_breast,740.0
2019,Wisconsin,deaths,hodgkin_lymphoma,400.0
2019,Wisconsin,deaths,leukemia,490.0
2019,Wisconsin,deaths,liver,480.0
2019,Wisconsin,deaths,lung_bronchus,2770.0
2019,Wisconsin,deaths,ovary,260.0
2019,Wisconsin,deaths,pancreas,930.0
2019,Wisconsin,deaths,prostate,620.0
2019,Wyoming,deaths,all_sites,980.0
2019,Wyoming,deaths,brain_nervous_system,
2019,Wyoming,deaths,colon_rectum,80.0
2019,Wyoming,deaths,female_breast,70.0
2019,Wyoming,deaths,hodgkin_lymphoma,
2019,Wyoming,deaths,leukemia,50.0
2019,Wyoming,deaths,liver,60.0
2019,Wyoming,deaths,lung_bronchus,200.0
2019,Wyoming,deaths,ovary,
2019,Wyoming,deaths,pancreas,70.0
2019,Wyoming,deaths,prostate,50.0
2020,Alabama,cases,all_sites,28570.0
2020,Alabama,cases,colon_rectum,2460.0
2020,Alabama,cases,female_breast,4120.0
2020,Alabama,cases,hodgkin_lymphoma,1000.0
2020,Alabama,cases,leukemia,810.0
2020,Alabama,cases,lung_bronchus,4230.0
2020,Alabama,cases,melanoma_skin,1550.0
2020,Alabama,cases,prostate,3530.0
2020,Alabama,cases,urinary_bladder,1090.0
2020,Alabama,cases,uterine_cervix,240.0
2020,Alabama,cases,uterine_corpus,780.0
2020,Alaska,cases,all_sites,2960.0
2020,Alaska,cases,colon_rectum,320.0
2020,Alaska,cases,female_breast,510.0
2020,Alaska,cases,hodgkin_lymphoma,120.0
2020,Alaska,cases,leukemia,90.0
2020,Alaska,cases,lung_bronchus,400.0
2020,Alaska,cases,melanoma_skin,120.0
2020,Alaska,cases,prostate,340.0
2020,Alaska,cases,urinary_bladder,160.0
2020,Alaska,cases,uterine_cervix,
2020,Alaska,cases,uterine_corpus,120.0
2020,Arizona,cases,all_sites,36730.0
2020,Arizona,cases,colon_rectum,3010.0
2020,Arizona,cases,female_breast,5630.0
2020,Arizona,cases,hodgkin_lymphoma,1500.0
2020,Arizona,cases,leukemia,990.0
2020,Arizona,cases,lung_bronchus,4200.0
2020,Arizona,cases,melanoma_skin,2380.0
2020,Arizona,cases,prostate,3830.0
2020,Arizona,cases,urinary_bladder,1810.0
2020,Arizona,cases,uterine_cervix,260.0
2020,Arizona,cases,uterine_corpus,1240.0
2020,Arkansas,cases,all_sites,17200.0
2020,Arkansas,cases,colon_rectum,1540.0
2020,Arkansas,cases,female_breast,2430.0
2020,Arkansas,cases,hodgkin_lymphoma,650.0
2020,Arkansas,cases,leukemia,630.0
2020,Arkansas,cases,lung_bronchus,2760.0
2020,Arkansas,cases,melanoma_skin,800.0
2020,Arkansas,cases,prostate,1860.0
2020,Arkansas,cases,urinary_bladder,760.0
2020,Arkansas,cases,uterine_cervix,140.0
2020,Arkansas,cases,uterine_corpus,500.0
2020,California,cases,all_sites,172040.0
2020,California,cases,colon_rectum,15530.0
2020,California,cases,female_breast,30650.0
2020,California,cases,hodgkin_lymphoma,8200.0
2020,California,cases,leukemia,6060.0
2020,California,cases,lung_bronchus,18040.0
2020,California,cases,melanoma_skin,10980.0
2020,California,cases,prostate,20160.0
2020,California,cases,urinary_bladder,7780.0
2020,California,cases,uterine_cervix,1630.0
2020,California,cases,uterine_corpus,7030.0
2020,Colorado,cases,all_sites,27290.0
2020,Colorado,cases,colon_rectum,2040.0
2020,Colorado,cases,female_breast,4530.0
2020,Colorado,cases,hodgkin_lymphoma,1150.0
2020,Colorado,cases,leukemia,910.0
2020,Colorado,cases,lung_bronchus,2550.0
2020,Colorado,cases,melanoma_skin,1920.0
2020,Colorado,cases,prostate,3140.0
2020,Colorado,cases,urinary_bladder,1250.0
2020,Colorado,cases,uterine_cervix,190.0
2020,Colorado,cases,uterine_corpus,920.0
2020,Connecticut,cases,all_sites,20300.0
2020,Connecticut,cases,colon_rectum,1520.0
2020,Connecticut,cases,female_breast,3590.0
2020,Connecticut,cases,hodgkin_lymphoma,930.0
2020,Connecticut,cases,leukemia,400.0
2020,Connecticut,cases,lung_bronchus,2650.0
2020,Connecticut,cases,melanoma_skin,1110.0
2020,Connecticut,cases,prostate,2320.0
2020,Connecticut,cases,urinary_bladder,1080.0
2020,Connecticut,cases,uterine_cervix,130.0
2020,Connecticut,cases,uterine_corpus,910.0
2020,Delaware,cases,all_sites,6660.0
2020,Delaware,cases,colon_rectum,470.0
2020,Delaware,cases,female_breast,960.0
2020,Delaware,cases,hodgkin_lymphoma,260.0
2020,Delaware,cases,leukemia,230.0
2020,Delaware,cases,lung_bronchus,890.0
2020,Delaware,cases,melanoma_skin,420.0
2020,Delaware,cases,prostate,770.0
2020,Delaware,cases,urinary_bladder,320.0
2020,Delaware,cases,uterine_cervix,
2020,Delaware,cases,uterine_corpus,220.0
2020,District of Columbia,cases,all_sites,3600.0
2020,District of Columbia,cases,colon_rectum,250.0
2020,District of Columbia,cases,female_breast,510.0
2020,District of Columbia,cases,hodgkin_lymphoma,130.0
2020,District of Columbia,cases,leukemia,110.0
2020,District of Columbia,cases,lung_bronchus,300.0
2020,District of Columbia,cases,melanoma_skin,90.0
2020,District of Columbia,cases,prostate,370.0
2020,District of Columbia,cases,urinary_bladder,80.0
2020,District of Columbia,cases,uterine_cervix,
2020,District of Columbia,cases,uterine_corpus,120.0
2020,Florida,cases,all_sites,150500.0
2020,Florida,cases,colon_rectum,11310.0
2020,Florida,cases,female_breast,19900.0
2020,Florida,cases,hodgkin_lymphoma,7170.0
2020,Florida,cases,leukemia,3370.0
2020,Florida,cases,lung_bronchus,18150.0
2020,Florida,cases,melanoma_skin,8750.0
2020,Florida,cases,prostate,13950.0
2020,Florida,cases,urinary_bladder,6780.0
2020,Florida,cases,uterine_cervix,1130.0
2020,Florida,cases,uterine_corpus,4460.0
2020,Georgia,cases,all_sites,55190.0
2020,Georgia,cases,colon_rectum,4660.0
2020,Georgia,cases,female_breast,8340.0
2020,Georgia,cases,hodgkin_lymphoma,2280.0
2020,Georgia,cases,leukemia,1550.0
2020,Georgia,cases,lung_bronchus,7240.0
2020,Georgia,cases,melanoma_skin,3190.0
2020,Georgia,cases,prostate,6840.0
2020,Georgia,cases,urinary_bladder,2110.0
2020,Georgia,cases,uterine_cervix,440.0
2020,Georgia,cases,uterine_corpus,1710.0
2020,Hawaii,cases,all_sites,6800.0
2020,Hawaii,cases,colon_rectum,730.0
2020,Hawaii,cases,female_breast,1300.0
2020,Hawaii,cases,hodgkin_lymphoma,290.0
2020,Hawaii,cases,leukemia,230.0
2020,Hawaii,cases,lung_bronchus,870.0
2020,Hawaii,cases,melanoma_skin,520.0
2020,Hawaii,cases,prostate,700.0
2020,Hawaii,cases,urinary_bladder,300.0
2020,Hawaii,cases,uterine_cervix,60.0
2020,Hawaii,cases,uterine_corpus,330.0
2020,Idaho,cases,all_sites,8540.0
2020,Idaho,cases,colon_rectum,730.0
2020,Idaho,cases,female_breast,1340.0
2020,Idaho,cases,hodgkin_lymphoma,390.0
2020,Idaho,cases,leukemia,340.0
2020,Idaho,cases,lung_bronchus,990.0
2020,Idaho,cases,melanoma_skin,740.0
2020,Idaho,cases,prostate,1160.0
2020,Idaho,cases,urinary_bladder,470.0
2020,Idaho,cases,uterine_cervix,60.0
2020,Idaho,cases,uterine_corpus,310.0
2020,Illinois,cases,all_sites,71990.0
2020,Illinois,cases,colon_rectum,6240.0
2020,Illinois,cases,female_breast,11020.0
2020,Illinois,cases,hodgkin_lymphoma,2920.0
2020,Illinois,cases,leukemia,2400.0
2020,Illinois,cases,lung_bronchus,9210.0
2020,Illinois,cases,melanoma_skin,3700.0
2020,Illinois,cases,prostate,8000.0
2020,Illinois,cases,urinary_bladder,3310.0
2020,Illinois,cases,uterine_cervix,540.0
2020,Illinois,cases,uterine_corpus,2850.0
2020,Indiana,cases,all_sites,37940.0
2020,Indiana,cases,colon_rectum,3410.0
2020,Indiana,cases,female_breast,5410.0
2020,Indiana,cases,hodgkin_lymphoma,1590.0
2020,Indiana,cases,leukemia,1290.0
2020,Indiana,cases,lung_bronchus,5700.0
2020,Indiana,cases,melanoma_skin,2370.0
2020,Indiana,cases,prostate,3570.0
2020,Indiana,cases,urinary_bladder,1720.0
2020,Indiana,cases,uterine_cervix,270.0
2020,Indiana,cases,uterine_corpus,1430.0
2020,Iowa,cases,all_sites,18460.0
2020,Iowa,cases,colon_rectum,1600.0
2020,Iowa,cases,female_breast,2710.0
2020,Iowa,cases,hodgkin_lymphoma,800.0
2020,Iowa,cases,leukemia,840.0
2020,Iowa,cases,lung_bronchus,2440.0
2020,Iowa,cases,melanoma_skin,1150.0
2020,Iowa,cases,prostate,1920.0
2020,Iowa,cases,urinary_bladder,870.0
2020,Iowa,cases,uterine_cervix,110.0
2020,Iowa,cases,uterine_corpus,700.0
2020,Kansas,cases,all_sites,16170.0
2020,Kansas,cases,colon_rectum,1320.0
2020,Kansas,cases,female_breast,2390.0
2020,Kansas,cases,hodgkin_lymphoma,650.0
2020,Kansas,cases,leukemia,620.0
2020,Kansas,cases,lung_bronchus,2020.0
2020,Kansas,cases,melanoma_skin,890.0
2020,Kansas,cases,prostate,1730.0
2020,Kansas,cases,urinary_bladder,640.0
2020,Kansas,cases,uterine_cervix,110.0
2020,Kansas,cases,uterine_corpus,560.0
2020,Kentucky,cases,all_sites,26500.0
2020,Kentucky,cases,colon_rectum,2440.0
2020,Kentucky,cases,female_breast,3800.0
2020,Kentucky,cases,hodgkin_lymphoma,1040.0
2020,Kentucky,cases,leukemia,920.0
2020,Kentucky,cases,lung_bronchus,4890.0
2020,Kentucky,cases,melanoma_skin,1330.0
2020,Kentucky,cases,prostate,2440.0
2020,Kentucky,cases,urinary_bladder,1130.0
2020,Kentucky,cases,uterine_cervix,200.0
2020,Kentucky,cases,uterine_corpus,870.0
2020,Louisiana,cases,all_sites,26480.0
2020,Louisiana,cases,colon_rectum,2370.0
2020,Louisiana,cases,female_breast,3910.0
2020,Louisiana,cases,hodgkin_lymphoma,1110.0
2020,Louisiana,cases,leukemia,930.0
2020,Louisiana,cases,lung_bronchus,3700.0
2020,Louisiana,cases,melanoma_skin,1030.0
2020,Louisiana,cases,prostate,2970.0
2020,Louisiana,cases,urinary_bladder,1050.0
2020,Louisiana,cases,uterine_cervix,260.0
2020,Louisiana,cases,uterine_corpus,690.0
2020,Maine,cases,all_sites,8180.0
2020,Maine,cases,colon_rectum,670.0
2020,Maine,cases,female_breast,1370.0
2020,Maine,cases,hodgkin_lymphoma,390.0
2020,Maine,cases,leukemia,160.0
2020,Maine,cases,lung_bronchus,1430.0
2020,Maine,cases,melanoma_skin,520.0
2020,Maine,cases,prostate,800.0
2020,Maine,cases,urinary_bladder,520.0
2020,Maine,cases,uterine_cervix,50.0
2020,Maine,cases,uterine_corpus,390.0
2020,Maryland,cases,all_sites,34710.0
2020,Maryland,cases,colon_rectum,2570.0
2020,Maryland,cases,female_breast,5500.0
2020,Maryland,cases,hodgkin_lymphoma,1330.0
2020,Maryland,cases,leukemia,820.0
2020,Maryland,cases,lung_bronchus,3930.0
2020,Maryland,cases,melanoma_skin,1780.0
2020,Maryland,cases,prostate,4410.0
2020,Maryland,cases,urinary_bladder,1360.0
2020,Maryland,cases,uterine_cervix,250.0
2020,Maryland,cases,uterine_corpus,1300.0
2020,Massachusetts,cases,all_sites,36990.0
2020,Massachusetts,cases,colon_rectum,2650.0
2020,Massachusetts,cases,female_breast,6690.0
2020,Massachusetts,cases,hodgkin_lymphoma,1670.0
2020,Massachusetts,cases,leukemia,580.0
2020,Massachusetts,cases,lung_bronchus,5150.0
2020,Massachusetts,cases,melanoma_skin,2190.0
2020,Massachusetts,cases,prostate,3890.0
2020,Massachusetts,cases,urinary_bladder,1970.0
2020,Massachusetts,cases,uterine_cervix,220.0
2020,Massachusetts,cases,uterine_corpus,1630.0
2020,Michigan,cases,all_sites,61770.0
2020,Michigan,cases,colon_rectum,4620.0
2020,Michigan,cases,female_breast,8800.0
2020,Michigan,cases,hodgkin_lymphoma,2450.0
2020,Michigan,cases,leukemia,2060.0
2020,Michigan,cases,lung_bronchus,8140.0
2020,Michigan,cases,melanoma_skin,3290.0
2020,Michigan,cases,prostate,6820.0
2020,Michigan,cases,urinary_bladder,2890.0
2020,Michigan,cases,uterine_cervix,360.0
2020,Michigan,cases,uterine_corpus,2380.0
2020,Minnesota,cases,all_sites,33210.0
2020,Minnesota,cases,colon_rectum,2320.0
2020,Minnesota,cases,female_breast,4670.0
2020,Minnesota,cases,hodgkin_lymphoma,1350.0
2020,Minnesota,cases,leukemia,1600.0
2020,Minnesota,cases,lung_bronchus,3580.0
2020,Minnesota,cases,melanoma_skin,1750.0
2020,Minnesota,cases,prostate,2880.0
2020,Minnesota,cases,urinary_bladder,1460.0
2020,Minnesota,cases,uterine_cervix,140.0
2020,Minnesota,cases,uterine_corpus,1200.0
2020,Mississippi,cases,all_sites,17190.0
2020,Mississippi,cases,colon_rectum,1730.0
2020,Mississippi,cases,female_breast,2390.0
2020,Mississippi,cases,hodgkin_lymphoma,570.0
2020,Mississippi,cases,leukemia,500.0
2020,Mississippi,cases,lung_bronchus,2510.0
2020,Mississippi,cases,melanoma_skin,620.0
2020,Mississippi,cases,prostate,2050.0
2020,Mississippi,cases,urinary_bladder,630.0
2020,Mississippi,cases,uterine_cervix,160.0
2020,Mississippi,cases,uterine_corpus,450.0
2020,Missouri,cases,all_sites,37540.0
2020,Missouri,cases,colon_rectum,3090.0
2020,Missouri,cases,female_breast,5360.0
2020,Missouri,cases,hodgkin_lymphoma,1410.0
2020,Missouri,cases,leukemia,1370.0
2020,Missouri,cases,lung_bronchus,5540.0
2020,Missouri,cases,melanoma_skin,1820.0
2020,Missouri,cases,prostate,3540.0
2020,Missouri,cases,urinary_bladder,1580.0
2020,Missouri,cases,uterine_cervix,270.0
2020,Missouri,cases,uterine_corpus,1290.0
2020,Montana,cases,all_sites,5850.0
2020,Montana,cases,colon_rectum,500.0
2020,Montana,cases,female_breast,960.0
2020,Montana,cases,hodgkin_lymphoma,250.0
2020,Montana,cases,leukemia,250.0
2020,Montana,cases,lung_bronchus,770.0
2020,Montana,cases,melanoma_skin,450.0
2020,Montana,cases,prostate,680.0
2020,Montana,cases,urinary_bladder,330.0
2020,Montana,cases,uterine_cervix,
2020,Montana,cases,uterine_corpus,220.0
2020,Nebraska,cases,all_sites,10560.0
2020,Nebraska,cases,colon_rectum,940.0
2020,Nebraska,cases,female_breast,1580.0
2020,Nebraska,cases,hodgkin_lymphoma,450.0
2020,Nebraska,cases,leukemia,480.0
2020,Nebraska,cases,lung_bronchus,1270.0
2020,Nebraska,cases,melanoma_skin,610.0
2020,Nebraska,cases,prostate,980.0
2020,Nebraska,cases,urinary_bladder,470.0
2020,Nebraska,cases,uterine_cervix,70.0
2020,Nebraska,cases,uterine_corpus,390.0
2020,Nevada,cases,all_sites,16540.0
2020,Nevada,cases,colon_rectum,1480.0
2020,Nevada,cases,female_breast,2310.0
2020,Nevada,cases,hodgkin_lymphoma,650.0
2020,Nevada,cases,leukemia,520.0
2020,Nevada,cases,lung_bronchus,1850.0
2020,Nevada,cases,melanoma_skin,840.0
2020,Nevada,cases,prostate,1780.0
2020,Nevada,cases,urinary_bladder,780.0
2020,Nevada,cases,uterine_cervix,130.0
2020,Nevada,cases,uterine_corpus,480.0
2020,New Hampshire,cases,all_sites,8060.0
2020,New Hampshire,cases,colon_rectum,590.0
2020,New Hampshire,cases,female_breast,1350.0
2020,New Hampshire,cases,hodgkin_lymphoma,370.0
2020,New Hampshire,cases,leukemia,180.0
2020,New Hampshire,cases,lung_bronchus,1220.0
2020,New Hampshire,cases,melanoma_skin,530.0
2020,New Hampshire,cases,prostate,910.0
2020,New Hampshire,cases,urinary_bladder,510.0
2020,New Hampshire,cases,uterine_cervix,
2020,New Hampshire,cases,uterine_corpus,370.0
2020,New Jersey,cases,all_sites,53340.0
2020,New Jersey,cases,colon_rectum,4250.0
2020,New Jersey,cases,female_breast,8260.0
2020,New Jersey,cases,hodgkin_lymphoma,2340.0
2020,New Jersey,cases,leukemia,2100.0
2020,New Jersey,cases,lung_bronchus,6100.0
2020,New Jersey,cases,melanoma_skin,2770.0
2020,New Jersey,cases,prostate,6010.0
2020,New Jersey,cases,urinary_bladder,2640.0
2020,New Jersey,cases,uterine_cervix,440.0
2020,New Jersey,cases,uterine_corpus,2240.0
2020,New Mexico,cases,all_sites,9800.0
2020,New Mexico,cases,colon_rectum,890.0
2020,New Mexico,cases,female_breast,1570.0
2020,New Mexico,cases,hodgkin_lymphoma,410.0
2020,New Mexico,cases,leukemia,340.0
2020,New Mexico,cases,lung_bronchus,1040.0
2020,New Mexico,cases,melanoma_skin,610.0
2020,New Mexico,cases,prostate,920.0
2020,New Mexico,cases,urinary_bladder,410.0
2020,New Mexico,cases,uterine_cervix,80.0
2020,New Mexico,cases,uterine_corpus,370.0
2020,New York,cases,all_sites,117910.0
2020,New York,cases,colon_rectum,8910.0
2020,New York,cases,female_breast,17540.0
2020,New York,cases,hodgkin_lymphoma,5120.0
2020,New York,cases,leukemia,4600.0
2020,New York,cases,lung_bronchus,13370.0
2020,New York,cases,melanoma_skin,4980.0
2020,New York,cases,prostate,11470.0
2020,New York,cases,urinary_bladder,5590.0
2020,New York,cases,uterine_cervix,930.0
2020,New York,cases,uterine_corpus,4840.0
2020,North Carolina,cases,all_sites,59620.0
2020,North Carolina,cases,colon_rectum,4540.0
2020,North Carolina,cases,female_breast,9340.0
2020,North Carolina,cases,hodgkin_lymphoma,2480.0
2020,North Carolina,cases,leukemia,1640.0
2020,North Carolina,cases,lung_bronchus,8470.0
2020,North Carolina,cases,melanoma_skin,3680.0
2020,North Carolina,cases,prostate,7200.0
2020,North Carolina,cases,urinary_bladder,2510.0
2020,North Carolina,cases,uterine_cervix,430.0
2020,North Carolina,cases,uterine_corpus,2030.0
2020,North Dakota,cases,all_sites,4060.0
2020,North Dakota,cases,colon_rectum,360.0
2020,North Dakota,cases,female_breast,590.0
2020,North Dakota,cases,hodgkin_lymphoma,170.0
2020,North Dakota,cases,leukemia,190.0
2020,North Dakota,cases,lung_bronchus,460.0
2020,North Dakota,cases,melanoma_skin,230.0
2020,North Dakota,cases,prostate,400.0
2020,North Dakota,cases,urinary_bladder,200.0
2020,North Dakota,cases,uterine_cervix,
2020,North Dakota,cases,uterine_corpus,140.0
2020,Ohio,cases,all_sites,71850.0
2020,Ohio,cases,colon_rectum,5910.0
2020,Ohio,cases,female_breast,10350.0
2020,Ohio,cases,hodgkin_lymphoma,2820.0
2020,Ohio,cases,leukemia,2280.0
2020,Ohio,cases,lung_bronchus,10110.0
2020,Ohio,cases,melanoma_skin,4100.0
2020,Ohio,cases,prostate,7030.0
2020,Ohio,cases,urinary_bladder,3190.0
2020,Ohio,cases,uterine_cervix,440.0
2020,Ohio,cases,uterine_corpus,2790.0
2020,Oklahoma,cases,all_sites,20530.0
2020,Oklahoma,cases,colon_rectum,1870.0
2020,Oklahoma,cases,female_breast,3130.0
2020,Oklahoma,cases,hodgkin_lymphoma,860.0
2020,Oklahoma,cases,leukemia,860.0
2020,Oklahoma,cases,lung_bronchus,3200.0
2020,Oklahoma,cases,melanoma_skin,940.0
2020,Oklahoma,cases,prostate,2130.0
2020,Oklahoma,cases,urinary_bladder,920.0
2020,Oklahoma,cases,uterine_cervix,170.0
2020,Oklahoma,cases,uterine_corpus,620.0
2020,Oregon,cases,all_sites,23330.0
2020,Oregon,cases,colon_rectum,1740.0
2020,Oregon,cases,female_breast,3880.0
2020,Oregon,cases,hodgkin_lymphoma,1000.0
2020,Oregon,cases,leukemia,740.0
2020,Oregon,cases,lung_bronchus,2930.0
2020,Oregon,cases,melanoma_skin,1730.0
2020,Oregon,cases,prostate,2470.0
2020,Oregon,cases,urinary_bladder,1150.0
2020,Oregon,cases,uterine_cervix,160.0
2020,Oregon,cases,uterine_corpus,910.0
2020,Pennsylvania,cases,all_sites,80240.0
2020,Pennsylvania,cases,colon_rectum,6520.0
2020,Pennsylvania,cases,female_breast,12180.0
2020,Pennsylvania,cases,hodgkin_lymphoma,3480.0
2020,Pennsylvania,cases,leukemia,3050.0
2020,Pennsylvania,cases,lung_bronchus,10710.0
2020,Pennsylvania,cases,melanoma_skin,4410.0
2020,Pennsylvania,cases,prostate,8300.0
2020,Pennsylvania,cases,urinary_bladder,4350.0
2020,Pennsylvania,cases,uterine_cervix,530.0
2020,Pennsylvania,cases,uterine_corpus,3390.0
2020,Rhode Island,cases,all_sites,5930.0
2020,Rhode Island,cases,colon_rectum,430.0
2020,Rhode Island,cases,female_breast,1020.0
2020,Rhode Island,cases,hodgkin_lymphoma,270.0
2020,Rhode Island,cases,leukemia,100.0
2020,Rhode Island,cases,lung_bronchus,920.0
2020,Rhode Island,cases,melanoma_skin,340.0
2020,Rhode Island,cases,prostate,650.0
2020,Rhode Island,cases,urinary_bladder,320.0
2020,Rhode Island,cases,uterine_cervix,
2020,Rhode Island,cases,uterine_corpus,260.0
2020,South Carolina,cases,all_sites,31710.0
2020,South Carolina,cases,colon_rectum,2550.0
2020,South Carolina,cases,female_breast,4790.0
2020,South Carolina,cases,hodgkin_lymphoma,1300.0
2020,South Carolina,cases,leukemia,1220.0
2020,South Carolina,cases,lung_bronchus,4460.0
2020,South Carolina,cases,melanoma_skin,1900.0
2020,South Carolina,cases,prostate,3390.0
2020,South Carolina,cases,urinary_bladder,1270.0
2020,South Carolina,cases,uterine_cervix,230.0
2020,South Carolina,cases,uterine_corpus,970.0
2020,South Dakota,cases,all_sites,4960.0
2020,South Dakota,cases,colon_rectum,430.0
2020,South Dakota,cases,female_breast,720.0
2020,South Dakota,cases,hodgkin_lymphoma,200.0
2020,South Dakota,cases,leukemia,230.0
2020,South Dakota,cases,lung_bronchus,590.0
2020,South Dakota,cases,melanoma_skin,270.0
2020,South Dakota,cases,prostate,520.0
2020,South Dakota,cases,urinary_bladder,240.0
2020,South Dakota,cases,uterine_cervix,
2020,South Dakota,cases,uterine_corpus,170.0
2020,Tennessee,cases,all_sites,39360.0
2020,Tennessee,cases,colon_rectum,3540.0
2020,Tennessee,cases,female_breast,5760.0
2020,Tennessee,cases,hodgkin_lymphoma,1580.0
2020,Tennessee,cases,leukemia,1280.0
2020,Tennessee,cases,lung_bronchus,6300.0
2020,Tennessee,cases,melanoma_skin,2110.0
2020,Tennessee,cases,prostate,3990.0
2020,Tennessee,cases,urinary_bladder,1700.0
2020,Tennessee,cases,uterine_cervix,330.0
2020,Tennessee,cases,uterine_corpus,1220.0
2020,Texas,cases,all_sites,129770.0
2020,Texas,cases,colon_rectum,11430.0
2020,Texas,cases,female_breast,19590.0
2020,Texas,cases,hodgkin_lymphoma,5650.0
2020,Texas,cases,leukemia,5260.0
2020,Texas,cases,lung_bronchus,14830.0
2020,Texas,cases,melanoma_skin,4530.0
2020,Texas,cases,prostate,12110.0
2020,Texas,cases,urinary_bladder,4590.0
2020,Texas,cases,uterine_cervix,1410.0
2020,Texas,cases,uterine_corpus,4120.0
2020,US,cases,all_sites,1806590.0
2020,US,cases,colon_rectum,147950.0
2020,US,cases,female_breast,276480.0
2020,US,cases,hodgkin_lymphoma,77240.0
2020,US,cases,leukemia,60530.0
2020,US,cases,lung_bronchus,228820.0
2020,US,cases,melanoma_skin,100350.0
2020,US,cases,prostate,191930.0
2020,US,cases,urinary_bladder,81400.0
2020,US,cases,uterine_cervix,13800.0
2020,US,cases,uterine_corpus,65620.0
2020,Utah,cases,all_sites,11900.0
2020,Utah,cases,colon_rectum,840.0
2020,Utah,cases,female_breast,1780.0
2020,Utah,cases,hodgkin_lymphoma,550.0
2020,Utah,cases,leukemia,500.0
2020,Utah,cases,lung_bronchus,730.0
2020,Utah,cases,melanoma_skin,1230.0
2020,Utah,cases,prostate,1380.0
2020,Utah,cases,urinary_bladder,460.0
2020,Utah,cases,uterine_cervix,80.0
2020,Utah,cases,uterine_corpus,450.0
2020,Vermont,cases,all_sites,3740.0
2020,Vermont,cases,colon_rectum,270.0
2020,Vermont,cases,female_breast,630.0
2020,Vermont,cases,hodgkin_lymphoma,170.0
2020,Vermont,cases,leukemia,90.0
2020,Vermont,cases,lung_bronchus,570.0
2020,Vermont,cases,melanoma_skin,270.0
2020,Vermont,cases,prostate,330.0
2020,Vermont,cases,urinary_bladder,210.0
2020,Vermont,cases,uterine_cervix,
2020,Vermont,cases,uterine_corpus,170.0
2020,Virginia,cases,all_sites,47550.0
2020,Virginia,cases,colon_rectum,3530.0
2020,Virginia,cases,female_breast,7410.0
2020,Virginia,cases,hodgkin_lymphoma,1940.0
2020,Virginia,cases,leukemia,1370.0
2020,Virginia,cases,lung_bronchus,5960.0
2020,Virginia,cases,melanoma_skin,2920.0
2020,Virginia,cases,prostate,6200.0
2020,Virginia,cases,urinary_bladder,2010.0
2020,Virginia,cases,uterine_cervix,320.0
2020,Virginia,cases,uterine_corpus,1660.0
2020,Washington,cases,all_sites,36290.0
2020,Washington,cases,colon_rectum,2970.0
2020,Washington,cases,female_breast,6690.0
2020,Washington,cases,hodgkin_lymphoma,1740.0
2020,Washington,cases,leukemia,1430.0
2020,Washington,cases,lung_bronchus,4790.0
2020,Washington,cases,melanoma_skin,2800.0
2020,Washington,cases,prostate,4040.0
2020,Washington,cases,urinary_bladder,1930.0
2020,Washington,cases,uterine_cervix,250.0
2020,Washington,cases,uterine_corpus,1480.0
2020,West Virginia,cases,all_sites,12380.0
2020,West Virginia,cases,colon_rectum,1040.0
2020,West Virginia,cases,female_breast,1680.0
2020,West Virginia,cases,hodgkin_lymphoma,500.0
2020,West Virginia,cases,leukemia,480.0
2020,West Virginia,cases,lung_bronchus,2030.0
2020,West Virginia,cases,melanoma_skin,680.0
2020,West Virginia,cases,prostate,1110.0
2020,West Virginia,cases,urinary_bladder,620.0
2020,West Virginia,cases,uterine_cervix,80.0
2020,West Virginia,cases,uterine_corpus,440.0
2020,Wisconsin,cases,all_sites,35280.0
2020,Wisconsin,cases,colon_rectum,2540.0
2020,Wisconsin,cases,female_breast,5120.0
2020,Wisconsin,cases,hodgkin_lymphoma,1460.0
2020,Wisconsin,cases,leukemia,1420.0
2020,Wisconsin,cases,lung_bronchus,4290.0
2020,Wisconsin,cases,melanoma_skin,2190.0
2020,Wisconsin,cases,prostate,3560.0
2020,Wisconsin,cases,urinary_bladder,1740.0
2020,Wisconsin,cases,uterine_cervix,200.0
2020,Wisconsin,cases,uterine_corpus,1410.0
2020,Wyoming,cases,all_sites,2880.0
2020,Wyoming,cases,colon_rectum,260.0
2020,Wyoming,cases,female_breast,430.0
2020,Wyoming,cases,hodgkin_lymphoma,120.0
2020,Wyoming,cases,leukemia,110.0
2020,Wyoming,cases,lung_bronchus,320.0
2020,Wyoming,cases,melanoma_skin,220.0
2020,Wyoming,cases,prostate,400.0
2020,Wyoming,cases,urinary_bladder,150.0
2020,Wyoming,cases,uterine_cervix,
2020,Wyoming,cases,uterine_corpus,100.0
2020,Alabama,deaths,all_sites,10530.0
2020,Alabama,deaths,brain_nervous_system,340.0
2020,Alabama,deaths,colon_rectum,960.0
2020,Alabama,deaths,female_breast,690.0
2020,Alabama,deaths,hodgkin_lymphoma,290.0
2020,Alabama,deaths,leukemia,370.0
2020,Alabama,deaths,liver,520.0
2020,Alabama,deaths,lung_bronchus,2790.0
2020,Alabama,deaths,ovary,230.0
2020,Alabama,deaths,pancreas,790.0
2020,Alabama,deaths,prostate,520.0
2020,Alaska,deaths,all_sites,1090.0
2020,Alaska,deaths,brain_nervous_system,
2020,Alaska,deaths,colon_rectum,120.0
2020,Alaska,deaths,female_breast,70.0
2020,Alaska,deaths,hodgkin_lymphoma,
2020,Alaska,deaths,leukemia,
2020,Alaska,deaths,liver,50.0
2020,Alaska,deaths,lung_bronchus,190.0
2020,Alaska,deaths,ovary,
2020,Alaska,deaths,pancreas,90.0
2020,Alaska,deaths,prostate,60.0
2020,Arizona,deaths,all_sites,12580.0
2020,Arizona,deaths,brain_nervous_system,400.0
2020,Arizona,deaths,colon_rectum,1120.0
2020,Arizona,deaths,female_breast,900.0
2020,Arizona,deaths,hodgkin_lymphoma,410.0
2020,Arizona,deaths,leukemia,520.0
2020,Arizona,deaths,liver,680.0
2020,Arizona,deaths,lung_bronchus,2590.0
2020,Arizona,deaths,ovary,310.0
2020,Arizona,deaths,pancreas,1070.0
2020,Arizona,deaths,prostate,760.0
2020,Arkansas,deaths,all_sites,6730.0
2020,Arkansas,deaths,brain_nervous_system,190.0
2020,Arkansas,deaths,colon_rectum,610.0
2020,Arkansas,deaths,female_breast,410.0
2020,Arkansas,deaths,hodgkin_lymphoma,190.0
2020,Arkansas,deaths,leukemia,240.0
2020,Arkansas,deaths,liver,290.0
2020,Arkansas,deaths,lung_bronchus,1890.0
2020,Arkansas,deaths,ovary,140.0
2020,Arkansas,deaths,pancreas,450.0
2020,Arkansas,deaths,prostate,280.0
2020,California,deaths,all_sites,60660.0
2020,California,deaths,brain_nervous_system,1980.0
2020,California,deaths,colon_rectum,5480.0
2020,California,deaths,female_breast,4620.0
2020,California,deaths,hodgkin_lymphoma,2140.0
2020,California,deaths,leukemia,2400.0
2020,California,deaths,liver,3880.0
2020,California,deaths,lung_bronchus,10210.0
2020,California,deaths,ovary,1590.0
2020,California,deaths,pancreas,4840.0
2020,California,deaths,prostate,3890.0
2020,Colorado,deaths,all_sites,8220.0
2020,Colorado,deaths,brain_nervous_system,290.0
2020,Colorado,deaths,colon_rectum,700.0
2020,Colorado,deaths,female_breast,640.0
2020,Colorado,deaths,hodgkin_lymphoma,260.0
2020,Colorado,deaths,leukemia,330.0
2020,Colorado,deaths,liver,410.0
2020,Colorado,deaths,lung_bronchus,1450.0
2020,Colorado,deaths,ovary,210.0
2020,Colorado,deaths,pancreas,620.0
2020,Colorado,deaths,prostate,590.0
2020,Connecticut,deaths,all_sites,6390.0
2020,Connecticut,deaths,brain_nervous_system,210.0
2020,Connecticut,deaths,colon_rectum,460.0
2020,Connecticut,deaths,female_breast,430.0
2020,Connecticut,deaths,hodgkin_lymphoma,230.0
2020,Connecticut,deaths,leukemia,260.0
2020,Connecticut,deaths,liver,310.0
2020,Connecticut,deaths,lung_bronchus,1370.0
2020,Connecticut,deaths,ovary,160.0
2020,Connecticut,deaths,pancreas,520.0
2020,Connecticut,deaths,prostate,480.0
2020,Delaware,deaths,all_sites,2130.0
2020,Delaware,deaths,brain_nervous_system,60.0
2020,Delaware,deaths,colon_rectum,160.0
2020,Delaware,deaths,female_breast,150.0
2020,Delaware,deaths,hodgkin_lymphoma,80.0
2020,Delaware,deaths,leukemia,90.0
2020,Delaware,deaths,liver,120.0
2020,Delaware,deaths,lung_bronchus,510.0
2020,Delaware,deaths,ovary,50.0
2020,Delaware,deaths,pancreas,190.0
2020,Delaware,deaths,prostate,90.0
2020,District of Columbia,deaths,all_sites,1020.0
2020,District of Columbia,deaths,brain_nervous_system,
2020,District of Columbia,deaths,colon_rectum,100.0
2020,District of Columbia,deaths,female_breast,100.0
2020,District of Columbia,deaths,hodgkin_lymphoma,
2020,District of Columbia,deaths,leukemia,
2020,District of Columbia,deaths,liver,80.0
2020,District of Columbia,deaths,lung_bronchus,180.0
2020,District of Columbia,deaths,ovary,
2020,District of Columbia,deaths,pancreas,90.0
2020,District of Columbia,deaths,prostate,70.0
2020,Florida,deaths,all_sites,45300.0
2020,Florida,deaths,brain_nervous_system,1290.0
2020,Florida,deaths,colon_rectum,3930.0
2020,Florida,deaths,female_breast,3040.0
2020,Florida,deaths,hodgkin_lymphoma,1500.0
2020,Florida,deaths,leukemia,1800.0
2020,Florida,deaths,liver,2200.0
2020,Florida,deaths,lung_bronchus,10580.0
2020,Florida,deaths,ovary,1000.0
2020,Florida,deaths,pancreas,3570.0
2020,Florida,deaths,prostate,2800.0
2020,Georgia,deaths,all_sites,17990.0
2020,Georgia,deaths,brain_nervous_system,540.0
2020,Georgia,deaths,colon_rectum,1730.0
2020,Georgia,deaths,female_breast,1380.0
2020,Georgia,deaths,hodgkin_lymphoma,530.0
2020,Georgia,deaths,leukemia,600.0
2020,Georgia,deaths,liver,760.0
2020,Georgia,deaths,lung_bronchus,4210.0
2020,Georgia,deaths,ovary,400.0
2020,Georgia,deaths,pancreas,1300.0
2020,Georgia,deaths,prostate,990.0
2020,Hawaii,deaths,all_sites,2540.0
2020,Hawaii,deaths,brain_nervous_system,60.0
2020,Hawaii,deaths,colon_rectum,240.0
2020,Hawaii,deaths,female_breast,160.0
2020,Hawaii,deaths,hodgkin_lymphoma,90.0
2020,Hawaii,deaths,leukemia,90.0
2020,Hawaii,deaths,liver,180.0
2020,Hawaii,deaths,lung_bronchus,520.0
2020,Hawaii,deaths,ovary,
2020,Hawaii,deaths,pancreas,240.0
2020,Hawaii,deaths,prostate,130.0
2020,Idaho,deaths,all_sites,3100.0
2020,Idaho,deaths,brain_nervous_system,100.0
2020,Idaho,deaths,colon_rectum,260.0
2020,Idaho,deaths,female_breast,230.0
2020,Idaho,deaths,hodgkin_lymphoma,120.0
2020,Idaho,deaths,leukemia,110.0
2020,Idaho,deaths,liver,160.0
2020,Idaho,deaths,lung_bronchus,590.0
2020,Idaho,deaths,ovary,90.0
2020,Idaho,deaths,pancreas,260.0
2020,Idaho,deaths,prostate,210.0
2020,Illinois,deaths,all_sites,24220.0
2020,Illinois,deaths,brain_nervous_system,670.0
2020,Illinois,deaths,colon_rectum,2160.0
2020,Illinois,deaths,female_breast,1720.0
2020,Illinois,deaths,hodgkin_lymphoma,750.0
2020,Illinois,deaths,leukemia,900.0
2020,Illinois,deaths,liver,1080.0
2020,Illinois,deaths,lung_bronchus,5710.0
2020,Illinois,deaths,ovary,560.0
2020,Illinois,deaths,pancreas,1780.0
2020,Illinois,deaths,prostate,1560.0
2020,Indiana,deaths,all_sites,13630.0
2020,Indiana,deaths,brain_nervous_system,370.0
2020,Indiana,deaths,colon_rectum,1170.0
2020,Indiana,deaths,female_breast,880.0
2020,Indiana,deaths,hodgkin_lymphoma,450.0
2020,Indiana,deaths,leukemia,510.0
2020,Indiana,deaths,liver,550.0
2020,Indiana,deaths,lung_bronchus,3570.0
2020,Indiana,deaths,ovary,290.0
2020,Indiana,deaths,pancreas,990.0
2020,Indiana,deaths,prostate,640.0
2020,Iowa,deaths,all_sites,6440.0
2020,Iowa,deaths,brain_nervous_system,190.0
2020,Iowa,deaths,colon_rectum,560.0
2020,Iowa,deaths,female_breast,380.0
2020,Iowa,deaths,hodgkin_lymphoma,240.0
2020,Iowa,deaths,leukemia,250.0
2020,Iowa,deaths,liver,260.0
2020,Iowa,deaths,lung_bronchus,1530.0
2020,Iowa,deaths,ovary,150.0
2020,Iowa,deaths,pancreas,500.0
2020,Iowa,deaths,prostate,340.0
2020,Kansas,deaths,all_sites,5520.0
2020,Kansas,deaths,brain_nervous_system,170.0
2020,Kansas,deaths,colon_rectum,500.0
2020,Kansas,deaths,female_breast,350.0
2020,Kansas,deaths,hodgkin_lymphoma,180.0
2020,Kansas,deaths,leukemia,240.0
2020,Kansas,deaths,liver,250.0
2020,Kansas,deaths,lung_bronchus,1300.0
2020,Kansas,deaths,ovary,120.0
2020,Kansas,deaths,pancreas,410.0
2020,Kansas,deaths,prostate,290.0
2020,Kentucky,deaths,all_sites,10540.0
2020,Kentucky,deaths,brain_nervous_system,290.0
2020,Kentucky,deaths,colon_rectum,870.0
2020,Kentucky,deaths,female_breast,630.0
2020,Kentucky,deaths,hodgkin_lymphoma,330.0
2020,Kentucky,deaths,leukemia,370.0
2020,Kentucky,deaths,liver,440.0
2020,Kentucky,deaths,lung_bronchus,2910.0
2020,Kentucky,deaths,ovary,180.0
2020,Kentucky,deaths,pancreas,670.0
2020,Kentucky,deaths,prostate,430.0
2020,Louisiana,deaths,all_sites,9300.0
2020,Louisiana,deaths,brain_nervous_system,240.0
2020,Louisiana,deaths,colon_rectum,880.0
2020,Louisiana,deaths,female_breast,640.0
2020,Louisiana,deaths,hodgkin_lymphoma,280.0
2020,Louisiana,deaths,leukemia,320.0
2020,Louisiana,deaths,liver,580.0
2020,Louisiana,deaths,lung_bronchus,2330.0
2020,Louisiana,deaths,ovary,160.0
2020,Louisiana,deaths,pancreas,750.0
2020,Louisiana,deaths,prostate,450.0
2020,Maine,deaths,all_sites,3350.0
2020,Maine,deaths,brain_nervous_system,100.0
2020,Maine,deaths,colon_rectum,240.0
2020,Maine,deaths,female_breast,180.0
2020,Maine,deaths,hodgkin_lymphoma,110.0
2020,Maine,deaths,leukemia,120.0
2020,Maine,deaths,liver,120.0
2020,Maine,deaths,lung_bronchus,870.0
2020,Maine,deaths,ovary,70.0
2020,Maine,deaths,pancreas,240.0
2020,Maine,deaths,prostate,180.0
2020,Maryland,deaths,all_sites,10790.0
2020,Maryland,deaths,brain_nervous_system,300.0
2020,Maryland,deaths,colon_rectum,920.0
2020,Maryland,deaths,female_breast,850.0
2020,Maryland,deaths,hodgkin_lymphoma,340.0
2020,Maryland,deaths,leukemia,410.0
2020,Maryland,deaths,liver,580.0
2020,Maryland,deaths,lung_bronchus,2310.0
2020,Maryland,deaths,ovary,260.0
2020,Maryland,deaths,pancreas,870.0
2020,Maryland,deaths,prostate,580.0
2020,Massachusetts,deaths,all_sites,12430.0
2020,Massachusetts,deaths,brain_nervous_system,410.0
2020,Massachusetts,deaths,colon_rectum,910.0
2020,Massachusetts,deaths,female_breast,780.0
2020,Massachusetts,deaths,hodgkin_lymphoma,390.0
2020,Massachusetts,deaths,leukemia,480.0
2020,Massachusetts,deaths,liver,640.0
2020,Massachusetts,deaths,lung_bronchus,2810.0
2020,Massachusetts,deaths,ovary,310.0
2020,Massachusetts,deaths,pancreas,1020.0
2020,Massachusetts,deaths,prostate,660.0
2020,Michigan,deaths,all_sites,21000.0
2020,Michigan,deaths,brain_nervous_system,600.0
2020,Michigan,deaths,colon_rectum,1700.0
2020,Michigan,deaths,female_breast,1380.0
2020,Michigan,deaths,hodgkin_lymphoma,720.0
2020,Michigan,deaths,leukemia,770.0
2020,Michigan,deaths,liver,890.0
2020,Michigan,deaths,lung_bronchus,5220.0
2020,Michigan,deaths,ovary,480.0
2020,Michigan,deaths,pancreas,1720.0
2020,Michigan,deaths,prostate,1030.0
2020,Minnesota,deaths,all_sites,10040.0
2020,Minnesota,deaths,brain_nervous_system,330.0
2020,Minnesota,deaths,colon_rectum,790.0
2020,Minnesota,deaths,female_breast,630.0
2020,Minnesota,deaths,hodgkin_lymphoma,390.0
2020,Minnesota,deaths,leukemia,430.0
2020,Minnesota,deaths,liver,420.0
2020,Minnesota,deaths,lung_bronchus,2210.0
2020,Minnesota,deaths,ovary,210.0
2020,Minnesota,deaths,pancreas,820.0
2020,Minnesota,deaths,prostate,590.0
2020,Mississippi,deaths,all_sites,6700.0
2020,Mississippi,deaths,brain_nervous_system,180.0
2020,Mississippi,deaths,colon_rectum,670.0
2020,Mississippi,deaths,female_breast,460.0
2020,Mississippi,deaths,hodgkin_lymphoma,160.0
2020,Mississippi,deaths,leukemia,220.0
2020,Mississippi,deaths,liver,320.0
2020,Mississippi,deaths,lung_bronchus,1740.0
2020,Mississippi,deaths,ovary,120.0
2020,Mississippi,deaths,pancreas,520.0
2020,Mississippi,deaths,prostate,360.0
2020,Missouri,deaths,all_sites,13010.0
2020,Missouri,deaths,brain_nervous_system,340.0
2020,Missouri,deaths,colon_rectum,1090.0
2020,Missouri,deaths,female_breast,850.0
2020,Missouri,deaths,hodgkin_lymphoma,390.0
2020,Missouri,deaths,leukemia,480.0
2020,Missouri,deaths,liver,570.0
2020,Missouri,deaths,lung_bronchus,3250.0
2020,Missouri,deaths,ovary,250.0
2020,Missouri,deaths,pancreas,940.0
2020,Missouri,deaths,prostate,570.0
2020,Montana,deaths,all_sites,2140.0
2020,Montana,deaths,brain_nervous_system,70.0
2020,Montana,deaths,colon_rectum,190.0
2020,Montana,deaths,female_breast,140.0
2020,Montana,deaths,hodgkin_lymphoma,70.0
2020,Montana,deaths,leukemia,70.0
2020,Montana,deaths,liver,100.0
2020,Montana,deaths,lung_bronchus,460.0
2020,Montana,deaths,ovary,50.0
2020,Montana,deaths,pancreas,160.0
2020,Montana,deaths,prostate,150.0
2020,Nebraska,deaths,all_sites,3520.0
2020,Nebraska,deaths,brain_nervous_system,120.0
2020,Nebraska,deaths,colon_rectum,320.0
2020,Nebraska,deaths,female_breast,240.0
2020,Nebraska,deaths,hodgkin_lymphoma,120.0
2020,Nebraska,deaths,leukemia,150.0
2020,Nebraska,deaths,liver,120.0
2020,Nebraska,deaths,lung_bronchus,800.0
2020,Nebraska,deaths,ovary,80.0
2020,Nebraska,deaths,pancreas,280.0
2020,Nebraska,deaths,prostate,190.0
2020,Nevada,deaths,all_sites,5460.0
2020,Nevada,deaths,brain_nervous_system,210.0
2020,Nevada,deaths,colon_rectum,590.0
2020,Nevada,deaths,female_breast,400.0
2020,Nevada,deaths,hodgkin_lymphoma,170.0
2020,Nevada,deaths,leukemia,200.0
2020,Nevada,deaths,liver,240.0
2020,Nevada,deaths,lung_bronchus,1230.0
2020,Nevada,deaths,ovary,150.0
2020,Nevada,deaths,pancreas,400.0
2020,Nevada,deaths,prostate,310.0
2020,New Hampshire,deaths,all_sites,2830.0
2020,New Hampshire,deaths,brain_nervous_system,90.0
2020,New Hampshire,deaths,colon_rectum,290.0
2020,New Hampshire,deaths,female_breast,170.0
2020,New Hampshire,deaths,hodgkin_lymphoma,90.0
2020,New Hampshire,deaths,leukemia,110.0
2020,New Hampshire,deaths,liver,120.0
2020,New Hampshire,deaths,lung_bronchus,700.0
2020,New Hampshire,deaths,ovary,70.0
2020,New Hampshire,deaths,pancreas,200.0
2020,New Hampshire,deaths,prostate,150.0
2020,New Jersey,deaths,all_sites,15710.0
2020,New Jersey,deaths,brain_nervous_system,480.0
2020,New Jersey,deaths,colon_rectum,1440.0
2020,New Jersey,deaths,female_breast,1230.0
2020,New Jersey,deaths,hodgkin_lymphoma,560.0
2020,New Jersey,deaths,leukemia,620.0
2020,New Jersey,deaths,liver,700.0
2020,New Jersey,deaths,lung_bronchus,3230.0
2020,New Jersey,deaths,ovary,390.0
2020,New Jersey,deaths,pancreas,1340.0
2020,New Jersey,deaths,prostate,810.0
2020,New Mexico,deaths,all_sites,3730.0
2020,New Mexico,deaths,brain_nervous_system,110.0
2020,New Mexico,deaths,colon_rectum,360.0
2020,New Mexico,deaths,female_breast,280.0
2020,New Mexico,deaths,hodgkin_lymphoma,120.0
2020,New Mexico,deaths,leukemia,120.0
2020,New Mexico,deaths,liver,250.0
2020,New Mexico,deaths,lung_bronchus,670.0
2020,New Mexico,deaths,ovary,110.0
2020,New Mexico,deaths,pancreas,280.0
2020,New Mexico,deaths,prostate,230.0
2020,New York,deaths,all_sites,34710.0
2020,New York,deaths,brain_nervous_system,960.0
2020,New York,deaths,colon_rectum,2950.0
2020,New York,deaths,female_breast,2430.0
2020,New York,deaths,hodgkin_lymphoma,1230.0
2020,New York,deaths,leukemia,1370.0
2020,New York,deaths,liver,1610.0
2020,New York,deaths,lung_bronchus,6510.0
2020,New York,deaths,ovary,870.0
2020,New York,deaths,pancreas,2890.0
2020,New York,deaths,prostate,1850.0
2020,North Carolina,deaths,all_sites,20410.0
2020,North Carolina,deaths,brain_nervous_system,570.0
2020,North Carolina,deaths,colon_rectum,1640.0
2020,North Carolina,deaths,female_breast,1440.0
2020,North Carolina,deaths,hodgkin_lymphoma,610.0
2020,North Carolina,deaths,leukemia,710.0
2020,North Carolina,deaths,liver,850.0
2020,North Carolina,deaths,lung_bronchus,5020.0
2020,North Carolina,deaths,ovary,430.0
2020,North Carolina,deaths,pancreas,1500.0
2020,North Carolina,deaths,prostate,1010.0
2020,North Dakota,deaths,all_sites,1260.0
2020,North Dakota,deaths,brain_nervous_system,
2020,North Dakota,deaths,colon_rectum,110.0
2020,North Dakota,deaths,female_breast,80.0
2020,North Dakota,deaths,hodgkin_lymphoma,50.0
2020,North Dakota,deaths,leukemia,60.0
2020,North Dakota,deaths,liver,
2020,North Dakota,deaths,lung_bronchus,280.0
2020,North Dakota,deaths,ovary,
2020,North Dakota,deaths,pancreas,100.0
2020,North Dakota,deaths,prostate,70.0
2020,Ohio,deaths,all_sites,25380.0
2020,Ohio,deaths,brain_nervous_system,700.0
2020,Ohio,deaths,colon_rectum,2170.0
2020,Ohio,deaths,female_breast,1710.0
2020,Ohio,deaths,hodgkin_lymphoma,850.0
2020,Ohio,deaths,leukemia,930.0
2020,Ohio,deaths,liver,1090.0
2020,Ohio,deaths,lung_bronchus,6460.0
2020,Ohio,deaths,ovary,550.0
2020,Ohio,deaths,pancreas,1930.0
2020,Ohio,deaths,prostate,1200.0
2020,Oklahoma,deaths,all_sites,8430.0
2020,Oklahoma,deaths,brain_nervous_system,230.0
2020,Oklahoma,deaths,colon_rectum,800.0
2020,Oklahoma,deaths,female_breast,560.0
2020,Oklahoma,deaths,hodgkin_lymphoma,270.0
2020,Oklahoma,deaths,leukemia,330.0
2020,Oklahoma,deaths,liver,410.0
2020,Oklahoma,deaths,lung_bronchus,2180.0
2020,Oklahoma,deaths,ovary,190.0
2020,Oklahoma,deaths,pancreas,570.0
2020,Oklahoma,deaths,prostate,430.0
2020,Oregon,deaths,all_sites,8280.0
2020,Oregon,deaths,brain_nervous_system,260.0
2020,Oregon,deaths,colon_rectum,660.0
2020,Oregon,deaths,female_breast,550.0
2020,Oregon,deaths,hodgkin_lymphoma,270.0
2020,Oregon,deaths,leukemia,310.0
2020,Oregon,deaths,liver,480.0
2020,Oregon,deaths,lung_bronchus,1750.0
2020,Oregon,deaths,ovary,240.0
2020,Oregon,deaths,pancreas,680.0
2020,Oregon,deaths,prostate,500.0
2020,Pennsylvania,deaths,all_sites,27860.0
2020,Pennsylvania,deaths,brain_nervous_system,780.0
2020,Pennsylvania,deaths,colon_rectum,2440.0
2020,Pennsylvania,deaths,female_breast,1910.0
2020,Pennsylvania,deaths,hodgkin_lymphoma,950.0
2020,Pennsylvania,deaths,leukemia,1070.0
2020,Pennsylvania,deaths,liver,1270.0
2020,Pennsylvania,deaths,lung_bronchus,6460.0
2020,Pennsylvania,deaths,ovary,640.0
2020,Pennsylvania,deaths,pancreas,2270.0
2020,Pennsylvania,deaths,prostate,1390.0
2020,Rhode Island,deaths,all_sites,2120.0
2020,Rhode Island,deaths,brain_nervous_system,60.0
2020,Rhode Island,deaths,colon_rectum,160.0
2020,Rhode Island,deaths,female_breast,120.0
2020,Rhode Island,deaths,hodgkin_lymphoma,70.0
2020,Rhode Island,deaths,leukemia,80.0
2020,Rhode Island,deaths,liver,110.0
2020,Rhode Island,deaths,lung_bronchus,540.0
2020,Rhode Island,deaths,ovary,
2020,Rhode Island,deaths,pancreas,170.0
2020,Rhode Island,deaths,prostate,110.0
2020,South Carolina,deaths,all_sites,10780.0
2020,South Carolina,deaths,brain_nervous_system,310.0
2020,South Carolina,deaths,colon_rectum,910.0
2020,South Carolina,deaths,female_breast,750.0
2020,South Carolina,deaths,hodgkin_lymphoma,320.0
2020,South Carolina,deaths,leukemia,390.0
2020,South Carolina,deaths,liver,520.0
2020,South Carolina,deaths,lung_bronchus,2610.0
2020,South Carolina,deaths,ovary,210.0
2020,South Carolina,deaths,pancreas,830.0
2020,South Carolina,deaths,prostate,590.0
2020,South Dakota,deaths,all_sites,1690.0
2020,South Dakota,deaths,brain_nervous_system,60.0
2020,South Dakota,deaths,colon_rectum,170.0
2020,South Dakota,deaths,female_breast,110.0
2020,South Dakota,deaths,hodgkin_lymphoma,60.0
2020,South Dakota,deaths,leukemia,70.0
2020,South Dakota,deaths,liver,70.0
2020,South Dakota,deaths,lung_bronchus,400.0
2020,South Dakota,deaths,ovary,
2020,South Dakota,deaths,pancreas,130.0
2020,South Dakota,deaths,prostate,90.0
2020,Tennessee,deaths,all_sites,14780.0
2020,Tennessee,deaths,brain_nervous_system,380.0
2020,Tennessee,deaths,colon_rectum,1260.0
2020,Tennessee,deaths,female_breast,950.0
2020,Tennessee,deaths,hodgkin_lymphoma,460.0
2020,Tennessee,deaths,leukemia,530.0
2020,Tennessee,deaths,liver,730.0
2020,Tennessee,deaths,lung_bronchus,3990.0
2020,Tennessee,deaths,ovary,310.0
2020,Tennessee,deaths,pancreas,1010.0
2020,Tennessee,deaths,prostate,660.0
2020,Texas,deaths,all_sites,41810.0
2020,Texas,deaths,brain_nervous_system,1260.0
2020,Texas,deaths,colon_rectum,4070.0
2020,Texas,deaths,female_breast,3060.0
2020,Texas,deaths,hodgkin_lymphoma,1350.0
2020,Texas,deaths,leukemia,1620.0
2020,Texas,deaths,liver,2740.0
2020,Texas,deaths,lung_bronchus,8420.0
2020,Texas,deaths,ovary,930.0
2020,Texas,deaths,pancreas,3130.0
2020,Texas,deaths,prostate,2310.0
2020,US,deaths,all_sites,606520.0
2020,US,deaths,brain_nervous_system,18020.0
2020,US,deaths,colon_rectum,53200.0
2020,US,deaths,female_breast,42170.0
2020,US,deaths,hodgkin_lymphoma,19940.0
2020,US,deaths,leukemia,23100.0
2020,US,deaths,liver,30160.0
2020,US,deaths,lung_bronchus,135720.0
2020,US,deaths,ovary,13940.0
2020,US,deaths,pancreas,47050.0
2020,US,deaths,prostate,33330.0
2020,Utah,deaths,all_sites,3350.0
2020,Utah,deaths,brain_nervous_system,140.0
2020,Utah,deaths,colon_rectum,300.0
2020,Utah,deaths,female_breast,290.0
2020,Utah,deaths,hodgkin_lymphoma,130.0
2020,Utah,deaths,leukemia,170.0
2020,Utah,deaths,liver,160.0
2020,Utah,deaths,lung_bronchus,430.0
2020,Utah,deaths,ovary,110.0
2020,Utah,deaths,pancreas,280.0
2020,Utah,deaths,prostate,240.0
2020,Vermont,deaths,all_sites,1450.0
2020,Vermont,deaths,brain_nervous_system,60.0
2020,Vermont,deaths,colon_rectum,130.0
2020,Vermont,deaths,female_breast,70.0
2020,Vermont,deaths,hodgkin_lymphoma,50.0
2020,Vermont,deaths,leukemia,50.0
2020,Vermont,deaths,liver,50.0
2020,Vermont,deaths,lung_bronchus,350.0
2020,Vermont,deaths,ovary,
2020,Vermont,deaths,pancreas,110.0
2020,Vermont,deaths,prostate,70.0
2020,Virginia,deaths,all_sites,15220.0
2020,Virginia,deaths,brain_nervous_system,450.0
2020,Virginia,deaths,colon_rectum,1400.0
2020,Virginia,deaths,female_breast,1140.0
2020,Virginia,deaths,hodgkin_lymphoma,490.0
2020,Virginia,deaths,leukemia,540.0
2020,Virginia,deaths,liver,730.0
2020,Virginia,deaths,lung_bronchus,3450.0
2020,Virginia,deaths,ovary,370.0
2020,Virginia,deaths,pancreas,1180.0
2020,Virginia,deaths,prostate,800.0
2020,Washington,deaths,all_sites,13020.0
2020,Washington,deaths,brain_nervous_system,440.0
2020,Washington,deaths,colon_rectum,1050.0
2020,Washington,deaths,female_breast,900.0
2020,Washington,deaths,hodgkin_lymphoma,450.0
2020,Washington,deaths,leukemia,490.0
2020,Washington,deaths,liver,720.0
2020,Washington,deaths,lung_bronchus,2740.0
2020,Washington,deaths,ovary,330.0
2020,Washington,deaths,pancreas,1000.0
2020,Washington,deaths,prostate,750.0
2020,West Virginia,deaths,all_sites,4750.0
2020,West Virginia,deaths,brain_nervous_system,120.0
2020,West Virginia,deaths,colon_rectum,440.0
2020,West Virginia,deaths,female_breast,290.0
2020,West Virginia,deaths,hodgkin_lymphoma,150.0
2020,West Virginia,deaths,leukemia,180.0
2020,West Virginia,deaths,liver,200.0
2020,West Virginia,deaths,lung_bronchus,1300.0
2020,West Virginia,deaths,ovary,90.0
2020,West Virginia,deaths,pancreas,310.0
2020,West Virginia,deaths,prostate,190.0
2020,Wisconsin,deaths,all_sites,11610.0
2020,Wisconsin,deaths,brain_nervous_system,380.0
2020,Wisconsin,deaths,colon_rectum,920.0
2020,Wisconsin,deaths,female_breast,720.0
2020,Wisconsin,deaths,hodgkin_lymphoma,400.0
2020,Wisconsin,deaths,leukemia,470.0
2020,Wisconsin,deaths,liver,450.0
2020,Wisconsin,deaths,lung_bronchus,2690.0
2020,Wisconsin,deaths,ovary,250.0
2020,Wisconsin,deaths,pancreas,950.0
2020,Wisconsin,deaths,prostate,660.0
2020,Wyoming,deaths,all_sites,960.0
2020,Wyoming,deaths,brain_nervous_system,
2020,Wyoming,deaths,colon_rectum,80.0
2020,Wyoming,deaths,female_breast,60.0
2020,Wyoming,deaths,hodgkin_lymphoma,
2020,Wyoming,deaths,leukemia,50.0
2020,Wyoming,deaths,liver,60.0
2020,Wyoming,deaths,lung_bronchus,190.0
2020,Wyoming,deaths,ovary,
2020,Wyoming,deaths,pancreas,70.0
2020,Wyoming,deaths,prostate,50.0
2021,Alabama,cases,all_sites,30830.0
2021,Alabama,cases,colon_rectum,2470.0
2021,Alabama,cases,female_breast,4460.0
2021,Alabama,cases,hodgkin_lymphoma,1080.0
2021,Alabama,cases,leukemia,870.0
2021,Alabama,cases,lung_bronchus,4520.0
2021,Alabama,cases,melanoma_skin,1590.0
2021,Alabama,cases,prostate,4020.0
2021,Alabama,cases,urinary_bladder,1300.0
2021,Alabama,cases,uterine_cervix,250.0
2021,Alabama,cases,uterine_corpus,820.0
2021,Alaska,cases,all_sites,3190.0
2021,Alaska,cases,colon_rectum,330.0
2021,Alaska,cases,female_breast,520.0
2021,Alaska,cases,hodgkin_lymphoma,110.0
2021,Alaska,cases,leukemia,100.0
2021,Alaska,cases,lung_bronchus,370.0
2021,Alaska,cases,melanoma_skin,110.0
2021,Alaska,cases,prostate,440.0
2021,Alaska,cases,urinary_bladder,160.0
2021,Alaska,cases,uterine_cervix,
2021,Alaska,cases,uterine_corpus,100.0
2021,Arizona,cases,all_sites,39640.0
2021,Arizona,cases,colon_rectum,3060.0
2021,Arizona,cases,female_breast,5850.0
2021,Arizona,cases,hodgkin_lymphoma,1690.0
2021,Arizona,cases,leukemia,1110.0
2021,Arizona,cases,lung_bronchus,4550.0
2021,Arizona,cases,melanoma_skin,2900.0
2021,Arizona,cases,prostate,4680.0
2021,Arizona,cases,urinary_bladder,1910.0
2021,Arizona,cases,uterine_cervix,300.0
2021,Arizona,cases,uterine_corpus,1290.0
2021,Arkansas,cases,all_sites,17980.0
2021,Arkansas,cases,colon_rectum,1500.0
2021,Arkansas,cases,female_breast,2370.0
2021,Arkansas,cases,hodgkin_lymphoma,680.0
2021,Arkansas,cases,leukemia,520.0
2021,Arkansas,cases,lung_bronchus,2970.0
2021,Arkansas,cases,melanoma_skin,930.0
2021,Arkansas,cases,prostate,2470.0
2021,Arkansas,cases,urinary_bladder,780.0
2021,Arkansas,cases,uterine_cervix,160.0
2021,Arkansas,cases,uterine_corpus,540.0
2021,California,cases,all_sites,187140.0
2021,California,cases,colon_rectum,15880.0
2021,California,cases,female_breast,30730.0
2021,California,cases,hodgkin_lymphoma,8510.0
2021,California,cases,leukemia,5830.0
2021,California,cases,lung_bronchus,17760.0
2021,California,cases,melanoma_skin,11450.0
2021,California,cases,prostate,25880.0
2021,California,cases,urinary_bladder,7730.0
2021,California,cases,uterine_cervix,1720.0
2021,California,cases,uterine_corpus,7470.0
2021,Colorado,cases,all_sites,28630.0
2021,Colorado,cases,colon_rectum,2140.0
2021,Colorado,cases,female_breast,4580.0
2021,Colorado,cases,hodgkin_lymphoma,1090.0
2021,Colorado,cases,leukemia,870.0
2021,Colorado,cases,lung_bronchus,2570.0
2021,Colorado,cases,melanoma_skin,2240.0
2021,Colorado,cases,prostate,3920.0
2021,Colorado,cases,urinary_bladder,1230.0
2021,Colorado,cases,uterine_cervix,200.0
2021,Colorado,cases,uterine_corpus,930.0
2021,Connecticut,cases,all_sites,22910.0
2021,Connecticut,cases,colon_rectum,1560.0
2021,Connecticut,cases,female_breast,3540.0
2021,Connecticut,cases,hodgkin_lymphoma,1010.0
2021,Connecticut,cases,leukemia,650.0
2021,Connecticut,cases,lung_bronchus,2750.0
2021,Connecticut,cases,melanoma_skin,1300.0
2021,Connecticut,cases,prostate,3160.0
2021,Connecticut,cases,urinary_bladder,1180.0
2021,Connecticut,cases,uterine_cervix,120.0
2021,Connecticut,cases,uterine_corpus,860.0
2021,Delaware,cases,all_sites,7090.0
2021,Delaware,cases,colon_rectum,490.0
2021,Delaware,cases,female_breast,990.0
2021,Delaware,cases,hodgkin_lymphoma,290.0
2021,Delaware,cases,leukemia,200.0
2021,Delaware,cases,lung_bronchus,910.0
2021,Delaware,cases,melanoma_skin,430.0
2021,Delaware,cases,prostate,900.0
2021,Delaware,cases,urinary_bladder,320.0
2021,Delaware,cases,uterine_cervix,
2021,Delaware,cases,uterine_corpus,250.0
2021,District of Columbia,cases,all_sites,3450.0
2021,District of Columbia,cases,colon_rectum,270.0
2021,District of Columbia,cases,female_breast,630.0
2021,District of Columbia,cases,hodgkin_lymphoma,110.0
2021,District of Columbia,cases,leukemia,80.0
2021,District of Columbia,cases,lung_bronchus,360.0
2021,District of Columbia,cases,melanoma_skin,120.0
2021,District of Columbia,cases,prostate,550.0
2021,District of Columbia,cases,urinary_bladder,110.0
2021,District of Columbia,cases,uterine_cervix,
2021,District of Columbia,cases,uterine_corpus,140.0
2021,Florida,cases,all_sites,148010.0
2021,Florida,cases,colon_rectum,11220.0
2021,Florida,cases,female_breast,20160.0
2021,Florida,cases,hodgkin_lymphoma,8440.0
2021,Florida,cases,leukemia,6660.0
2021,Florida,cases,lung_bronchus,18470.0
2021,Florida,cases,melanoma_skin,9680.0
2021,Florida,cases,prostate,19950.0
2021,Florida,cases,urinary_bladder,6870.0
2021,Florida,cases,uterine_cervix,1260.0
2021,Florida,cases,uterine_corpus,4870.0
2021,Georgia,cases,all_sites,58060.0
2021,Georgia,cases,colon_rectum,4840.0
2021,Georgia,cases,female_breast,8770.0
2021,Georgia,cases,hodgkin_lymphoma,2100.0
2021,Georgia,cases,leukemia,1840.0
2021,Georgia,cases,lung_bronchus,7250.0
2021,Georgia,cases,melanoma_skin,3800.0
2021,Georgia,cases,prostate,8550.0
2021,Georgia,cases,urinary_bladder,2150.0
2021,Georgia,cases,uterine_cervix,490.0
2021,Georgia,cases,uterine_corpus,1820.0
2021,Hawaii,cases,all_sites,7570.0
2021,Hawaii,cases,colon_rectum,710.0
2021,Hawaii,cases,female_breast,1390.0
2021,Hawaii,cases,hodgkin_lymphoma,330.0
2021,Hawaii,cases,leukemia,200.0
2021,Hawaii,cases,lung_bronchus,930.0
2021,Hawaii,cases,melanoma_skin,460.0
2021,Hawaii,cases,prostate,880.0
2021,Hawaii,cases,urinary_bladder,300.0
2021,Hawaii,cases,uterine_cervix,60.0
2021,Hawaii,cases,uterine_corpus,360.0
2021,Idaho,cases,all_sites,10240.0
2021,Idaho,cases,colon_rectum,740.0
2021,Idaho,cases,female_breast,1410.0
2021,Idaho,cases,hodgkin_lymphoma,450.0
2021,Idaho,cases,leukemia,350.0
2021,Idaho,cases,lung_bronchus,1060.0
2021,Idaho,cases,melanoma_skin,860.0
2021,Idaho,cases,prostate,1260.0
2021,Idaho,cases,urinary_bladder,500.0
2021,Idaho,cases,uterine_cervix,70.0
2021,Idaho,cases,uterine_corpus,330.0
2021,Illinois,cases,all_sites,74980.0
2021,Illinois,cases,colon_rectum,6200.0
2021,Illinois,cases,female_breast,11190.0
2021,Illinois,cases,hodgkin_lymphoma,3010.0
2021,Illinois,cases,leukemia,2120.0
2021,Illinois,cases,lung_bronchus,9600.0
2021,Illinois,cases,melanoma_skin,4030.0
2021,Illinois,cases,prostate,10250.0
2021,Illinois,cases,urinary_bladder,3320.0
2021,Illinois,cases,uterine_cervix,560.0
2021,Illinois,cases,uterine_corpus,2710.0
2021,Indiana,cases,all_sites,39010.0
2021,Indiana,cases,colon_rectum,3310.0
2021,Indiana,cases,female_breast,5460.0
2021,Indiana,cases,hodgkin_lymphoma,1570.0
2021,Indiana,cases,leukemia,1150.0
2021,Indiana,cases,lung_bronchus,5960.0
2021,Indiana,cases,melanoma_skin,2310.0
2021,Indiana,cases,prostate,4260.0
2021,Indiana,cases,urinary_bladder,1830.0
2021,Indiana,cases,uterine_cervix,290.0
2021,Indiana,cases,uterine_corpus,1300.0
2021,Iowa,cases,all_sites,20000.0
2021,Iowa,cases,colon_rectum,1570.0
2021,Iowa,cases,female_breast,2710.0
2021,Iowa,cases,hodgkin_lymphoma,890.0
2021,Iowa,cases,leukemia,740.0
2021,Iowa,cases,lung_bronchus,2610.0
2021,Iowa,cases,melanoma_skin,1290.0
2021,Iowa,cases,prostate,2530.0
2021,Iowa,cases,urinary_bladder,880.0
2021,Iowa,cases,uterine_cervix,120.0
2021,Iowa,cases,uterine_corpus,700.0
2021,Kansas,cases,all_sites,16980.0
2021,Kansas,cases,colon_rectum,1440.0
2021,Kansas,cases,female_breast,2380.0
2021,Kansas,cases,hodgkin_lymphoma,690.0
2021,Kansas,cases,leukemia,570.0
2021,Kansas,cases,lung_bronchus,2160.0
2021,Kansas,cases,melanoma_skin,940.0
2021,Kansas,cases,prostate,2420.0
2021,Kansas,cases,urinary_bladder,710.0
2021,Kansas,cases,uterine_cervix,100.0
2021,Kansas,cases,uterine_corpus,530.0
2021,Kentucky,cases,all_sites,30270.0
2021,Kentucky,cases,colon_rectum,2540.0
2021,Kentucky,cases,female_breast,3820.0
2021,Kentucky,cases,hodgkin_lymphoma,1130.0
2021,Kentucky,cases,leukemia,870.0
2021,Kentucky,cases,lung_bronchus,4970.0
2021,Kentucky,cases,melanoma_skin,1740.0
2021,Kentucky,cases,prostate,3710.0
2021,Kentucky,cases,urinary_bladder,1270.0
2021,Kentucky,cases,uterine_cervix,200.0
2021,Kentucky,cases,uterine_corpus,910.0
2021,Louisiana,cases,all_sites,27880.0
2021,Louisiana,cases,colon_rectum,2440.0
2021,Louisiana,cases,female_breast,4020.0
2021,Louisiana,cases,hodgkin_lymphoma,1110.0
2021,Louisiana,cases,leukemia,850.0
2021,Louisiana,cases,lung_bronchus,3910.0
2021,Louisiana,cases,melanoma_skin,1130.0
2021,Louisiana,cases,prostate,3990.0
2021,Louisiana,cases,urinary_bladder,1120.0
2021,Louisiana,cases,uterine_cervix,240.0
2021,Louisiana,cases,uterine_corpus,720.0
2021,Maine,cases,all_sites,10090.0
2021,Maine,cases,colon_rectum,700.0
2021,Maine,cases,female_breast,1430.0
2021,Maine,cases,hodgkin_lymphoma,430.0
2021,Maine,cases,leukemia,330.0
2021,Maine,cases,lung_bronchus,1530.0
2021,Maine,cases,melanoma_skin,650.0
2021,Maine,cases,prostate,1110.0
2021,Maine,cases,urinary_bladder,600.0
2021,Maine,cases,uterine_cervix,50.0
2021,Maine,cases,uterine_corpus,380.0
2021,Maryland,cases,all_sites,34590.0
2021,Maryland,cases,colon_rectum,2550.0
2021,Maryland,cases,female_breast,5470.0
2021,Maryland,cases,hodgkin_lymphoma,1360.0
2021,Maryland,cases,leukemia,980.0
2021,Maryland,cases,lung_bronchus,4230.0
2021,Maryland,cases,melanoma_skin,1870.0
2021,Maryland,cases,prostate,5020.0
2021,Maryland,cases,urinary_bladder,1320.0
2021,Maryland,cases,uterine_cervix,220.0
2021,Maryland,cases,uterine_corpus,1260.0
2021,Massachusetts,cases,all_sites,42750.0
2021,Massachusetts,cases,colon_rectum,2940.0
2021,Massachusetts,cases,female_breast,6650.0
2021,Massachusetts,cases,hodgkin_lymphoma,1730.0
2021,Massachusetts,cases,leukemia,1000.0
2021,Massachusetts,cases,lung_bronchus,5550.0
2021,Massachusetts,cases,melanoma_skin,2530.0
2021,Massachusetts,cases,prostate,5290.0
2021,Massachusetts,cases,urinary_bladder,2080.0
2021,Massachusetts,cases,uterine_cervix,210.0
2021,Massachusetts,cases,uterine_corpus,1500.0
2021,Michigan,cases,all_sites,62150.0
2021,Michigan,cases,colon_rectum,4690.0
2021,Michigan,cases,female_breast,8700.0
2021,Michigan,cases,hodgkin_lymphoma,2620.0
2021,Michigan,cases,leukemia,1800.0
2021,Michigan,cases,lung_bronchus,8590.0
2021,Michigan,cases,melanoma_skin,3440.0
2021,Michigan,cases,prostate,8940.0
2021,Michigan,cases,urinary_bladder,3010.0
2021,Michigan,cases,uterine_cervix,380.0
2021,Michigan,cases,uterine_corpus,2240.0
2021,Minnesota,cases,all_sites,33260.0
2021,Minnesota,cases,colon_rectum,2490.0
2021,Minnesota,cases,female_breast,4850.0
2021,Minnesota,cases,hodgkin_lymphoma,1520.0
2021,Minnesota,cases,leukemia,1380.0
2021,Minnesota,cases,lung_bronchus,3970.0
2021,Minnesota,cases,melanoma_skin,1850.0
2021,Minnesota,cases,prostate,4020.0
2021,Minnesota,cases,urinary_bladder,1520.0
2021,Minnesota,cases,uterine_cervix,160.0
2021,Minnesota,cases,uterine_corpus,1210.0
2021,Mississippi,cases,all_sites,18750.0
2021,Mississippi,cases,colon_rectum,1670.0
2021,Mississippi,cases,female_breast,2550.0
2021,Mississippi,cases,hodgkin_lymphoma,630.0
2021,Mississippi,cases,leukemia,510.0
2021,Mississippi,cases,lung_bronchus,2870.0
2021,Mississippi,cases,melanoma_skin,750.0
2021,Mississippi,cases,prostate,2380.0
2021,Mississippi,cases,urinary_bladder,700.0
2021,Mississippi,cases,uterine_cervix,160.0
2021,Mississippi,cases,uterine_corpus,500.0
2021,Missouri,cases,all_sites,37390.0
2021,Missouri,cases,colon_rectum,2930.0
2021,Missouri,cases,female_breast,5490.0
2021,Missouri,cases,hodgkin_lymphoma,1500.0
2021,Missouri,cases,leukemia,1180.0
2021,Missouri,cases,lung_bronchus,5570.0
2021,Missouri,cases,melanoma_skin,1840.0
2021,Missouri,cases,prostate,4280.0
2021,Missouri,cases,urinary_bladder,1640.0
2021,Missouri,cases,uterine_cervix,250.0
2021,Missouri,cases,uterine_corpus,1280.0
2021,Montana,cases,all_sites,6930.0
2021,Montana,cases,colon_rectum,500.0
2021,Montana,cases,female_breast,950.0
2021,Montana,cases,hodgkin_lymphoma,310.0
2021,Montana,cases,leukemia,240.0
2021,Montana,cases,lung_bronchus,810.0
2021,Montana,cases,melanoma_skin,510.0
2021,Montana,cases,prostate,750.0
2021,Montana,cases,urinary_bladder,340.0
2021,Montana,cases,uterine_cervix,
2021,Montana,cases,uterine_corpus,210.0
2021,Nebraska,cases,all_sites,11180.0
2021,Nebraska,cases,colon_rectum,950.0
2021,Nebraska,cases,female_breast,1560.0
2021,Nebraska,cases,hodgkin_lymphoma,460.0
2021,Nebraska,cases,leukemia,390.0
2021,Nebraska,cases,lung_bronchus,1350.0
2021,Nebraska,cases,melanoma_skin,670.0
2021,Nebraska,cases,prostate,1420.0
2021,Nebraska,cases,urinary_bladder,510.0
2021,Nebraska,cases,uterine_cervix,80.0
2021,Nebraska,cases,uterine_corpus,360.0
2021,Nevada,cases,all_sites,16970.0
2021,Nevada,cases,colon_rectum,1400.0
2021,Nevada,cases,female_breast,2490.0
2021,Nevada,cases,hodgkin_lymphoma,740.0
2021,Nevada,cases,leukemia,530.0
2021,Nevada,cases,lung_bronchus,2080.0
2021,Nevada,cases,melanoma_skin,1000.0
2021,Nevada,cases,prostate,2090.0
2021,Nevada,cases,urinary_bladder,790.0
2021,Nevada,cases,uterine_cervix,160.0
2021,Nevada,cases,uterine_corpus,480.0
2021,New Hampshire,cases,all_sites,9560.0
2021,New Hampshire,cases,colon_rectum,670.0
2021,New Hampshire,cases,female_breast,1340.0
2021,New Hampshire,cases,hodgkin_lymphoma,410.0
2021,New Hampshire,cases,leukemia,270.0
2021,New Hampshire,cases,lung_bronchus,1240.0
2021,New Hampshire,cases,melanoma_skin,770.0
2021,New Hampshire,cases,prostate,1180.0
2021,New Hampshire,cases,urinary_bladder,560.0
2021,New Hampshire,cases,uterine_cervix,50.0
2021,New Hampshire,cases,uterine_corpus,380.0
2021,New Jersey,cases,all_sites,56360.0
2021,New Jersey,cases,colon_rectum,4250.0
2021,New Jersey,cases,female_breast,8330.0
2021,New Jersey,cases,hodgkin_lymphoma,2460.0
2021,New Jersey,cases,leukemia,1840.0
2021,New Jersey,cases,lung_bronchus,5900.0
2021,New Jersey,cases,melanoma_skin,2570.0
2021,New Jersey,cases,prostate,8120.0
2021,New Jersey,cases,urinary_bladder,2620.0
2021,New Jersey,cases,uterine_cervix,420.0
2021,New Jersey,cases,uterine_corpus,2260.0
2021,New Mexico,cases,all_sites,10970.0
2021,New Mexico,cases,colon_rectum,860.0
2021,New Mexico,cases,female_breast,1640.0
2021,New Mexico,cases,hodgkin_lymphoma,460.0
2021,New Mexico,cases,leukemia,350.0
2021,New Mexico,cases,lung_bronchus,960.0
2021,New Mexico,cases,melanoma_skin,680.0
2021,New Mexico,cases,prostate,1350.0
2021,New Mexico,cases,urinary_bladder,430.0
2021,New Mexico,cases,uterine_cervix,90.0
2021,New Mexico,cases,uterine_corpus,410.0
2021,New York,cases,all_sites,120200.0
2021,New York,cases,colon_rectum,8920.0
2021,New York,cases,female_breast,17540.0
2021,New York,cases,hodgkin_lymphoma,5480.0
2021,New York,cases,leukemia,4110.0
2021,New York,cases,lung_bronchus,13950.0
2021,New York,cases,melanoma_skin,4290.0
2021,New York,cases,prostate,15840.0
2021,New York,cases,urinary_bladder,5610.0
2021,New York,cases,uterine_cervix,920.0
2021,New York,cases,uterine_corpus,4810.0
2021,North Carolina,cases,all_sites,63930.0
2021,North Carolina,cases,colon_rectum,4650.0
2021,North Carolina,cases,female_breast,9850.0
2021,North Carolina,cases,hodgkin_lymphoma,2480.0
2021,North Carolina,cases,leukemia,2050.0
2021,North Carolina,cases,lung_bronchus,8830.0
2021,North Carolina,cases,melanoma_skin,4250.0
2021,North Carolina,cases,prostate,8970.0
2021,North Carolina,cases,urinary_bladder,2650.0
2021,North Carolina,cases,uterine_cervix,430.0
2021,North Carolina,cases,uterine_corpus,2110.0
2021,North Dakota,cases,all_sites,4200.0
2021,North Dakota,cases,colon_rectum,350.0
2021,North Dakota,cases,female_breast,570.0
2021,North Dakota,cases,hodgkin_lymphoma,190.0
2021,North Dakota,cases,leukemia,170.0
2021,North Dakota,cases,lung_bronchus,490.0
2021,North Dakota,cases,melanoma_skin,250.0
2021,North Dakota,cases,prostate,560.0
2021,North Dakota,cases,urinary_bladder,200.0
2021,North Dakota,cases,uterine_cervix,
2021,North Dakota,cases,uterine_corpus,140.0
2021,Ohio,cases,all_sites,73320.0
2021,Ohio,cases,colon_rectum,5860.0
2021,Ohio,cases,female_breast,10450.0
2021,Ohio,cases,hodgkin_lymphoma,2890.0
2021,Ohio,cases,leukemia,1930.0
2021,Ohio,cases,lung_bronchus,10350.0
2021,Ohio,cases,melanoma_skin,4610.0
2021,Ohio,cases,prostate,9010.0
2021,Ohio,cases,urinary_bladder,3330.0
2021,Ohio,cases,uterine_cervix,500.0
2021,Ohio,cases,uterine_corpus,2750.0
2021,Oklahoma,cases,all_sites,22820.0
2021,Oklahoma,cases,colon_rectum,1900.0
2021,Oklahoma,cases,female_breast,3230.0
2021,Oklahoma,cases,hodgkin_lymphoma,900.0
2021,Oklahoma,cases,leukemia,760.0
2021,Oklahoma,cases,lung_bronchus,3300.0
2021,Oklahoma,cases,melanoma_skin,1110.0
2021,Oklahoma,cases,prostate,2710.0
2021,Oklahoma,cases,urinary_bladder,920.0
2021,Oklahoma,cases,uterine_cervix,200.0
2021,Oklahoma,cases,uterine_corpus,660.0
2021,Oregon,cases,all_sites,24790.0
2021,Oregon,cases,colon_rectum,1810.0
2021,Oregon,cases,female_breast,3870.0
2021,Oregon,cases,hodgkin_lymphoma,1070.0
2021,Oregon,cases,leukemia,720.0
2021,Oregon,cases,lung_bronchus,2990.0
2021,Oregon,cases,melanoma_skin,1710.0
2021,Oregon,cases,prostate,3130.0
2021,Oregon,cases,urinary_bladder,1270.0
2021,Oregon,cases,uterine_cervix,160.0
2021,Oregon,cases,uterine_corpus,930.0
2021,Pennsylvania,cases,all_sites,85440.0
2021,Pennsylvania,cases,colon_rectum,6670.0
2021,Pennsylvania,cases,female_breast,12140.0
2021,Pennsylvania,cases,hodgkin_lymphoma,3840.0
2021,Pennsylvania,cases,leukemia,2690.0
2021,Pennsylvania,cases,lung_bronchus,11170.0
2021,Pennsylvania,cases,melanoma_skin,3690.0
2021,Pennsylvania,cases,prostate,11160.0
2021,Pennsylvania,cases,urinary_bladder,4260.0
2021,Pennsylvania,cases,uterine_cervix,560.0
2021,Pennsylvania,cases,uterine_corpus,3290.0
2021,Rhode Island,cases,all_sites,6910.0
2021,Rhode Island,cases,colon_rectum,490.0
2021,Rhode Island,cases,female_breast,1000.0
2021,Rhode Island,cases,hodgkin_lymphoma,310.0
2021,Rhode Island,cases,leukemia,210.0
2021,Rhode Island,cases,lung_bronchus,950.0
2021,Rhode Island,cases,melanoma_skin,410.0
2021,Rhode Island,cases,prostate,920.0
2021,Rhode Island,cases,urinary_bladder,370.0
2021,Rhode Island,cases,uterine_cervix,50.0
2021,Rhode Island,cases,uterine_corpus,250.0
2021,South Carolina,cases,all_sites,33030.0
2021,South Carolina,cases,colon_rectum,2570.0
2021,South Carolina,cases,female_breast,4990.0
2021,South Carolina,cases,hodgkin_lymphoma,1260.0
2021,South Carolina,cases,leukemia,1010.0
2021,South Carolina,cases,lung_bronchus,4510.0
2021,South Carolina,cases,melanoma_skin,1970.0
2021,South Carolina,cases,prostate,4860.0
2021,South Carolina,cases,urinary_bladder,1340.0
2021,South Carolina,cases,uterine_cervix,240.0
2021,South Carolina,cases,uterine_corpus,1060.0
2021,South Dakota,cases,all_sites,5330.0
2021,South Dakota,cases,colon_rectum,450.0
2021,South Dakota,cases,female_breast,740.0
2021,South Dakota,cases,hodgkin_lymphoma,230.0
2021,South Dakota,cases,leukemia,190.0
2021,South Dakota,cases,lung_bronchus,650.0
2021,South Dakota,cases,melanoma_skin,310.0
2021,South Dakota,cases,prostate,750.0
2021,South Dakota,cases,urinary_bladder,240.0
2021,South Dakota,cases,uterine_cervix,
2021,South Dakota,cases,uterine_corpus,170.0
2021,Tennessee,cases,all_sites,41980.0
2021,Tennessee,cases,colon_rectum,3370.0
2021,Tennessee,cases,female_breast,5850.0
2021,Tennessee,cases,hodgkin_lymphoma,1560.0
2021,Tennessee,cases,leukemia,1180.0
2021,Tennessee,cases,lung_bronchus,6410.0
2021,Tennessee,cases,melanoma_skin,1830.0
2021,Tennessee,cases,prostate,5430.0
2021,Tennessee,cases,urinary_bladder,1720.0
2021,Tennessee,cases,uterine_cervix,350.0
2021,Tennessee,cases,uterine_corpus,1250.0
2021,Texas,cases,all_sites,133730.0
2021,Texas,cases,colon_rectum,11280.0
2021,Texas,cases,female_breast,20900.0
2021,Texas,cases,hodgkin_lymphoma,5780.0
2021,Texas,cases,leukemia,4820.0
2021,Texas,cases,lung_bronchus,15010.0
2021,Texas,cases,melanoma_skin,4600.0
2021,Texas,cases,prostate,14200.0
2021,Texas,cases,urinary_bladder,4780.0
2021,Texas,cases,uterine_cervix,1470.0
2021,Texas,cases,uterine_corpus,4590.0
2021,US,cases,all_sites,1898160.0
2021,US,cases,colon_rectum,149500.0
2021,US,cases,female_breast,281550.0
2021,US,cases,hodgkin_lymphoma,81560.0
2021,US,cases,leukemia,61090.0
2021,US,cases,lung_bronchus,235760.0
2021,US,cases,melanoma_skin,106110.0
2021,US,cases,prostate,248530.0
2021,US,cases,urinary_bladder,83730.0
2021,US,cases,uterine_cervix,14480.0
2021,US,cases,uterine_corpus,66570.0
2021,Utah,cases,all_sites,12750.0
2021,Utah,cases,colon_rectum,900.0
2021,Utah,cases,female_breast,1850.0
2021,Utah,cases,hodgkin_lymphoma,510.0
2021,Utah,cases,leukemia,400.0
2021,Utah,cases,lung_bronchus,770.0
2021,Utah,cases,melanoma_skin,1610.0
2021,Utah,cases,prostate,1980.0
2021,Utah,cases,urinary_bladder,480.0
2021,Utah,cases,uterine_cervix,80.0
2021,Utah,cases,uterine_corpus,480.0
2021,Vermont,cases,all_sites,4310.0
2021,Vermont,cases,colon_rectum,310.0
2021,Vermont,cases,female_breast,610.0
2021,Vermont,cases,hodgkin_lymphoma,190.0
2021,Vermont,cases,leukemia,110.0
2021,Vermont,cases,lung_bronchus,570.0
2021,Vermont,cases,melanoma_skin,380.0
2021,Vermont,cases,prostate,430.0
2021,Vermont,cases,urinary_bladder,230.0
2021,Vermont,cases,uterine_cervix,
2021,Vermont,cases,uterine_corpus,170.0
2021,Virginia,cases,all_sites,46340.0
2021,Virginia,cases,colon_rectum,3600.0
2021,Virginia,cases,female_breast,7450.0
2021,Virginia,cases,hodgkin_lymphoma,1840.0
2021,Virginia,cases,leukemia,1310.0
2021,Virginia,cases,lung_bronchus,5820.0
2021,Virginia,cases,melanoma_skin,2530.0
2021,Virginia,cases,prostate,6540.0
2021,Virginia,cases,urinary_bladder,1940.0
2021,Virginia,cases,uterine_cervix,310.0
2021,Virginia,cases,uterine_corpus,1500.0
2021,Washington,cases,all_sites,42170.0
2021,Washington,cases,colon_rectum,3140.0
2021,Washington,cases,female_breast,6810.0
2021,Washington,cases,hodgkin_lymphoma,1870.0
2021,Washington,cases,leukemia,1290.0
2021,Washington,cases,lung_bronchus,4780.0
2021,Washington,cases,melanoma_skin,2730.0
2021,Washington,cases,prostate,5370.0
2021,Washington,cases,urinary_bladder,2000.0
2021,Washington,cases,uterine_cervix,310.0
2021,Washington,cases,uterine_corpus,1320.0
2021,West Virginia,cases,all_sites,12500.0
2021,West Virginia,cases,colon_rectum,1090.0
2021,West Virginia,cases,female_breast,1610.0
2021,West Virginia,cases,hodgkin_lymphoma,530.0
2021,West Virginia,cases,leukemia,410.0
2021,West Virginia,cases,lung_bronchus,2020.0
2021,West Virginia,cases,melanoma_skin,720.0
2021,West Virginia,cases,prostate,1430.0
2021,West Virginia,cases,urinary_bladder,660.0
2021,West Virginia,cases,uterine_cervix,80.0
2021,West Virginia,cases,uterine_corpus,440.0
2021,Wisconsin,cases,all_sites,36520.0
2021,Wisconsin,cases,colon_rectum,2620.0
2021,Wisconsin,cases,female_breast,5210.0
2021,Wisconsin,cases,hodgkin_lymphoma,1560.0
2021,Wisconsin,cases,leukemia,1240.0
2021,Wisconsin,cases,lung_bronchus,4540.0
2021,Wisconsin,cases,melanoma_skin,2410.0
2021,Wisconsin,cases,prostate,4930.0
2021,Wisconsin,cases,urinary_bladder,1810.0
2021,Wisconsin,cases,uterine_cervix,210.0
2021,Wisconsin,cases,uterine_corpus,1390.0
2021,Wyoming,cases,all_sites,3050.0
2021,Wyoming,cases,colon_rectum,230.0
2021,Wyoming,cases,female_breast,440.0
2021,Wyoming,cases,hodgkin_lymphoma,130.0
2021,Wyoming,cases,leukemia,90.0
2021,Wyoming,cases,lung_bronchus,320.0
2021,Wyoming,cases,melanoma_skin,250.0
2021,Wyoming,cases,prostate,490.0
2021,Wyoming,cases,urinary_bladder,150.0
2021,Wyoming,cases,uterine_cervix,
2021,Wyoming,cases,uterine_corpus,100.0
2021,Alabama,deaths,all_sites,10590.0
2021,Alabama,deaths,brain_nervous_system,310.0
2021,Alabama,deaths,colon_rectum,920.0
2021,Alabama,deaths,female_breast,720.0
2021,Alabama,deaths,hodgkin_lymphoma,270.0
2021,Alabama,deaths,leukemia,350.0
2021,Alabama,deaths,liver,470.0
2021,Alabama,deaths,lung_bronchus,2860.0
2021,Alabama,deaths,ovary,220.0
2021,Alabama,deaths,pancreas,820.0
2021,Alabama,deaths,prostate,480.0
2021,Alaska,deaths,all_sites,940.0
2021,Alaska,deaths,brain_nervous_system,
2021,Alaska,deaths,colon_rectum,110.0
2021,Alaska,deaths,female_breast,60.0
2021,Alaska,deaths,hodgkin_lymphoma,
2021,Alaska,deaths,leukemia,
2021,Alaska,deaths,liver,
2021,Alaska,deaths,lung_bronchus,180.0
2021,Alaska,deaths,ovary,
2021,Alaska,deaths,pancreas,60.0
2021,Alaska,deaths,prostate,50.0
2021,Arizona,deaths,all_sites,12510.0
2021,Arizona,deaths,brain_nervous_system,410.0
2021,Arizona,deaths,colon_rectum,1240.0
2021,Arizona,deaths,female_breast,900.0
2021,Arizona,deaths,hodgkin_lymphoma,420.0
2021,Arizona,deaths,leukemia,490.0
2021,Arizona,deaths,liver,590.0
2021,Arizona,deaths,lung_bronchus,2580.0
2021,Arizona,deaths,ovary,310.0
2021,Arizona,deaths,pancreas,1060.0
2021,Arizona,deaths,prostate,780.0
2021,Arkansas,deaths,all_sites,6250.0
2021,Arkansas,deaths,brain_nervous_system,140.0
2021,Arkansas,deaths,colon_rectum,500.0
2021,Arkansas,deaths,female_breast,400.0
2021,Arkansas,deaths,hodgkin_lymphoma,200.0
2021,Arkansas,deaths,leukemia,210.0
2021,Arkansas,deaths,liver,280.0
2021,Arkansas,deaths,lung_bronchus,1810.0
2021,Arkansas,deaths,ovary,130.0
2021,Arkansas,deaths,pancreas,450.0
2021,Arkansas,deaths,prostate,270.0
2021,California,deaths,all_sites,61860.0
2021,California,deaths,brain_nervous_system,1990.0
2021,California,deaths,colon_rectum,5390.0
2021,California,deaths,female_breast,4730.0
2021,California,deaths,hodgkin_lymphoma,2190.0
2021,California,deaths,leukemia,2300.0
2021,California,deaths,liver,3780.0
2021,California,deaths,lung_bronchus,9900.0
2021,California,deaths,ovary,1640.0
2021,California,deaths,pancreas,4940.0
2021,California,deaths,prostate,4140.0
2021,Colorado,deaths,all_sites,8420.0
2021,Colorado,deaths,brain_nervous_system,300.0
2021,Colorado,deaths,colon_rectum,700.0
2021,Colorado,deaths,female_breast,690.0
2021,Colorado,deaths,hodgkin_lymphoma,270.0
2021,Colorado,deaths,leukemia,300.0
2021,Colorado,deaths,liver,420.0
2021,Colorado,deaths,lung_bronchus,1290.0
2021,Colorado,deaths,ovary,180.0
2021,Colorado,deaths,pancreas,660.0
2021,Colorado,deaths,prostate,560.0
2021,Connecticut,deaths,all_sites,6400.0
2021,Connecticut,deaths,brain_nervous_system,210.0
2021,Connecticut,deaths,colon_rectum,440.0
2021,Connecticut,deaths,female_breast,420.0
2021,Connecticut,deaths,hodgkin_lymphoma,230.0
2021,Connecticut,deaths,leukemia,250.0
2021,Connecticut,deaths,liver,320.0
2021,Connecticut,deaths,lung_bronchus,1350.0
2021,Connecticut,deaths,ovary,160.0
2021,Connecticut,deaths,pancreas,550.0
2021,Connecticut,deaths,prostate,390.0
2021,Delaware,deaths,all_sites,2170.0
2021,Delaware,deaths,brain_nervous_system,60.0
2021,Delaware,deaths,colon_rectum,160.0
2021,Delaware,deaths,female_breast,160.0
2021,Delaware,deaths,hodgkin_lymphoma,80.0
2021,Delaware,deaths,leukemia,90.0
2021,Delaware,deaths,liver,120.0
2021,Delaware,deaths,lung_bronchus,540.0
2021,Delaware,deaths,ovary,50.0
2021,Delaware,deaths,pancreas,190.0
2021,Delaware,deaths,prostate,90.0
2021,District of Columbia,deaths,all_sites,1020.0
2021,District of Columbia,deaths,brain_nervous_system,70.0
2021,District of Columbia,deaths,colon_rectum,90.0
2021,District of Columbia,deaths,female_breast,100.0
2021,District of Columbia,deaths,hodgkin_lymphoma,
2021,District of Columbia,deaths,leukemia,
2021,District of Columbia,deaths,liver,50.0
2021,District of Columbia,deaths,lung_bronchus,140.0
2021,District of Columbia,deaths,ovary,
2021,District of Columbia,deaths,pancreas,100.0
2021,District of Columbia,deaths,prostate,70.0
2021,Florida,deaths,all_sites,47170.0
2021,Florida,deaths,brain_nervous_system,1370.0
2021,Florida,deaths,colon_rectum,4360.0
2021,Florida,deaths,female_breast,3120.0
2021,Florida,deaths,hodgkin_lymphoma,1590.0
2021,Florida,deaths,leukemia,1930.0
2021,Florida,deaths,liver,2080.0
2021,Florida,deaths,lung_bronchus,10940.0
2021,Florida,deaths,ovary,1020.0
2021,Florida,deaths,pancreas,3700.0
2021,Florida,deaths,prostate,2850.0
2021,Georgia,deaths,all_sites,17760.0
2021,Georgia,deaths,brain_nervous_system,570.0
2021,Georgia,deaths,colon_rectum,1700.0
2021,Georgia,deaths,female_breast,1410.0
2021,Georgia,deaths,hodgkin_lymphoma,550.0
2021,Georgia,deaths,leukemia,640.0
2021,Georgia,deaths,liver,890.0
2021,Georgia,deaths,lung_bronchus,4200.0
2021,Georgia,deaths,ovary,410.0
2021,Georgia,deaths,pancreas,1380.0
2021,Georgia,deaths,prostate,1030.0
2021,Hawaii,deaths,all_sites,2430.0
2021,Hawaii,deaths,brain_nervous_system,60.0
2021,Hawaii,deaths,colon_rectum,230.0
2021,Hawaii,deaths,female_breast,170.0
2021,Hawaii,deaths,hodgkin_lymphoma,90.0
2021,Hawaii,deaths,leukemia,90.0
2021,Hawaii,deaths,liver,180.0
2021,Hawaii,deaths,lung_bronchus,540.0
2021,Hawaii,deaths,ovary,
2021,Hawaii,deaths,pancreas,230.0
2021,Hawaii,deaths,prostate,180.0
2021,Idaho,deaths,all_sites,3230.0
2021,Idaho,deaths,brain_nervous_system,110.0
2021,Idaho,deaths,colon_rectum,330.0
2021,Idaho,deaths,female_breast,250.0
2021,Idaho,deaths,hodgkin_lymphoma,120.0
2021,Idaho,deaths,leukemia,140.0
2021,Idaho,deaths,liver,140.0
2021,Idaho,deaths,lung_bronchus,620.0
2021,Idaho,deaths,ovary,80.0
2021,Idaho,deaths,pancreas,250.0
2021,Idaho,deaths,prostate,200.0
2021,Illinois,deaths,all_sites,23070.0
2021,Illinois,deaths,brain_nervous_system,680.0
2021,Illinois,deaths,colon_rectum,2100.0
2021,Illinois,deaths,female_breast,1750.0
2021,Illinois,deaths,hodgkin_lymphoma,770.0
2021,Illinois,deaths,leukemia,890.0
2021,Illinois,deaths,liver,1090.0
2021,Illinois,deaths,lung_bronchus,4990.0
2021,Illinois,deaths,ovary,550.0
2021,Illinois,deaths,pancreas,2110.0
2021,Illinois,deaths,prostate,1210.0
2021,Indiana,deaths,all_sites,13460.0
2021,Indiana,deaths,brain_nervous_system,380.0
2021,Indiana,deaths,colon_rectum,1160.0
2021,Indiana,deaths,female_breast,910.0
2021,Indiana,deaths,hodgkin_lymphoma,450.0
2021,Indiana,deaths,leukemia,510.0
2021,Indiana,deaths,liver,610.0
2021,Indiana,deaths,lung_bronchus,3520.0
2021,Indiana,deaths,ovary,290.0
2021,Indiana,deaths,pancreas,1030.0
2021,Indiana,deaths,prostate,760.0
2021,Iowa,deaths,all_sites,6510.0
2021,Iowa,deaths,brain_nervous_system,190.0
2021,Iowa,deaths,colon_rectum,550.0
2021,Iowa,deaths,female_breast,390.0
2021,Iowa,deaths,hodgkin_lymphoma,240.0
2021,Iowa,deaths,leukemia,260.0
2021,Iowa,deaths,liver,240.0
2021,Iowa,deaths,lung_bronchus,1460.0
2021,Iowa,deaths,ovary,140.0
2021,Iowa,deaths,pancreas,450.0
2021,Iowa,deaths,prostate,440.0
2021,Kansas,deaths,all_sites,5620.0
2021,Kansas,deaths,brain_nervous_system,180.0
2021,Kansas,deaths,colon_rectum,500.0
2021,Kansas,deaths,female_breast,370.0
2021,Kansas,deaths,hodgkin_lymphoma,190.0
2021,Kansas,deaths,leukemia,250.0
2021,Kansas,deaths,liver,270.0
2021,Kansas,deaths,lung_bronchus,1360.0
2021,Kansas,deaths,ovary,140.0
2021,Kansas,deaths,pancreas,420.0
2021,Kansas,deaths,prostate,270.0
2021,Kentucky,deaths,all_sites,10090.0
2021,Kentucky,deaths,brain_nervous_system,300.0
2021,Kentucky,deaths,colon_rectum,930.0
2021,Kentucky,deaths,female_breast,630.0
2021,Kentucky,deaths,hodgkin_lymphoma,330.0
2021,Kentucky,deaths,leukemia,390.0
2021,Kentucky,deaths,liver,400.0
2021,Kentucky,deaths,lung_bronchus,2660.0
2021,Kentucky,deaths,ovary,180.0
2021,Kentucky,deaths,pancreas,730.0
2021,Kentucky,deaths,prostate,440.0
2021,Louisiana,deaths,all_sites,9380.0
2021,Louisiana,deaths,brain_nervous_system,240.0
2021,Louisiana,deaths,colon_rectum,860.0
2021,Louisiana,deaths,female_breast,670.0
2021,Louisiana,deaths,hodgkin_lymphoma,290.0
2021,Louisiana,deaths,leukemia,330.0
2021,Louisiana,deaths,liver,610.0
2021,Louisiana,deaths,lung_bronchus,2360.0
2021,Louisiana,deaths,ovary,240.0
2021,Louisiana,deaths,pancreas,660.0
2021,Louisiana,deaths,prostate,490.0
2021,Maine,deaths,all_sites,3390.0
2021,Maine,deaths,brain_nervous_system,110.0
2021,Maine,deaths,colon_rectum,230.0
2021,Maine,deaths,female_breast,190.0
2021,Maine,deaths,hodgkin_lymphoma,120.0
2021,Maine,deaths,leukemia,120.0
2021,Maine,deaths,liver,130.0
2021,Maine,deaths,lung_bronchus,840.0
2021,Maine,deaths,ovary,70.0
2021,Maine,deaths,pancreas,250.0
2021,Maine,deaths,prostate,160.0
2021,Maryland,deaths,all_sites,11010.0
2021,Maryland,deaths,brain_nervous_system,310.0
2021,Maryland,deaths,colon_rectum,1050.0
2021,Maryland,deaths,female_breast,860.0
2021,Maryland,deaths,hodgkin_lymphoma,350.0
2021,Maryland,deaths,leukemia,430.0
2021,Maryland,deaths,liver,540.0
2021,Maryland,deaths,lung_bronchus,2440.0
2021,Maryland,deaths,ovary,250.0
2021,Maryland,deaths,pancreas,840.0
2021,Maryland,deaths,prostate,640.0
2021,Massachusetts,deaths,all_sites,12540.0
2021,Massachusetts,deaths,brain_nervous_system,430.0
2021,Massachusetts,deaths,colon_rectum,1000.0
2021,Massachusetts,deaths,female_breast,780.0
2021,Massachusetts,deaths,hodgkin_lymphoma,490.0
2021,Massachusetts,deaths,leukemia,500.0
2021,Massachusetts,deaths,liver,640.0
2021,Massachusetts,deaths,lung_bronchus,2770.0
2021,Massachusetts,deaths,ovary,310.0
2021,Massachusetts,deaths,pancreas,1070.0
2021,Massachusetts,deaths,prostate,690.0
2021,Michigan,deaths,all_sites,21260.0
2021,Michigan,deaths,brain_nervous_system,600.0
2021,Michigan,deaths,colon_rectum,1640.0
2021,Michigan,deaths,female_breast,1420.0
2021,Michigan,deaths,hodgkin_lymphoma,750.0
2021,Michigan,deaths,leukemia,800.0
2021,Michigan,deaths,liver,940.0
2021,Michigan,deaths,lung_bronchus,5040.0
2021,Michigan,deaths,ovary,380.0
2021,Michigan,deaths,pancreas,1750.0
2021,Michigan,deaths,prostate,980.0
2021,Minnesota,deaths,all_sites,10220.0
2021,Minnesota,deaths,brain_nervous_system,350.0
2021,Minnesota,deaths,colon_rectum,850.0
2021,Minnesota,deaths,female_breast,640.0
2021,Minnesota,deaths,hodgkin_lymphoma,400.0
2021,Minnesota,deaths,leukemia,470.0
2021,Minnesota,deaths,liver,480.0
2021,Minnesota,deaths,lung_bronchus,1950.0
2021,Minnesota,deaths,ovary,210.0
2021,Minnesota,deaths,pancreas,820.0
2021,Minnesota,deaths,prostate,560.0
2021,Mississippi,deaths,all_sites,6580.0
2021,Mississippi,deaths,brain_nervous_system,190.0
2021,Mississippi,deaths,colon_rectum,650.0
2021,Mississippi,deaths,female_breast,450.0
2021,Mississippi,deaths,hodgkin_lymphoma,170.0
2021,Mississippi,deaths,leukemia,270.0
2021,Mississippi,deaths,liver,370.0
2021,Mississippi,deaths,lung_bronchus,1740.0
2021,Mississippi,deaths,ovary,120.0
2021,Mississippi,deaths,pancreas,530.0
2021,Mississippi,deaths,prostate,340.0
2021,Missouri,deaths,all_sites,12960.0
2021,Missouri,deaths,brain_nervous_system,340.0
2021,Missouri,deaths,colon_rectum,1070.0
2021,Missouri,deaths,female_breast,850.0
2021,Missouri,deaths,hodgkin_lymphoma,410.0
2021,Missouri,deaths,leukemia,510.0
2021,Missouri,deaths,liver,680.0
2021,Missouri,deaths,lung_bronchus,3250.0
2021,Missouri,deaths,ovary,250.0
2021,Missouri,deaths,pancreas,960.0
2021,Missouri,deaths,prostate,630.0
2021,Montana,deaths,all_sites,2150.0
2021,Montana,deaths,brain_nervous_system,70.0
2021,Montana,deaths,colon_rectum,180.0
2021,Montana,deaths,female_breast,140.0
2021,Montana,deaths,hodgkin_lymphoma,70.0
2021,Montana,deaths,leukemia,80.0
2021,Montana,deaths,liver,110.0
2021,Montana,deaths,lung_bronchus,480.0
2021,Montana,deaths,ovary,50.0
2021,Montana,deaths,pancreas,160.0
2021,Montana,deaths,prostate,170.0
2021,Nebraska,deaths,all_sites,3560.0
2021,Nebraska,deaths,brain_nervous_system,120.0
2021,Nebraska,deaths,colon_rectum,320.0
2021,Nebraska,deaths,female_breast,240.0
2021,Nebraska,deaths,hodgkin_lymphoma,120.0
2021,Nebraska,deaths,leukemia,160.0
2021,Nebraska,deaths,liver,100.0
2021,Nebraska,deaths,lung_bronchus,680.0
2021,Nebraska,deaths,ovary,80.0
2021,Nebraska,deaths,pancreas,290.0
2021,Nebraska,deaths,prostate,270.0
2021,Nevada,deaths,all_sites,5410.0
2021,Nevada,deaths,brain_nervous_system,170.0
2021,Nevada,deaths,colon_rectum,560.0
2021,Nevada,deaths,female_breast,400.0
2021,Nevada,deaths,hodgkin_lymphoma,180.0
2021,Nevada,deaths,leukemia,210.0
2021,Nevada,deaths,liver,270.0
2021,Nevada,deaths,lung_bronchus,1080.0
2021,Nevada,deaths,ovary,130.0
2021,Nevada,deaths,pancreas,420.0
2021,Nevada,deaths,prostate,300.0
2021,New Hampshire,deaths,all_sites,2840.0
2021,New Hampshire,deaths,brain_nervous_system,90.0
2021,New Hampshire,deaths,colon_rectum,290.0
2021,New Hampshire,deaths,female_breast,170.0
2021,New Hampshire,deaths,hodgkin_lymphoma,90.0
2021,New Hampshire,deaths,leukemia,80.0
2021,New Hampshire,deaths,liver,120.0
2021,New Hampshire,deaths,lung_bronchus,730.0
2021,New Hampshire,deaths,ovary,100.0
2021,New Hampshire,deaths,pancreas,200.0
2021,New Hampshire,deaths,prostate,150.0
2021,New Jersey,deaths,all_sites,15870.0
2021,New Jersey,deaths,brain_nervous_system,520.0
2021,New Jersey,deaths,colon_rectum,1410.0
2021,New Jersey,deaths,female_breast,1250.0
2021,New Jersey,deaths,hodgkin_lymphoma,570.0
2021,New Jersey,deaths,leukemia,640.0
2021,New Jersey,deaths,liver,760.0
2021,New Jersey,deaths,lung_bronchus,3050.0
2021,New Jersey,deaths,ovary,360.0
2021,New Jersey,deaths,pancreas,1360.0
2021,New Jersey,deaths,prostate,760.0
2021,New Mexico,deaths,all_sites,3820.0
2021,New Mexico,deaths,brain_nervous_system,110.0
2021,New Mexico,deaths,colon_rectum,350.0
2021,New Mexico,deaths,female_breast,290.0
2021,New Mexico,deaths,hodgkin_lymphoma,130.0
2021,New Mexico,deaths,leukemia,130.0
2021,New Mexico,deaths,liver,280.0
2021,New Mexico,deaths,lung_bronchus,560.0
2021,New Mexico,deaths,ovary,110.0
2021,New Mexico,deaths,pancreas,280.0
2021,New Mexico,deaths,prostate,220.0
2021,New York,deaths,all_sites,33920.0
2021,New York,deaths,brain_nervous_system,990.0
2021,New York,deaths,colon_rectum,2820.0
2021,New York,deaths,female_breast,2510.0
2021,New York,deaths,hodgkin_lymphoma,1220.0
2021,New York,deaths,leukemia,1410.0
2021,New York,deaths,liver,1330.0
2021,New York,deaths,lung_bronchus,6860.0
2021,New York,deaths,ovary,870.0
2021,New York,deaths,pancreas,2920.0
2021,New York,deaths,prostate,1880.0
2021,North Carolina,deaths,all_sites,20150.0
2021,North Carolina,deaths,brain_nervous_system,590.0
2021,North Carolina,deaths,colon_rectum,1590.0
2021,North Carolina,deaths,female_breast,1470.0
2021,North Carolina,deaths,hodgkin_lymphoma,630.0
2021,North Carolina,deaths,leukemia,760.0
2021,North Carolina,deaths,liver,950.0
2021,North Carolina,deaths,lung_bronchus,4790.0
2021,North Carolina,deaths,ovary,410.0
2021,North Carolina,deaths,pancreas,1560.0
2021,North Carolina,deaths,prostate,970.0
2021,North Dakota,deaths,all_sites,1310.0
2021,North Dakota,deaths,brain_nervous_system,
2021,North Dakota,deaths,colon_rectum,110.0
2021,North Dakota,deaths,female_breast,80.0
2021,North Dakota,deaths,hodgkin_lymphoma,50.0
2021,North Dakota,deaths,leukemia,60.0
2021,North Dakota,deaths,liver,60.0
2021,North Dakota,deaths,lung_bronchus,300.0
2021,North Dakota,deaths,ovary,
2021,North Dakota,deaths,pancreas,100.0
2021,North Dakota,deaths,prostate,70.0
2021,Ohio,deaths,all_sites,25140.0
2021,Ohio,deaths,brain_nervous_system,720.0
2021,Ohio,deaths,colon_rectum,2110.0
2021,Ohio,deaths,female_breast,1720.0
2021,Ohio,deaths,hodgkin_lymphoma,870.0
2021,Ohio,deaths,leukemia,960.0
2021,Ohio,deaths,liver,1130.0
2021,Ohio,deaths,lung_bronchus,6180.0
2021,Ohio,deaths,ovary,390.0
2021,Ohio,deaths,pancreas,2000.0
2021,Ohio,deaths,prostate,1450.0
2021,Oklahoma,deaths,all_sites,8610.0
2021,Oklahoma,deaths,brain_nervous_system,240.0
2021,Oklahoma,deaths,colon_rectum,770.0
2021,Oklahoma,deaths,female_breast,600.0
2021,Oklahoma,deaths,hodgkin_lymphoma,270.0
2021,Oklahoma,deaths,leukemia,310.0
2021,Oklahoma,deaths,liver,440.0
2021,Oklahoma,deaths,lung_bronchus,2030.0
2021,Oklahoma,deaths,ovary,190.0
2021,Oklahoma,deaths,pancreas,590.0
2021,Oklahoma,deaths,prostate,400.0
2021,Oregon,deaths,all_sites,8430.0
2021,Oregon,deaths,brain_nervous_system,270.0
2021,Oregon,deaths,colon_rectum,650.0
2021,Oregon,deaths,female_breast,570.0
2021,Oregon,deaths,hodgkin_lymphoma,310.0
2021,Oregon,deaths,leukemia,320.0
2021,Oregon,deaths,liver,460.0
2021,Oregon,deaths,lung_bronchus,1690.0
2021,Oregon,deaths,ovary,240.0
2021,Oregon,deaths,pancreas,690.0
2021,Oregon,deaths,prostate,520.0
2021,Pennsylvania,deaths,all_sites,27960.0
2021,Pennsylvania,deaths,brain_nervous_system,830.0
2021,Pennsylvania,deaths,colon_rectum,2340.0
2021,Pennsylvania,deaths,female_breast,1970.0
2021,Pennsylvania,deaths,hodgkin_lymphoma,980.0
2021,Pennsylvania,deaths,leukemia,1100.0
2021,Pennsylvania,deaths,liver,1140.0
2021,Pennsylvania,deaths,lung_bronchus,6140.0
2021,Pennsylvania,deaths,ovary,620.0
2021,Pennsylvania,deaths,pancreas,2300.0
2021,Pennsylvania,deaths,prostate,1510.0
2021,Rhode Island,deaths,all_sites,2140.0
2021,Rhode Island,deaths,brain_nervous_system,70.0
2021,Rhode Island,deaths,colon_rectum,160.0
2021,Rhode Island,deaths,female_breast,120.0
2021,Rhode Island,deaths,hodgkin_lymphoma,70.0
2021,Rhode Island,deaths,leukemia,120.0
2021,Rhode Island,deaths,liver,120.0
2021,Rhode Island,deaths,lung_bronchus,430.0
2021,Rhode Island,deaths,ovary,
2021,Rhode Island,deaths,pancreas,180.0
2021,Rhode Island,deaths,prostate,100.0
2021,South Carolina,deaths,all_sites,10940.0
2021,South Carolina,deaths,brain_nervous_system,360.0
2021,South Carolina,deaths,colon_rectum,880.0
2021,South Carolina,deaths,female_breast,780.0
2021,South Carolina,deaths,hodgkin_lymphoma,320.0
2021,South Carolina,deaths,leukemia,410.0
2021,South Carolina,deaths,liver,580.0
2021,South Carolina,deaths,lung_bronchus,2550.0
2021,South Carolina,deaths,ovary,180.0
2021,South Carolina,deaths,pancreas,860.0
2021,South Carolina,deaths,prostate,620.0
2021,South Dakota,deaths,all_sites,1710.0
2021,South Dakota,deaths,brain_nervous_system,60.0
2021,South Dakota,deaths,colon_rectum,170.0
2021,South Dakota,deaths,female_breast,110.0
2021,South Dakota,deaths,hodgkin_lymphoma,60.0
2021,South Dakota,deaths,leukemia,60.0
2021,South Dakota,deaths,liver,70.0
2021,South Dakota,deaths,lung_bronchus,410.0
2021,South Dakota,deaths,ovary,80.0
2021,South Dakota,deaths,pancreas,130.0
2021,South Dakota,deaths,prostate,80.0
2021,Tennessee,deaths,all_sites,14050.0
2021,Tennessee,deaths,brain_nervous_system,390.0
2021,Tennessee,deaths,colon_rectum,1220.0
2021,Tennessee,deaths,female_breast,1070.0
2021,Tennessee,deaths,hodgkin_lymphoma,480.0
2021,Tennessee,deaths,leukemia,540.0
2021,Tennessee,deaths,liver,690.0
2021,Tennessee,deaths,lung_bronchus,3390.0
2021,Tennessee,deaths,ovary,340.0
2021,Tennessee,deaths,pancreas,1040.0
2021,Tennessee,deaths,prostate,710.0
2021,Texas,deaths,all_sites,42840.0
2021,Texas,deaths,brain_nervous_system,1330.0
2021,Texas,deaths,colon_rectum,4030.0
2021,Texas,deaths,female_breast,3420.0
2021,Texas,deaths,hodgkin_lymphoma,1420.0
2021,Texas,deaths,leukemia,1710.0
2021,Texas,deaths,liver,2800.0
2021,Texas,deaths,lung_bronchus,8300.0
2021,Texas,deaths,ovary,940.0
2021,Texas,deaths,pancreas,3220.0
2021,Texas,deaths,prostate,2180.0
2021,US,deaths,all_sites,608570.0
2021,US,deaths,brain_nervous_system,18600.0
2021,US,deaths,colon_rectum,52980.0
2021,US,deaths,female_breast,43600.0
2021,US,deaths,hodgkin_lymphoma,20720.0
2021,US,deaths,leukemia,23660.0
2021,US,deaths,liver,30230.0
2021,US,deaths,lung_bronchus,131880.0
2021,US,deaths,ovary,13770.0
2021,US,deaths,pancreas,48220.0
2021,US,deaths,prostate,34130.0
2021,Utah,deaths,all_sites,3470.0
2021,Utah,deaths,brain_nervous_system,150.0
2021,Utah,deaths,colon_rectum,290.0
2021,Utah,deaths,female_breast,300.0
2021,Utah,deaths,hodgkin_lymphoma,150.0
2021,Utah,deaths,leukemia,170.0
2021,Utah,deaths,liver,160.0
2021,Utah,deaths,lung_bronchus,460.0
2021,Utah,deaths,ovary,100.0
2021,Utah,deaths,pancreas,280.0
2021,Utah,deaths,prostate,240.0
2021,Vermont,deaths,all_sites,1470.0
2021,Vermont,deaths,brain_nervous_system,60.0
2021,Vermont,deaths,colon_rectum,130.0
2021,Vermont,deaths,female_breast,80.0
2021,Vermont,deaths,hodgkin_lymphoma,50.0
2021,Vermont,deaths,leukemia,50.0
2021,Vermont,deaths,liver,50.0
2021,Vermont,deaths,lung_bronchus,340.0
2021,Vermont,deaths,ovary,
2021,Vermont,deaths,pancreas,110.0
2021,Vermont,deaths,prostate,70.0
2021,Virginia,deaths,all_sites,15550.0
2021,Virginia,deaths,brain_nervous_system,480.0
2021,Virginia,deaths,colon_rectum,1400.0
2021,Virginia,deaths,female_breast,1240.0
2021,Virginia,deaths,hodgkin_lymphoma,580.0
2021,Virginia,deaths,leukemia,580.0
2021,Virginia,deaths,liver,710.0
2021,Virginia,deaths,lung_bronchus,3520.0
2021,Virginia,deaths,ovary,360.0
2021,Virginia,deaths,pancreas,1220.0
2021,Virginia,deaths,prostate,940.0
2021,Washington,deaths,all_sites,13130.0
2021,Washington,deaths,brain_nervous_system,470.0
2021,Washington,deaths,colon_rectum,1020.0
2021,Washington,deaths,female_breast,940.0
2021,Washington,deaths,hodgkin_lymphoma,470.0
2021,Washington,deaths,leukemia,510.0
2021,Washington,deaths,liver,780.0
2021,Washington,deaths,lung_bronchus,2690.0
2021,Washington,deaths,ovary,330.0
2021,Washington,deaths,pancreas,1030.0
2021,Washington,deaths,prostate,850.0
2021,West Virginia,deaths,all_sites,4580.0
2021,West Virginia,deaths,brain_nervous_system,120.0
2021,West Virginia,deaths,colon_rectum,430.0
2021,West Virginia,deaths,female_breast,290.0
2021,West Virginia,deaths,hodgkin_lymphoma,160.0
2021,West Virginia,deaths,leukemia,190.0
2021,West Virginia,deaths,liver,210.0
2021,West Virginia,deaths,lung_bronchus,1190.0
2021,West Virginia,deaths,ovary,90.0
2021,West Virginia,deaths,pancreas,310.0
2021,West Virginia,deaths,prostate,180.0
2021,Wisconsin,deaths,all_sites,11700.0
2021,Wisconsin,deaths,brain_nervous_system,360.0
2021,Wisconsin,deaths,colon_rectum,900.0
2021,Wisconsin,deaths,female_breast,750.0
2021,Wisconsin,deaths,hodgkin_lymphoma,400.0
2021,Wisconsin,deaths,leukemia,490.0
2021,Wisconsin,deaths,liver,490.0
2021,Wisconsin,deaths,lung_bronchus,2490.0
2021,Wisconsin,deaths,ovary,260.0
2021,Wisconsin,deaths,pancreas,870.0
2021,Wisconsin,deaths,prostate,730.0
2021,Wyoming,deaths,all_sites,990.0
2021,Wyoming,deaths,brain_nervous_system,50.0
2021,Wyoming,deaths,colon_rectum,80.0
2021,Wyoming,deaths,female_breast,70.0
2021,Wyoming,deaths,hodgkin_lymphoma,
2021,Wyoming,deaths,leukemia,
2021,Wyoming,deaths,liver,60.0
2021,Wyoming,deaths,lung_bronchus,210.0
2021,Wyoming,deaths,ovary,
2021,Wyoming,deaths,pancreas,80.0
2021,Wyoming,deaths,prostate,50.0
2022,Alabama,cases,all_sites,30210.0
2022,Alabama,cases,colon_rectum,2510.0
2022,Alabama,cases,female_breast,4280.0
2022,Alabama,cases,hodgkin_lymphoma,1000.0
2022,Alabama,cases,leukemia,780.0
2022,Alabama,cases,lung_bronchus,4280.0
2022,Alabama,cases,melanoma_skin,1480.0
2022,Alabama,cases,prostate,4650.0
2022,Alabama,cases,urinary_bladder,1140.0
2022,Alabama,cases,uterine_cervix,240.0
2022,Alabama,cases,uterine_corpus,800.0
2022,Alaska,cases,all_sites,3250.0
2022,Alaska,cases,colon_rectum,320.0
2022,Alaska,cases,female_breast,530.0
2022,Alaska,cases,hodgkin_lymphoma,120.0
2022,Alaska,cases,leukemia,90.0
2022,Alaska,cases,lung_bronchus,380.0
2022,Alaska,cases,melanoma_skin,100.0
2022,Alaska,cases,prostate,460.0
2022,Alaska,cases,urinary_bladder,160.0
2022,Alaska,cases,uterine_cervix,
2022,Alaska,cases,uterine_corpus,100.0
2022,Arizona,cases,all_sites,39970.0
2022,Arizona,cases,colon_rectum,3150.0
2022,Arizona,cases,female_breast,6110.0
2022,Arizona,cases,hodgkin_lymphoma,1680.0
2022,Arizona,cases,leukemia,1090.0
2022,Arizona,cases,lung_bronchus,4610.0
2022,Arizona,cases,melanoma_skin,3110.0
2022,Arizona,cases,prostate,4940.0
2022,Arizona,cases,urinary_bladder,1900.0
2022,Arizona,cases,uterine_cervix,290.0
2022,Arizona,cases,uterine_corpus,1320.0
2022,Arkansas,cases,all_sites,18610.0
2022,Arkansas,cases,colon_rectum,1530.0
2022,Arkansas,cases,female_breast,2440.0
2022,Arkansas,cases,hodgkin_lymphoma,690.0
2022,Arkansas,cases,leukemia,520.0
2022,Arkansas,cases,lung_bronchus,2820.0
2022,Arkansas,cases,melanoma_skin,900.0
2022,Arkansas,cases,prostate,2510.0
2022,Arkansas,cases,urinary_bladder,710.0
2022,Arkansas,cases,uterine_cervix,160.0
2022,Arkansas,cases,uterine_corpus,570.0
2022,California,cases,all_sites,189220.0
2022,California,cases,colon_rectum,15970.0
2022,California,cases,female_breast,31720.0
2022,California,cases,hodgkin_lymphoma,8500.0
2022,California,cases,leukemia,5630.0
2022,California,cases,lung_bronchus,17450.0
2022,California,cases,melanoma_skin,10260.0
2022,California,cases,prostate,26890.0
2022,California,cases,urinary_bladder,7620.0
2022,California,cases,uterine_cervix,1640.0
2022,California,cases,uterine_corpus,7110.0
2022,Colorado,cases,all_sites,28480.0
2022,Colorado,cases,colon_rectum,2140.0
2022,Colorado,cases,female_breast,4730.0
2022,Colorado,cases,hodgkin_lymphoma,1140.0
2022,Colorado,cases,leukemia,870.0
2022,Colorado,cases,lung_bronchus,2550.0
2022,Colorado,cases,melanoma_skin,1850.0
2022,Colorado,cases,prostate,4030.0
2022,Colorado,cases,urinary_bladder,1220.0
2022,Colorado,cases,uterine_cervix,190.0
2022,Colorado,cases,uterine_corpus,940.0
2022,Connecticut,cases,all_sites,22810.0
2022,Connecticut,cases,colon_rectum,1550.0
2022,Connecticut,cases,female_breast,3550.0
2022,Connecticut,cases,hodgkin_lymphoma,950.0
2022,Connecticut,cases,leukemia,680.0
2022,Connecticut,cases,lung_bronchus,2760.0
2022,Connecticut,cases,melanoma_skin,1050.0
2022,Connecticut,cases,prostate,3310.0
2022,Connecticut,cases,urinary_bladder,1110.0
2022,Connecticut,cases,uterine_cervix,120.0
2022,Connecticut,cases,uterine_corpus,830.0
2022,Delaware,cases,all_sites,7080.0
2022,Delaware,cases,colon_rectum,500.0
2022,Delaware,cases,female_breast,1010.0
2022,Delaware,cases,hodgkin_lymphoma,280.0
2022,Delaware,cases,leukemia,230.0
2022,Delaware,cases,lung_bronchus,910.0
2022,Delaware,cases,melanoma_skin,470.0
2022,Delaware,cases,prostate,940.0
2022,Delaware,cases,urinary_bladder,310.0
2022,Delaware,cases,uterine_cervix,
2022,Delaware,cases,uterine_corpus,250.0
2022,District of Columbia,cases,all_sites,3440.0
2022,District of Columbia,cases,colon_rectum,250.0
2022,District of Columbia,cases,female_breast,620.0
2022,District of Columbia,cases,hodgkin_lymphoma,120.0
2022,District of Columbia,cases,leukemia,90.0
2022,District of Columbia,cases,lung_bronchus,370.0
2022,District of Columbia,cases,melanoma_skin,70.0
2022,District of Columbia,cases,prostate,580.0
2022,District of Columbia,cases,urinary_bladder,110.0
2022,District of Columbia,cases,uterine_cervix,
2022,District of Columbia,cases,uterine_corpus,160.0
2022,Florida,cases,all_sites,152600.0
2022,Florida,cases,colon_rectum,11490.0
2022,Florida,cases,female_breast,20920.0
2022,Florida,cases,hodgkin_lymphoma,7980.0
2022,Florida,cases,leukemia,6630.0
2022,Florida,cases,lung_bronchus,19560.0
2022,Florida,cases,melanoma_skin,9650.0
2022,Florida,cases,prostate,20680.0
2022,Florida,cases,urinary_bladder,6890.0
2022,Florida,cases,uterine_cervix,1230.0
2022,Florida,cases,uterine_corpus,4860.0
2022,Georgia,cases,all_sites,58970.0
2022,Georgia,cases,colon_rectum,4970.0
2022,Georgia,cases,female_breast,9170.0
2022,Georgia,cases,hodgkin_lymphoma,2140.0
2022,Georgia,cases,leukemia,1860.0
2022,Georgia,cases,lung_bronchus,7700.0
2022,Georgia,cases,melanoma_skin,3640.0
2022,Georgia,cases,prostate,9150.0
2022,Georgia,cases,urinary_bladder,2100.0
2022,Georgia,cases,uterine_cervix,490.0
2022,Georgia,cases,uterine_corpus,1730.0
2022,Hawaii,cases,all_sites,7730.0
2022,Hawaii,cases,colon_rectum,700.0
2022,Hawaii,cases,female_breast,1430.0
2022,Hawaii,cases,hodgkin_lymphoma,330.0
2022,Hawaii,cases,leukemia,210.0
2022,Hawaii,cases,lung_bronchus,890.0
2022,Hawaii,cases,melanoma_skin,530.0
2022,Hawaii,cases,prostate,940.0
2022,Hawaii,cases,urinary_bladder,300.0
2022,Hawaii,cases,uterine_cervix,60.0
2022,Hawaii,cases,uterine_corpus,370.0
2022,Idaho,cases,all_sites,10440.0
2022,Idaho,cases,colon_rectum,750.0
2022,Idaho,cases,female_breast,1490.0
2022,Idaho,cases,hodgkin_lymphoma,440.0
2022,Idaho,cases,leukemia,330.0
2022,Idaho,cases,lung_bronchus,1100.0
2022,Idaho,cases,melanoma_skin,940.0
2022,Idaho,cases,prostate,1480.0
2022,Idaho,cases,urinary_bladder,500.0
2022,Idaho,cases,uterine_cervix,70.0
2022,Idaho,cases,uterine_corpus,320.0
2022,Illinois,cases,all_sites,75350.0
2022,Illinois,cases,colon_rectum,6260.0
2022,Illinois,cases,female_breast,11340.0
2022,Illinois,cases,hodgkin_lymphoma,3060.0
2022,Illinois,cases,leukemia,2190.0
2022,Illinois,cases,lung_bronchus,9440.0
2022,Illinois,cases,melanoma_skin,3860.0
2022,Illinois,cases,prostate,10520.0
2022,Illinois,cases,urinary_bladder,3110.0
2022,Illinois,cases,uterine_cervix,530.0
2022,Illinois,cases,uterine_corpus,2730.0
2022,Indiana,cases,all_sites,39460.0
2022,Indiana,cases,colon_rectum,3290.0
2022,Indiana,cases,female_breast,5600.0
2022,Indiana,cases,hodgkin_lymphoma,1520.0
2022,Indiana,cases,leukemia,1160.0
2022,Indiana,cases,lung_bronchus,5920.0
2022,Indiana,cases,melanoma_skin,2250.0
2022,Indiana,cases,prostate,5020.0
2022,Indiana,cases,urinary_bladder,1720.0
2022,Indiana,cases,uterine_cervix,290.0
2022,Indiana,cases,uterine_corpus,1340.0
2022,Iowa,cases,all_sites,19960.0
2022,Iowa,cases,colon_rectum,1570.0
2022,Iowa,cases,female_breast,2770.0
2022,Iowa,cases,hodgkin_lymphoma,880.0
2022,Iowa,cases,leukemia,750.0
2022,Iowa,cases,lung_bronchus,2530.0
2022,Iowa,cases,melanoma_skin,1250.0
2022,Iowa,cases,prostate,2690.0
2022,Iowa,cases,urinary_bladder,870.0
2022,Iowa,cases,uterine_cervix,110.0
2022,Iowa,cases,uterine_corpus,690.0
2022,Kansas,cases,all_sites,16580.0
2022,Kansas,cases,colon_rectum,1510.0
2022,Kansas,cases,female_breast,2410.0
2022,Kansas,cases,hodgkin_lymphoma,680.0
2022,Kansas,cases,leukemia,530.0
2022,Kansas,cases,lung_bronchus,2190.0
2022,Kansas,cases,melanoma_skin,920.0
2022,Kansas,cases,prostate,2550.0
2022,Kansas,cases,urinary_bladder,680.0
2022,Kansas,cases,uterine_cervix,100.0
2022,Kansas,cases,uterine_corpus,540.0
2022,Kentucky,cases,all_sites,30370.0
2022,Kentucky,cases,colon_rectum,2600.0
2022,Kentucky,cases,female_breast,3950.0
2022,Kentucky,cases,hodgkin_lymphoma,1110.0
2022,Kentucky,cases,leukemia,850.0
2022,Kentucky,cases,lung_bronchus,4990.0
2022,Kentucky,cases,melanoma_skin,1680.0
2022,Kentucky,cases,prostate,3840.0
2022,Kentucky,cases,urinary_bladder,1280.0
2022,Kentucky,cases,uterine_cervix,200.0
2022,Kentucky,cases,uterine_corpus,930.0
2022,Louisiana,cases,all_sites,28680.0
2022,Louisiana,cases,colon_rectum,2440.0
2022,Louisiana,cases,female_breast,3970.0
2022,Louisiana,cases,hodgkin_lymphoma,1070.0
2022,Louisiana,cases,leukemia,800.0
2022,Louisiana,cases,lung_bronchus,3800.0
2022,Louisiana,cases,melanoma_skin,1010.0
2022,Louisiana,cases,prostate,4170.0
2022,Louisiana,cases,urinary_bladder,1020.0
2022,Louisiana,cases,uterine_cervix,230.0
2022,Louisiana,cases,uterine_corpus,730.0
2022,Maine,cases,all_sites,10060.0
2022,Maine,cases,colon_rectum,700.0
2022,Maine,cases,female_breast,1420.0
2022,Maine,cases,hodgkin_lymphoma,420.0
2022,Maine,cases,leukemia,300.0
2022,Maine,cases,lung_bronchus,1640.0
2022,Maine,cases,melanoma_skin,520.0
2022,Maine,cases,prostate,1180.0
2022,Maine,cases,urinary_bladder,580.0
2022,Maine,cases,uterine_cervix,
2022,Maine,cases,uterine_corpus,370.0
2022,Maryland,cases,all_sites,34960.0
2022,Maryland,cases,colon_rectum,2540.0
2022,Maryland,cases,female_breast,5640.0
2022,Maryland,cases,hodgkin_lymphoma,1350.0
2022,Maryland,cases,leukemia,970.0
2022,Maryland,cases,lung_bronchus,4150.0
2022,Maryland,cases,melanoma_skin,1670.0
2022,Maryland,cases,prostate,5380.0
2022,Maryland,cases,urinary_bladder,1310.0
2022,Maryland,cases,uterine_cervix,240.0
2022,Maryland,cases,uterine_corpus,1400.0
2022,Massachusetts,cases,all_sites,42190.0
2022,Massachusetts,cases,colon_rectum,2940.0
2022,Massachusetts,cases,female_breast,6710.0
2022,Massachusetts,cases,hodgkin_lymphoma,1780.0
2022,Massachusetts,cases,leukemia,1120.0
2022,Massachusetts,cases,lung_bronchus,5600.0
2022,Massachusetts,cases,melanoma_skin,1900.0
2022,Massachusetts,cases,prostate,5670.0
2022,Massachusetts,cases,urinary_bladder,2030.0
2022,Massachusetts,cases,uterine_cervix,210.0
2022,Massachusetts,cases,uterine_corpus,1530.0
2022,Michigan,cases,all_sites,62500.0
2022,Michigan,cases,colon_rectum,4680.0
2022,Michigan,cases,female_breast,8900.0
2022,Michigan,cases,hodgkin_lymphoma,2670.0
2022,Michigan,cases,leukemia,1850.0
2022,Michigan,cases,lung_bronchus,8720.0
2022,Michigan,cases,melanoma_skin,3180.0
2022,Michigan,cases,prostate,9240.0
2022,Michigan,cases,urinary_bladder,2880.0
2022,Michigan,cases,uterine_cervix,370.0
2022,Michigan,cases,uterine_corpus,2270.0
2022,Minnesota,cases,all_sites,35130.0
2022,Minnesota,cases,colon_rectum,2420.0
2022,Minnesota,cases,female_breast,4950.0
2022,Minnesota,cases,hodgkin_lymphoma,1550.0
2022,Minnesota,cases,leukemia,1390.0
2022,Minnesota,cases,lung_bronchus,3980.0
2022,Minnesota,cases,melanoma_skin,1860.0
2022,Minnesota,cases,prostate,4290.0
2022,Minnesota,cases,urinary_bladder,1530.0
2022,Minnesota,cases,uterine_cervix,160.0
2022,Minnesota,cases,uterine_corpus,1190.0
2022,Mississippi,cases,all_sites,18250.0
2022,Mississippi,cases,colon_rectum,1680.0
2022,Mississippi,cases,female_breast,2510.0
2022,Mississippi,cases,hodgkin_lymphoma,580.0
2022,Mississippi,cases,leukemia,450.0
2022,Mississippi,cases,lung_bronchus,2810.0
2022,Mississippi,cases,melanoma_skin,730.0
2022,Mississippi,cases,prostate,2970.0
2022,Mississippi,cases,urinary_bladder,600.0
2022,Mississippi,cases,uterine_cervix,150.0
2022,Mississippi,cases,uterine_corpus,490.0
2022,Missouri,cases,all_sites,37480.0
2022,Missouri,cases,colon_rectum,2970.0
2022,Missouri,cases,female_breast,5560.0
2022,Missouri,cases,hodgkin_lymphoma,1480.0
2022,Missouri,cases,leukemia,1160.0
2022,Missouri,cases,lung_bronchus,5690.0
2022,Missouri,cases,melanoma_skin,1690.0
2022,Missouri,cases,prostate,4830.0
2022,Missouri,cases,urinary_bladder,1550.0
2022,Missouri,cases,uterine_cervix,250.0
2022,Missouri,cases,uterine_corpus,1290.0
2022,Montana,cases,all_sites,7030.0
2022,Montana,cases,colon_rectum,510.0
2022,Montana,cases,female_breast,1000.0
2022,Montana,cases,hodgkin_lymphoma,300.0
2022,Montana,cases,leukemia,240.0
2022,Montana,cases,lung_bronchus,820.0
2022,Montana,cases,melanoma_skin,510.0
2022,Montana,cases,prostate,1100.0
2022,Montana,cases,urinary_bladder,340.0
2022,Montana,cases,uterine_cervix,
2022,Montana,cases,uterine_corpus,200.0
2022,Nebraska,cases,all_sites,11280.0
2022,Nebraska,cases,colon_rectum,960.0
2022,Nebraska,cases,female_breast,1600.0
2022,Nebraska,cases,hodgkin_lymphoma,460.0
2022,Nebraska,cases,leukemia,380.0
2022,Nebraska,cases,lung_bronchus,1330.0
2022,Nebraska,cases,melanoma_skin,630.0
2022,Nebraska,cases,prostate,1680.0
2022,Nebraska,cases,urinary_bladder,480.0
2022,Nebraska,cases,uterine_cervix,70.0
2022,Nebraska,cases,uterine_corpus,360.0
2022,Nevada,cases,all_sites,16390.0
2022,Nevada,cases,colon_rectum,1430.0
2022,Nevada,cases,female_breast,2570.0
2022,Nevada,cases,hodgkin_lymphoma,700.0
2022,Nevada,cases,leukemia,510.0
2022,Nevada,cases,lung_bronchus,2030.0
2022,Nevada,cases,melanoma_skin,770.0
2022,Nevada,cases,prostate,2230.0
2022,Nevada,cases,urinary_bladder,800.0
2022,Nevada,cases,uterine_cervix,160.0
2022,Nevada,cases,uterine_corpus,510.0
2022,New Hampshire,cases,all_sites,9430.0
2022,New Hampshire,cases,colon_rectum,670.0
2022,New Hampshire,cases,female_breast,1360.0
2022,New Hampshire,cases,hodgkin_lymphoma,410.0
2022,New Hampshire,cases,leukemia,260.0
2022,New Hampshire,cases,lung_bronchus,1270.0
2022,New Hampshire,cases,melanoma_skin,610.0
2022,New Hampshire,cases,prostate,1280.0
2022,New Hampshire,cases,urinary_bladder,550.0
2022,New Hampshire,cases,uterine_cervix,
2022,New Hampshire,cases,uterine_corpus,370.0
2022,New Jersey,cases,all_sites,55730.0
2022,New Jersey,cases,colon_rectum,4260.0
2022,New Jersey,cases,female_breast,8410.0
2022,New Jersey,cases,hodgkin_lymphoma,2420.0
2022,New Jersey,cases,leukemia,1730.0
2022,New Jersey,cases,lung_bronchus,5980.0
2022,New Jersey,cases,melanoma_skin,2300.0
2022,New Jersey,cases,prostate,8580.0
2022,New Jersey,cases,urinary_bladder,2560.0
2022,New Jersey,cases,uterine_cervix,420.0
2022,New Jersey,cases,uterine_corpus,2280.0
2022,New Mexico,cases,all_sites,11030.0
2022,New Mexico,cases,colon_rectum,890.0
2022,New Mexico,cases,female_breast,1700.0
2022,New Mexico,cases,hodgkin_lymphoma,450.0
2022,New Mexico,cases,leukemia,350.0
2022,New Mexico,cases,lung_bronchus,940.0
2022,New Mexico,cases,melanoma_skin,670.0
2022,New Mexico,cases,prostate,1430.0
2022,New Mexico,cases,urinary_bladder,400.0
2022,New Mexico,cases,uterine_cervix,90.0
2022,New Mexico,cases,uterine_corpus,410.0
2022,New York,cases,all_sites,118830.0
2022,New York,cases,colon_rectum,8950.0
2022,New York,cases,female_breast,17800.0
2022,New York,cases,hodgkin_lymphoma,5240.0
2022,New York,cases,leukemia,4010.0
2022,New York,cases,lung_bronchus,14050.0
2022,New York,cases,melanoma_skin,3960.0
2022,New York,cases,prostate,17960.0
2022,New York,cases,urinary_bladder,5450.0
2022,New York,cases,uterine_cervix,870.0
2022,New York,cases,uterine_corpus,4730.0
2022,North Carolina,cases,all_sites,65320.0
2022,North Carolina,cases,colon_rectum,4760.0
2022,North Carolina,cases,female_breast,10220.0
2022,North Carolina,cases,hodgkin_lymphoma,2450.0
2022,North Carolina,cases,leukemia,2120.0
2022,North Carolina,cases,lung_bronchus,8760.0
2022,North Carolina,cases,melanoma_skin,3760.0
2022,North Carolina,cases,prostate,9550.0
2022,North Carolina,cases,urinary_bladder,2670.0
2022,North Carolina,cases,uterine_cervix,440.0
2022,North Carolina,cases,uterine_corpus,2130.0
2022,North Dakota,cases,all_sites,4300.0
2022,North Dakota,cases,colon_rectum,340.0
2022,North Dakota,cases,female_breast,590.0
2022,North Dakota,cases,hodgkin_lymphoma,180.0
2022,North Dakota,cases,leukemia,170.0
2022,North Dakota,cases,lung_bronchus,510.0
2022,North Dakota,cases,melanoma_skin,230.0
2022,North Dakota,cases,prostate,600.0
2022,North Dakota,cases,urinary_bladder,200.0
2022,North Dakota,cases,uterine_cervix,
2022,North Dakota,cases,uterine_corpus,120.0
2022,Ohio,cases,all_sites,73700.0
2022,Ohio,cases,colon_rectum,5870.0
2022,Ohio,cases,female_breast,10610.0
2022,Ohio,cases,hodgkin_lymphoma,2870.0
2022,Ohio,cases,leukemia,1910.0
2022,Ohio,cases,lung_bronchus,10430.0
2022,Ohio,cases,melanoma_skin,4110.0
2022,Ohio,cases,prostate,9530.0
2022,Ohio,cases,urinary_bladder,3260.0
2022,Ohio,cases,uterine_cervix,480.0
2022,Ohio,cases,uterine_corpus,2760.0
2022,Oklahoma,cases,all_sites,23700.0
2022,Oklahoma,cases,colon_rectum,1900.0
2022,Oklahoma,cases,female_breast,3280.0
2022,Oklahoma,cases,hodgkin_lymphoma,870.0
2022,Oklahoma,cases,leukemia,710.0
2022,Oklahoma,cases,lung_bronchus,3390.0
2022,Oklahoma,cases,melanoma_skin,1180.0
2022,Oklahoma,cases,prostate,2900.0
2022,Oklahoma,cases,urinary_bladder,870.0
2022,Oklahoma,cases,uterine_cervix,210.0
2022,Oklahoma,cases,uterine_corpus,660.0
2022,Oregon,cases,all_sites,25130.0
2022,Oregon,cases,colon_rectum,1850.0
2022,Oregon,cases,female_breast,4070.0
2022,Oregon,cases,hodgkin_lymphoma,1090.0
2022,Oregon,cases,leukemia,680.0
2022,Oregon,cases,lung_bronchus,2990.0
2022,Oregon,cases,melanoma_skin,1640.0
2022,Oregon,cases,prostate,3250.0
2022,Oregon,cases,urinary_bladder,1200.0
2022,Oregon,cases,uterine_cervix,160.0
2022,Oregon,cases,uterine_corpus,860.0
2022,Pennsylvania,cases,all_sites,85110.0
2022,Pennsylvania,cases,colon_rectum,6610.0
2022,Pennsylvania,cases,female_breast,12220.0
2022,Pennsylvania,cases,hodgkin_lymphoma,3740.0
2022,Pennsylvania,cases,leukemia,2600.0
2022,Pennsylvania,cases,lung_bronchus,11170.0
2022,Pennsylvania,cases,melanoma_skin,3540.0
2022,Pennsylvania,cases,prostate,11740.0
2022,Pennsylvania,cases,urinary_bladder,4130.0
2022,Pennsylvania,cases,uterine_cervix,500.0
2022,Pennsylvania,cases,uterine_corpus,3270.0
2022,Rhode Island,cases,all_sites,7030.0
2022,Rhode Island,cases,colon_rectum,490.0
2022,Rhode Island,cases,female_breast,1020.0
2022,Rhode Island,cases,hodgkin_lymphoma,300.0
2022,Rhode Island,cases,leukemia,240.0
2022,Rhode Island,cases,lung_bronchus,980.0
2022,Rhode Island,cases,melanoma_skin,320.0
2022,Rhode Island,cases,prostate,1030.0
2022,Rhode Island,cases,urinary_bladder,360.0
2022,Rhode Island,cases,uterine_cervix,
2022,Rhode Island,cases,uterine_corpus,260.0
2022,South Carolina,cases,all_sites,33440.0
2022,South Carolina,cases,colon_rectum,2570.0
2022,South Carolina,cases,female_breast,5170.0
2022,South Carolina,cases,hodgkin_lymphoma,1260.0
2022,South Carolina,cases,leukemia,1030.0
2022,South Carolina,cases,lung_bronchus,4560.0
2022,South Carolina,cases,melanoma_skin,1970.0
2022,South Carolina,cases,prostate,5110.0
2022,South Carolina,cases,urinary_bladder,1310.0
2022,South Carolina,cases,uterine_cervix,240.0
2022,South Carolina,cases,uterine_corpus,1080.0
2022,South Dakota,cases,all_sites,5370.0
2022,South Dakota,cases,colon_rectum,430.0
2022,South Dakota,cases,female_breast,750.0
2022,South Dakota,cases,hodgkin_lymphoma,220.0
2022,South Dakota,cases,leukemia,180.0
2022,South Dakota,cases,lung_bronchus,660.0
2022,South Dakota,cases,melanoma_skin,320.0
2022,South Dakota,cases,prostate,810.0
2022,South Dakota,cases,urinary_bladder,230.0
2022,South Dakota,cases,uterine_cervix,
2022,South Dakota,cases,uterine_corpus,160.0
2022,Tennessee,cases,all_sites,42200.0
2022,Tennessee,cases,colon_rectum,3420.0
2022,Tennessee,cases,female_breast,6040.0
2022,Tennessee,cases,hodgkin_lymphoma,1630.0
2022,Tennessee,cases,leukemia,1230.0
2022,Tennessee,cases,lung_bronchus,6200.0
2022,Tennessee,cases,melanoma_skin,1940.0
2022,Tennessee,cases,prostate,5800.0
2022,Tennessee,cases,urinary_bladder,1690.0
2022,Tennessee,cases,uterine_cervix,330.0
2022,Tennessee,cases,uterine_corpus,1280.0
2022,Texas,cases,all_sites,139320.0
2022,Texas,cases,colon_rectum,11780.0
2022,Texas,cases,female_breast,21040.0
2022,Texas,cases,hodgkin_lymphoma,5590.0
2022,Texas,cases,leukemia,4750.0
2022,Texas,cases,lung_bronchus,14790.0
2022,Texas,cases,melanoma_skin,5020.0
2022,Texas,cases,prostate,17850.0
2022,Texas,cases,urinary_bladder,4470.0
2022,Texas,cases,uterine_cervix,1500.0
2022,Texas,cases,uterine_corpus,4140.0
2022,US,cases,all_sites,1918030.0
2022,US,cases,colon_rectum,151030.0
2022,US,cases,female_breast,287850.0
2022,US,cases,hodgkin_lymphoma,80470.0
2022,US,cases,leukemia,60650.0
2022,US,cases,lung_bronchus,236740.0
2022,US,cases,melanoma_skin,99780.0
2022,US,cases,prostate,268490.0
2022,US,cases,urinary_bladder,81180.0
2022,US,cases,uterine_cervix,14100.0
2022,US,cases,uterine_corpus,65950.0
2022,Utah,cases,all_sites,13190.0
2022,Utah,cases,colon_rectum,900.0
2022,Utah,cases,female_breast,1960.0
2022,Utah,cases,hodgkin_lymphoma,550.0
2022,Utah,cases,leukemia,420.0
2022,Utah,cases,lung_bronchus,780.0
2022,Utah,cases,melanoma_skin,1610.0
2022,Utah,cases,prostate,2130.0
2022,Utah,cases,urinary_bladder,480.0
2022,Utah,cases,uterine_cervix,80.0
2022,Utah,cases,uterine_corpus,480.0
2022,Vermont,cases,all_sites,4260.0
2022,Vermont,cases,colon_rectum,300.0
2022,Vermont,cases,female_breast,630.0
2022,Vermont,cases,hodgkin_lymphoma,190.0
2022,Vermont,cases,leukemia,130.0
2022,Vermont,cases,lung_bronchus,590.0
2022,Vermont,cases,melanoma_skin,290.0
2022,Vermont,cases,prostate,490.0
2022,Vermont,cases,urinary_bladder,220.0
2022,Vermont,cases,uterine_cervix,
2022,Vermont,cases,uterine_corpus,170.0
2022,Virginia,cases,all_sites,46670.0
2022,Virginia,cases,colon_rectum,3610.0
2022,Virginia,cases,female_breast,7600.0
2022,Virginia,cases,hodgkin_lymphoma,1880.0
2022,Virginia,cases,leukemia,1320.0
2022,Virginia,cases,lung_bronchus,5900.0
2022,Virginia,cases,melanoma_skin,2240.0
2022,Virginia,cases,prostate,7150.0
2022,Virginia,cases,urinary_bladder,1830.0
2022,Virginia,cases,uterine_cervix,310.0
2022,Virginia,cases,uterine_corpus,1590.0
2022,Washington,cases,all_sites,42620.0
2022,Washington,cases,colon_rectum,3120.0
2022,Washington,cases,female_breast,7020.0
2022,Washington,cases,hodgkin_lymphoma,1890.0
2022,Washington,cases,leukemia,1320.0
2022,Washington,cases,lung_bronchus,4880.0
2022,Washington,cases,melanoma_skin,2510.0
2022,Washington,cases,prostate,5670.0
2022,Washington,cases,urinary_bladder,1930.0
2022,Washington,cases,uterine_cervix,280.0
2022,Washington,cases,uterine_corpus,1310.0
2022,West Virginia,cases,all_sites,12690.0
2022,West Virginia,cases,colon_rectum,1080.0
2022,West Virginia,cases,female_breast,1630.0
2022,West Virginia,cases,hodgkin_lymphoma,520.0
2022,West Virginia,cases,leukemia,400.0
2022,West Virginia,cases,lung_bronchus,2050.0
2022,West Virginia,cases,melanoma_skin,660.0
2022,West Virginia,cases,prostate,1550.0
2022,West Virginia,cases,urinary_bladder,640.0
2022,West Virginia,cases,uterine_cervix,80.0
2022,West Virginia,cases,uterine_corpus,490.0
2022,Wisconsin,cases,all_sites,37320.0
2022,Wisconsin,cases,colon_rectum,2680.0
2022,Wisconsin,cases,female_breast,5380.0
2022,Wisconsin,cases,hodgkin_lymphoma,1590.0
2022,Wisconsin,cases,leukemia,1320.0
2022,Wisconsin,cases,lung_bronchus,4500.0
2022,Wisconsin,cases,melanoma_skin,2170.0
2022,Wisconsin,cases,prostate,5590.0
2022,Wisconsin,cases,urinary_bladder,1730.0
2022,Wisconsin,cases,uterine_cervix,200.0
2022,Wisconsin,cases,uterine_corpus,1380.0
2022,Wyoming,cases,all_sites,3140.0
2022,Wyoming,cases,colon_rectum,240.0
2022,Wyoming,cases,female_breast,460.0
2022,Wyoming,cases,hodgkin_lymphoma,130.0
2022,Wyoming,cases,leukemia,90.0
2022,Wyoming,cases,lung_bronchus,330.0
2022,Wyoming,cases,melanoma_skin,250.0
2022,Wyoming,cases,prostate,590.0
2022,Wyoming,cases,urinary_bladder,160.0
2022,Wyoming,cases,uterine_cervix,
2022,Wyoming,cases,uterine_corpus,100.0
2022,Alabama,deaths,all_sites,10520.0
2022,Alabama,deaths,brain_nervous_system,320.0
2022,Alabama,deaths,colon_rectum,910.0
2022,Alabama,deaths,female_breast,730.0
2022,Alabama,deaths,hodgkin_lymphoma,270.0
2022,Alabama,deaths,leukemia,340.0
2022,Alabama,deaths,liver,510.0
2022,Alabama,deaths,lung_bronchus,2650.0
2022,Alabama,deaths,ovary,210.0
2022,Alabama,deaths,pancreas,830.0
2022,Alabama,deaths,prostate,480.0
2022,Alaska,deaths,all_sites,1030.0
2022,Alaska,deaths,brain_nervous_system,
2022,Alaska,deaths,colon_rectum,110.0
2022,Alaska,deaths,female_breast,70.0
2022,Alaska,deaths,hodgkin_lymphoma,
2022,Alaska,deaths,leukemia,
2022,Alaska,deaths,liver,70.0
2022,Alaska,deaths,lung_bronchus,220.0
2022,Alaska,deaths,ovary,
2022,Alaska,deaths,pancreas,80.0
2022,Alaska,deaths,prostate,60.0
2022,Arizona,deaths,all_sites,13200.0
2022,Arizona,deaths,brain_nervous_system,410.0
2022,Arizona,deaths,colon_rectum,1210.0
2022,Arizona,deaths,female_breast,910.0
2022,Arizona,deaths,hodgkin_lymphoma,410.0
2022,Arizona,deaths,leukemia,540.0
2022,Arizona,deaths,liver,710.0
2022,Arizona,deaths,lung_bronchus,2280.0
2022,Arizona,deaths,ovary,310.0
2022,Arizona,deaths,pancreas,1120.0
2022,Arizona,deaths,prostate,820.0
2022,Arkansas,deaths,all_sites,6460.0
2022,Arkansas,deaths,brain_nervous_system,190.0
2022,Arkansas,deaths,colon_rectum,560.0
2022,Arkansas,deaths,female_breast,390.0
2022,Arkansas,deaths,hodgkin_lymphoma,190.0
2022,Arkansas,deaths,leukemia,210.0
2022,Arkansas,deaths,liver,310.0
2022,Arkansas,deaths,lung_bronchus,1770.0
2022,Arkansas,deaths,ovary,120.0
2022,Arkansas,deaths,pancreas,450.0
2022,Arkansas,deaths,prostate,430.0
2022,California,deaths,all_sites,60970.0
2022,California,deaths,brain_nervous_system,2070.0
2022,California,deaths,colon_rectum,5470.0
2022,California,deaths,female_breast,4690.0
2022,California,deaths,hodgkin_lymphoma,2150.0
2022,California,deaths,leukemia,2340.0
2022,California,deaths,liver,3680.0
2022,California,deaths,lung_bronchus,9660.0
2022,California,deaths,ovary,1390.0
2022,California,deaths,pancreas,5080.0
2022,California,deaths,prostate,4130.0
2022,Colorado,deaths,all_sites,8170.0
2022,Colorado,deaths,brain_nervous_system,310.0
2022,Colorado,deaths,colon_rectum,710.0
2022,Colorado,deaths,female_breast,670.0
2022,Colorado,deaths,hodgkin_lymphoma,260.0
2022,Colorado,deaths,leukemia,320.0
2022,Colorado,deaths,liver,440.0
2022,Colorado,deaths,lung_bronchus,1330.0
2022,Colorado,deaths,ovary,200.0
2022,Colorado,deaths,pancreas,680.0
2022,Colorado,deaths,prostate,580.0
2022,Connecticut,deaths,all_sites,6400.0
2022,Connecticut,deaths,brain_nervous_system,210.0
2022,Connecticut,deaths,colon_rectum,470.0
2022,Connecticut,deaths,female_breast,420.0
2022,Connecticut,deaths,hodgkin_lymphoma,220.0
2022,Connecticut,deaths,leukemia,320.0
2022,Connecticut,deaths,liver,330.0
2022,Connecticut,deaths,lung_bronchus,1360.0
2022,Connecticut,deaths,ovary,150.0
2022,Connecticut,deaths,pancreas,580.0
2022,Connecticut,deaths,prostate,420.0
2022,Delaware,deaths,all_sites,2200.0
2022,Delaware,deaths,brain_nervous_system,50.0
2022,Delaware,deaths,colon_rectum,160.0
2022,Delaware,deaths,female_breast,160.0
2022,Delaware,deaths,hodgkin_lymphoma,80.0
2022,Delaware,deaths,leukemia,100.0
2022,Delaware,deaths,liver,120.0
2022,Delaware,deaths,lung_bronchus,530.0
2022,Delaware,deaths,ovary,50.0
2022,Delaware,deaths,pancreas,190.0
2022,Delaware,deaths,prostate,100.0
2022,District of Columbia,deaths,all_sites,1010.0
2022,District of Columbia,deaths,brain_nervous_system,
2022,District of Columbia,deaths,colon_rectum,90.0
2022,District of Columbia,deaths,female_breast,100.0
2022,District of Columbia,deaths,hodgkin_lymphoma,
2022,District of Columbia,deaths,leukemia,
2022,District of Columbia,deaths,liver,80.0
2022,District of Columbia,deaths,lung_bronchus,150.0
2022,District of Columbia,deaths,ovary,
2022,District of Columbia,deaths,pancreas,100.0
2022,District of Columbia,deaths,prostate,70.0
2022,Florida,deaths,all_sites,47540.0
2022,Florida,deaths,brain_nervous_system,1360.0
2022,Florida,deaths,colon_rectum,4110.0
2022,Florida,deaths,female_breast,3150.0
2022,Florida,deaths,hodgkin_lymphoma,1560.0
2022,Florida,deaths,leukemia,1980.0
2022,Florida,deaths,liver,2330.0
2022,Florida,deaths,lung_bronchus,10440.0
2022,Florida,deaths,ovary,1010.0
2022,Florida,deaths,pancreas,3820.0
2022,Florida,deaths,prostate,2720.0
2022,Georgia,deaths,all_sites,18750.0
2022,Georgia,deaths,brain_nervous_system,500.0
2022,Georgia,deaths,colon_rectum,1590.0
2022,Georgia,deaths,female_breast,1410.0
2022,Georgia,deaths,hodgkin_lymphoma,540.0
2022,Georgia,deaths,leukemia,650.0
2022,Georgia,deaths,liver,930.0
2022,Georgia,deaths,lung_bronchus,4180.0
2022,Georgia,deaths,ovary,410.0
2022,Georgia,deaths,pancreas,1450.0
2022,Georgia,deaths,prostate,1070.0
2022,Hawaii,deaths,all_sites,2590.0
2022,Hawaii,deaths,brain_nervous_system,60.0
2022,Hawaii,deaths,colon_rectum,240.0
2022,Hawaii,deaths,female_breast,210.0
2022,Hawaii,deaths,hodgkin_lymphoma,100.0
2022,Hawaii,deaths,leukemia,90.0
2022,Hawaii,deaths,liver,160.0
2022,Hawaii,deaths,lung_bronchus,540.0
2022,Hawaii,deaths,ovary,
2022,Hawaii,deaths,pancreas,240.0
2022,Hawaii,deaths,prostate,130.0
2022,Idaho,deaths,all_sites,3240.0
2022,Idaho,deaths,brain_nervous_system,130.0
2022,Idaho,deaths,colon_rectum,270.0
2022,Idaho,deaths,female_breast,250.0
2022,Idaho,deaths,hodgkin_lymphoma,120.0
2022,Idaho,deaths,leukemia,140.0
2022,Idaho,deaths,liver,120.0
2022,Idaho,deaths,lung_bronchus,590.0
2022,Idaho,deaths,ovary,80.0
2022,Idaho,deaths,pancreas,270.0
2022,Idaho,deaths,prostate,200.0
2022,Illinois,deaths,all_sites,23200.0
2022,Illinois,deaths,brain_nervous_system,610.0
2022,Illinois,deaths,colon_rectum,2110.0
2022,Illinois,deaths,female_breast,1730.0
2022,Illinois,deaths,hodgkin_lymphoma,780.0
2022,Illinois,deaths,leukemia,900.0
2022,Illinois,deaths,liver,1100.0
2022,Illinois,deaths,lung_bronchus,5140.0
2022,Illinois,deaths,ovary,530.0
2022,Illinois,deaths,pancreas,2010.0
2022,Illinois,deaths,prostate,1160.0
2022,Indiana,deaths,all_sites,13570.0
2022,Indiana,deaths,brain_nervous_system,380.0
2022,Indiana,deaths,colon_rectum,1160.0
2022,Indiana,deaths,female_breast,880.0
2022,Indiana,deaths,hodgkin_lymphoma,450.0
2022,Indiana,deaths,leukemia,520.0
2022,Indiana,deaths,liver,640.0
2022,Indiana,deaths,lung_bronchus,3470.0
2022,Indiana,deaths,ovary,190.0
2022,Indiana,deaths,pancreas,1070.0
2022,Indiana,deaths,prostate,770.0
2022,Iowa,deaths,all_sites,6470.0
2022,Iowa,deaths,brain_nervous_system,190.0
2022,Iowa,deaths,colon_rectum,540.0
2022,Iowa,deaths,female_breast,380.0
2022,Iowa,deaths,hodgkin_lymphoma,240.0
2022,Iowa,deaths,leukemia,270.0
2022,Iowa,deaths,liver,250.0
2022,Iowa,deaths,lung_bronchus,1450.0
2022,Iowa,deaths,ovary,140.0
2022,Iowa,deaths,pancreas,520.0
2022,Iowa,deaths,prostate,390.0
2022,Kansas,deaths,all_sites,5660.0
2022,Kansas,deaths,brain_nervous_system,180.0
2022,Kansas,deaths,colon_rectum,480.0
2022,Kansas,deaths,female_breast,380.0
2022,Kansas,deaths,hodgkin_lymphoma,220.0
2022,Kansas,deaths,leukemia,250.0
2022,Kansas,deaths,liver,270.0
2022,Kansas,deaths,lung_bronchus,1350.0
2022,Kansas,deaths,ovary,110.0
2022,Kansas,deaths,pancreas,420.0
2022,Kansas,deaths,prostate,280.0
2022,Kentucky,deaths,all_sites,9740.0
2022,Kentucky,deaths,brain_nervous_system,290.0
2022,Kentucky,deaths,colon_rectum,880.0
2022,Kentucky,deaths,female_breast,640.0
2022,Kentucky,deaths,hodgkin_lymphoma,320.0
2022,Kentucky,deaths,leukemia,390.0
2022,Kentucky,deaths,liver,390.0
2022,Kentucky,deaths,lung_bronchus,2730.0
2022,Kentucky,deaths,ovary,170.0
2022,Kentucky,deaths,pancreas,740.0
2022,Kentucky,deaths,prostate,320.0
2022,Louisiana,deaths,all_sites,9630.0
2022,Louisiana,deaths,brain_nervous_system,240.0
2022,Louisiana,deaths,colon_rectum,880.0
2022,Louisiana,deaths,female_breast,690.0
2022,Louisiana,deaths,hodgkin_lymphoma,290.0
2022,Louisiana,deaths,leukemia,330.0
2022,Louisiana,deaths,liver,570.0
2022,Louisiana,deaths,lung_bronchus,2310.0
2022,Louisiana,deaths,ovary,170.0
2022,Louisiana,deaths,pancreas,740.0
2022,Louisiana,deaths,prostate,470.0
2022,Maine,deaths,all_sites,3440.0
2022,Maine,deaths,brain_nervous_system,110.0
2022,Maine,deaths,colon_rectum,230.0
2022,Maine,deaths,female_breast,190.0
2022,Maine,deaths,hodgkin_lymphoma,120.0
2022,Maine,deaths,leukemia,120.0
2022,Maine,deaths,liver,130.0
2022,Maine,deaths,lung_bronchus,860.0
2022,Maine,deaths,ovary,60.0
2022,Maine,deaths,pancreas,260.0
2022,Maine,deaths,prostate,170.0
2022,Maryland,deaths,all_sites,11030.0
2022,Maryland,deaths,brain_nervous_system,290.0
2022,Maryland,deaths,colon_rectum,980.0
2022,Maryland,deaths,female_breast,840.0
2022,Maryland,deaths,hodgkin_lymphoma,340.0
2022,Maryland,deaths,leukemia,450.0
2022,Maryland,deaths,liver,510.0
2022,Maryland,deaths,lung_bronchus,2230.0
2022,Maryland,deaths,ovary,240.0
2022,Maryland,deaths,pancreas,880.0
2022,Maryland,deaths,prostate,680.0
2022,Massachusetts,deaths,all_sites,12520.0
2022,Massachusetts,deaths,brain_nervous_system,440.0
2022,Massachusetts,deaths,colon_rectum,990.0
2022,Massachusetts,deaths,female_breast,760.0
2022,Massachusetts,deaths,hodgkin_lymphoma,410.0
2022,Massachusetts,deaths,leukemia,510.0
2022,Massachusetts,deaths,liver,620.0
2022,Massachusetts,deaths,lung_bronchus,2760.0
2022,Massachusetts,deaths,ovary,290.0
2022,Massachusetts,deaths,pancreas,1110.0
2022,Massachusetts,deaths,prostate,700.0
2022,Michigan,deaths,all_sites,21260.0
2022,Michigan,deaths,brain_nervous_system,600.0
2022,Michigan,deaths,colon_rectum,1700.0
2022,Michigan,deaths,female_breast,1390.0
2022,Michigan,deaths,hodgkin_lymphoma,740.0
2022,Michigan,deaths,leukemia,820.0
2022,Michigan,deaths,liver,870.0
2022,Michigan,deaths,lung_bronchus,5000.0
2022,Michigan,deaths,ovary,440.0
2022,Michigan,deaths,pancreas,1780.0
2022,Michigan,deaths,prostate,1000.0
2022,Minnesota,deaths,all_sites,10340.0
2022,Minnesota,deaths,brain_nervous_system,310.0
2022,Minnesota,deaths,colon_rectum,790.0
2022,Minnesota,deaths,female_breast,640.0
2022,Minnesota,deaths,hodgkin_lymphoma,460.0
2022,Minnesota,deaths,leukemia,460.0
2022,Minnesota,deaths,liver,490.0
2022,Minnesota,deaths,lung_bronchus,1950.0
2022,Minnesota,deaths,ovary,210.0
2022,Minnesota,deaths,pancreas,840.0
2022,Minnesota,deaths,prostate,660.0
2022,Mississippi,deaths,all_sites,6790.0
2022,Mississippi,deaths,brain_nervous_system,200.0
2022,Mississippi,deaths,colon_rectum,660.0
2022,Mississippi,deaths,female_breast,450.0
2022,Mississippi,deaths,hodgkin_lymphoma,160.0
2022,Mississippi,deaths,leukemia,230.0
2022,Mississippi,deaths,liver,380.0
2022,Mississippi,deaths,lung_bronchus,1820.0
2022,Mississippi,deaths,ovary,110.0
2022,Mississippi,deaths,pancreas,520.0
2022,Mississippi,deaths,prostate,410.0
2022,Missouri,deaths,all_sites,13050.0
2022,Missouri,deaths,brain_nervous_system,350.0
2022,Missouri,deaths,colon_rectum,1070.0
2022,Missouri,deaths,female_breast,820.0
2022,Missouri,deaths,hodgkin_lymphoma,410.0
2022,Missouri,deaths,leukemia,500.0
2022,Missouri,deaths,liver,590.0
2022,Missouri,deaths,lung_bronchus,3200.0
2022,Missouri,deaths,ovary,250.0
2022,Missouri,deaths,pancreas,990.0
2022,Missouri,deaths,prostate,680.0
2022,Montana,deaths,all_sites,2160.0
2022,Montana,deaths,brain_nervous_system,70.0
2022,Montana,deaths,colon_rectum,170.0
2022,Montana,deaths,female_breast,150.0
2022,Montana,deaths,hodgkin_lymphoma,70.0
2022,Montana,deaths,leukemia,80.0
2022,Montana,deaths,liver,110.0
2022,Montana,deaths,lung_bronchus,370.0
2022,Montana,deaths,ovary,
2022,Montana,deaths,pancreas,170.0
2022,Montana,deaths,prostate,140.0
2022,Nebraska,deaths,all_sites,3550.0
2022,Nebraska,deaths,brain_nervous_system,120.0
2022,Nebraska,deaths,colon_rectum,320.0
2022,Nebraska,deaths,female_breast,250.0
2022,Nebraska,deaths,hodgkin_lymphoma,110.0
2022,Nebraska,deaths,leukemia,170.0
2022,Nebraska,deaths,liver,100.0
2022,Nebraska,deaths,lung_bronchus,670.0
2022,Nebraska,deaths,ovary,70.0
2022,Nebraska,deaths,pancreas,290.0
2022,Nebraska,deaths,prostate,170.0
2022,Nevada,deaths,all_sites,5730.0
2022,Nevada,deaths,brain_nervous_system,130.0
2022,Nevada,deaths,colon_rectum,470.0
2022,Nevada,deaths,female_breast,440.0
2022,Nevada,deaths,hodgkin_lymphoma,240.0
2022,Nevada,deaths,leukemia,230.0
2022,Nevada,deaths,liver,300.0
2022,Nevada,deaths,lung_bronchus,1170.0
2022,Nevada,deaths,ovary,120.0
2022,Nevada,deaths,pancreas,430.0
2022,Nevada,deaths,prostate,410.0
2022,New Hampshire,deaths,all_sites,2880.0
2022,New Hampshire,deaths,brain_nervous_system,90.0
2022,New Hampshire,deaths,colon_rectum,210.0
2022,New Hampshire,deaths,female_breast,180.0
2022,New Hampshire,deaths,hodgkin_lymphoma,90.0
2022,New Hampshire,deaths,leukemia,110.0
2022,New Hampshire,deaths,liver,120.0
2022,New Hampshire,deaths,lung_bronchus,710.0
2022,New Hampshire,deaths,ovary,70.0
2022,New Hampshire,deaths,pancreas,320.0
2022,New Hampshire,deaths,prostate,160.0
2022,New Jersey,deaths,all_sites,15710.0
2022,New Jersey,deaths,brain_nervous_system,510.0
2022,New Jersey,deaths,colon_rectum,1380.0
2022,New Jersey,deaths,female_breast,1210.0
2022,New Jersey,deaths,hodgkin_lymphoma,440.0
2022,New Jersey,deaths,leukemia,660.0
2022,New Jersey,deaths,liver,790.0
2022,New Jersey,deaths,lung_bronchus,2930.0
2022,New Jersey,deaths,ovary,350.0
2022,New Jersey,deaths,pancreas,1390.0
2022,New Jersey,deaths,prostate,750.0
2022,New Mexico,deaths,all_sites,3830.0
2022,New Mexico,deaths,brain_nervous_system,120.0
2022,New Mexico,deaths,colon_rectum,330.0
2022,New Mexico,deaths,female_breast,290.0
2022,New Mexico,deaths,hodgkin_lymphoma,120.0
2022,New Mexico,deaths,leukemia,130.0
2022,New Mexico,deaths,liver,300.0
2022,New Mexico,deaths,lung_bronchus,560.0
2022,New Mexico,deaths,ovary,100.0
2022,New Mexico,deaths,pancreas,290.0
2022,New Mexico,deaths,prostate,240.0
2022,New York,deaths,all_sites,32230.0
2022,New York,deaths,brain_nervous_system,980.0
2022,New York,deaths,colon_rectum,2670.0
2022,New York,deaths,female_breast,2460.0
2022,New York,deaths,hodgkin_lymphoma,1170.0
2022,New York,deaths,leukemia,1340.0
2022,New York,deaths,liver,1280.0
2022,New York,deaths,lung_bronchus,6660.0
2022,New York,deaths,ovary,830.0
2022,New York,deaths,pancreas,2930.0
2022,New York,deaths,prostate,1720.0
2022,North Carolina,deaths,all_sites,20480.0
2022,North Carolina,deaths,brain_nervous_system,470.0
2022,North Carolina,deaths,colon_rectum,1630.0
2022,North Carolina,deaths,female_breast,1450.0
2022,North Carolina,deaths,hodgkin_lymphoma,630.0
2022,North Carolina,deaths,leukemia,800.0
2022,North Carolina,deaths,liver,1000.0
2022,North Carolina,deaths,lung_bronchus,4750.0
2022,North Carolina,deaths,ovary,390.0
2022,North Carolina,deaths,pancreas,1590.0
2022,North Carolina,deaths,prostate,1120.0
2022,North Dakota,deaths,all_sites,1310.0
2022,North Dakota,deaths,brain_nervous_system,
2022,North Dakota,deaths,colon_rectum,110.0
2022,North Dakota,deaths,female_breast,70.0
2022,North Dakota,deaths,hodgkin_lymphoma,50.0
2022,North Dakota,deaths,leukemia,60.0
2022,North Dakota,deaths,liver,50.0
2022,North Dakota,deaths,lung_bronchus,300.0
2022,North Dakota,deaths,ovary,
2022,North Dakota,deaths,pancreas,100.0
2022,North Dakota,deaths,prostate,70.0
2022,Ohio,deaths,all_sites,25120.0
2022,Ohio,deaths,brain_nervous_system,720.0
2022,Ohio,deaths,colon_rectum,2110.0
2022,Ohio,deaths,female_breast,1700.0
2022,Ohio,deaths,hodgkin_lymphoma,830.0
2022,Ohio,deaths,leukemia,990.0
2022,Ohio,deaths,liver,1040.0
2022,Ohio,deaths,lung_bronchus,5900.0
2022,Ohio,deaths,ovary,380.0
2022,Ohio,deaths,pancreas,2090.0
2022,Ohio,deaths,prostate,1370.0
2022,Oklahoma,deaths,all_sites,8620.0
2022,Oklahoma,deaths,brain_nervous_system,240.0
2022,Oklahoma,deaths,colon_rectum,770.0
2022,Oklahoma,deaths,female_breast,570.0
2022,Oklahoma,deaths,hodgkin_lymphoma,280.0
2022,Oklahoma,deaths,leukemia,310.0
2022,Oklahoma,deaths,liver,450.0
2022,Oklahoma,deaths,lung_bronchus,2260.0
2022,Oklahoma,deaths,ovary,180.0
2022,Oklahoma,deaths,pancreas,580.0
2022,Oklahoma,deaths,prostate,450.0
2022,Oregon,deaths,all_sites,8460.0
2022,Oregon,deaths,brain_nervous_system,260.0
2022,Oregon,deaths,colon_rectum,650.0
2022,Oregon,deaths,female_breast,580.0
2022,Oregon,deaths,hodgkin_lymphoma,300.0
2022,Oregon,deaths,leukemia,330.0
2022,Oregon,deaths,liver,470.0
2022,Oregon,deaths,lung_bronchus,1670.0
2022,Oregon,deaths,ovary,170.0
2022,Oregon,deaths,pancreas,700.0
2022,Oregon,deaths,prostate,520.0
2022,Pennsylvania,deaths,all_sites,27260.0
2022,Pennsylvania,deaths,brain_nervous_system,820.0
2022,Pennsylvania,deaths,colon_rectum,2310.0
2022,Pennsylvania,deaths,female_breast,1900.0
2022,Pennsylvania,deaths,hodgkin_lymphoma,940.0
2022,Pennsylvania,deaths,leukemia,1110.0
2022,Pennsylvania,deaths,liver,1210.0
2022,Pennsylvania,deaths,lung_bronchus,5990.0
2022,Pennsylvania,deaths,ovary,590.0
2022,Pennsylvania,deaths,pancreas,2330.0
2022,Pennsylvania,deaths,prostate,1470.0
2022,Rhode Island,deaths,all_sites,2170.0
2022,Rhode Island,deaths,brain_nervous_system,70.0
2022,Rhode Island,deaths,colon_rectum,160.0
2022,Rhode Island,deaths,female_breast,130.0
2022,Rhode Island,deaths,hodgkin_lymphoma,70.0
2022,Rhode Island,deaths,leukemia,90.0
2022,Rhode Island,deaths,liver,140.0
2022,Rhode Island,deaths,lung_bronchus,480.0
2022,Rhode Island,deaths,ovary,
2022,Rhode Island,deaths,pancreas,190.0
2022,Rhode Island,deaths,prostate,100.0
2022,South Carolina,deaths,all_sites,10850.0
2022,South Carolina,deaths,brain_nervous_system,340.0
2022,South Carolina,deaths,colon_rectum,890.0
2022,South Carolina,deaths,female_breast,770.0
2022,South Carolina,deaths,hodgkin_lymphoma,300.0
2022,South Carolina,deaths,leukemia,430.0
2022,South Carolina,deaths,liver,590.0
2022,South Carolina,deaths,lung_bronchus,2560.0
2022,South Carolina,deaths,ovary,180.0
2022,South Carolina,deaths,pancreas,880.0
2022,South Carolina,deaths,prostate,630.0
2022,South Dakota,deaths,all_sites,1740.0
2022,South Dakota,deaths,brain_nervous_system,70.0
2022,South Dakota,deaths,colon_rectum,160.0
2022,South Dakota,deaths,female_breast,110.0
2022,South Dakota,deaths,hodgkin_lymphoma,60.0
2022,South Dakota,deaths,leukemia,70.0
2022,South Dakota,deaths,liver,80.0
2022,South Dakota,deaths,lung_bronchus,410.0
2022,South Dakota,deaths,ovary,
2022,South Dakota,deaths,pancreas,150.0
2022,South Dakota,deaths,prostate,80.0
2022,Tennessee,deaths,all_sites,14390.0
2022,Tennessee,deaths,brain_nervous_system,410.0
2022,Tennessee,deaths,colon_rectum,1250.0
2022,Tennessee,deaths,female_breast,1040.0
2022,Tennessee,deaths,hodgkin_lymphoma,460.0
2022,Tennessee,deaths,leukemia,550.0
2022,Tennessee,deaths,liver,690.0
2022,Tennessee,deaths,lung_bronchus,3680.0
2022,Tennessee,deaths,ovary,260.0
2022,Tennessee,deaths,pancreas,1060.0
2022,Tennessee,deaths,prostate,750.0
2022,Texas,deaths,all_sites,43490.0
2022,Texas,deaths,brain_nervous_system,1280.0
2022,Texas,deaths,colon_rectum,4280.0
2022,Texas,deaths,female_breast,3440.0
2022,Texas,deaths,hodgkin_lymphoma,1400.0
2022,Texas,deaths,leukemia,1610.0
2022,Texas,deaths,liver,2790.0
2022,Texas,deaths,lung_bronchus,8270.0
2022,Texas,deaths,ovary,910.0
2022,Texas,deaths,pancreas,3390.0
2022,Texas,deaths,prostate,2260.0
2022,US,deaths,all_sites,609360.0
2022,US,deaths,brain_nervous_system,18280.0
2022,US,deaths,colon_rectum,52580.0
2022,US,deaths,female_breast,43250.0
2022,US,deaths,hodgkin_lymphoma,20250.0
2022,US,deaths,leukemia,24000.0
2022,US,deaths,liver,30520.0
2022,US,deaths,lung_bronchus,130180.0
2022,US,deaths,ovary,12810.0
2022,US,deaths,pancreas,49830.0
2022,US,deaths,prostate,34500.0
2022,Utah,deaths,all_sites,3540.0
2022,Utah,deaths,brain_nervous_system,150.0
2022,Utah,deaths,colon_rectum,310.0
2022,Utah,deaths,female_breast,310.0
2022,Utah,deaths,hodgkin_lymphoma,130.0
2022,Utah,deaths,leukemia,180.0
2022,Utah,deaths,liver,160.0
2022,Utah,deaths,lung_bronchus,470.0
2022,Utah,deaths,ovary,100.0
2022,Utah,deaths,pancreas,290.0
2022,Utah,deaths,prostate,360.0
2022,Vermont,deaths,all_sites,1460.0
2022,Vermont,deaths,brain_nervous_system,50.0
2022,Vermont,deaths,colon_rectum,120.0
2022,Vermont,deaths,female_breast,80.0
2022,Vermont,deaths,hodgkin_lymphoma,50.0
2022,Vermont,deaths,leukemia,50.0
2022,Vermont,deaths,liver,80.0
2022,Vermont,deaths,lung_bronchus,330.0
2022,Vermont,deaths,ovary,
2022,Vermont,deaths,pancreas,120.0
2022,Vermont,deaths,prostate,80.0
2022,Virginia,deaths,all_sites,15280.0
2022,Virginia,deaths,brain_nervous_system,440.0
2022,Virginia,deaths,colon_rectum,1370.0
2022,Virginia,deaths,female_breast,1150.0
2022,Virginia,deaths,hodgkin_lymphoma,490.0
2022,Virginia,deaths,leukemia,610.0
2022,Virginia,deaths,liver,710.0
2022,Virginia,deaths,lung_bronchus,3470.0
2022,Virginia,deaths,ovary,350.0
2022,Virginia,deaths,pancreas,1270.0
2022,Virginia,deaths,prostate,940.0
2022,Washington,deaths,all_sites,13270.0
2022,Washington,deaths,brain_nervous_system,470.0
2022,Washington,deaths,colon_rectum,1110.0
2022,Washington,deaths,female_breast,940.0
2022,Washington,deaths,hodgkin_lymphoma,470.0
2022,Washington,deaths,leukemia,530.0
2022,Washington,deaths,liver,730.0
2022,Washington,deaths,lung_bronchus,2720.0
2022,Washington,deaths,ovary,320.0
2022,Washington,deaths,pancreas,1070.0
2022,Washington,deaths,prostate,850.0
2022,West Virginia,deaths,all_sites,4460.0
2022,West Virginia,deaths,brain_nervous_system,120.0
2022,West Virginia,deaths,colon_rectum,440.0
2022,West Virginia,deaths,female_breast,290.0
2022,West Virginia,deaths,hodgkin_lymphoma,170.0
2022,West Virginia,deaths,leukemia,190.0
2022,West Virginia,deaths,liver,170.0
2022,West Virginia,deaths,lung_bronchus,1190.0
2022,West Virginia,deaths,ovary,80.0
2022,West Virginia,deaths,pancreas,340.0
2022,West Virginia,deaths,prostate,190.0
2022,Wisconsin,deaths,all_sites,11570.0
2022,Wisconsin,deaths,brain_nervous_system,370.0
2022,Wisconsin,deaths,colon_rectum,900.0
2022,Wisconsin,deaths,female_breast,720.0
2022,Wisconsin,deaths,hodgkin_lymphoma,460.0
2022,Wisconsin,deaths,leukemia,500.0
2022,Wisconsin,deaths,liver,510.0
2022,Wisconsin,deaths,lung_bronchus,2500.0
2022,Wisconsin,deaths,ovary,240.0
2022,Wisconsin,deaths,pancreas,980.0
2022,Wisconsin,deaths,prostate,740.0
2022,Wyoming,deaths,all_sites,1000.0
2022,Wyoming,deaths,brain_nervous_system,
2022,Wyoming,deaths,colon_rectum,80.0
2022,Wyoming,deaths,female_breast,70.0
2022,Wyoming,deaths,hodgkin_lymphoma,
2022,Wyoming,deaths,leukemia,
2022,Wyoming,deaths,liver,60.0
2022,Wyoming,deaths,lung_bronchus,210.0
2022,Wyoming,deaths,ovary,
2022,Wyoming,deaths,pancreas,90.0
2022,Wyoming,deaths,prostate,60.0
2023,Alabama,cases,all_sites,30730.0
2023,Alabama,cases,colon_rectum,2570.0
2023,Alabama,cases,female_breast,4500.0
2023,Alabama,cases,hodgkin_lymphoma,1030.0
2023,Alabama,cases,leukemia,780.0
2023,Alabama,cases,lung_bronchus,4280.0
2023,Alabama,cases,melanoma_skin,1510.0
2023,Alabama,cases,prostate,5320.0
2023,Alabama,cases,urinary_bladder,1180.0
2023,Alabama,cases,uterine_cervix,240.0
2023,Alabama,cases,uterine_corpus,830.0
2023,Alaska,cases,all_sites,3390.0
2023,Alaska,cases,colon_rectum,330.0
2023,Alaska,cases,female_breast,520.0
2023,Alaska,cases,hodgkin_lymphoma,140.0
2023,Alaska,cases,leukemia,90.0
2023,Alaska,cases,lung_bronchus,450.0
2023,Alaska,cases,melanoma_skin,100.0
2023,Alaska,cases,prostate,470.0
2023,Alaska,cases,urinary_bladder,160.0
2023,Alaska,cases,uterine_cervix,
2023,Alaska,cases,uterine_corpus,110.0
2023,Arizona,cases,all_sites,41120.0
2023,Arizona,cases,colon_rectum,3220.0
2023,Arizona,cases,female_breast,6240.0
2023,Arizona,cases,hodgkin_lymphoma,1710.0
2023,Arizona,cases,leukemia,1190.0
2023,Arizona,cases,lung_bronchus,4450.0
2023,Arizona,cases,melanoma_skin,2800.0
2023,Arizona,cases,prostate,5060.0
2023,Arizona,cases,urinary_bladder,1960.0
2023,Arizona,cases,uterine_cervix,280.0
2023,Arizona,cases,uterine_corpus,1260.0
2023,Arkansas,cases,all_sites,18670.0
2023,Arkansas,cases,colon_rectum,1630.0
2023,Arkansas,cases,female_breast,2510.0
2023,Arkansas,cases,hodgkin_lymphoma,720.0
2023,Arkansas,cases,leukemia,520.0
2023,Arkansas,cases,lung_bronchus,2950.0
2023,Arkansas,cases,melanoma_skin,1080.0
2023,Arkansas,cases,prostate,2500.0
2023,Arkansas,cases,urinary_bladder,750.0
2023,Arkansas,cases,uterine_cervix,160.0
2023,Arkansas,cases,uterine_corpus,520.0
2023,California,cases,all_sites,192770.0
2023,California,cases,colon_rectum,16420.0
2023,California,cases,female_breast,32020.0
2023,California,cases,hodgkin_lymphoma,8280.0
2023,California,cases,leukemia,5510.0
2023,California,cases,lung_bronchus,17040.0
2023,California,cases,melanoma_skin,10950.0
2023,California,cases,prostate,26970.0
2023,California,cases,urinary_bladder,7250.0
2023,California,cases,uterine_cervix,1610.0
2023,California,cases,uterine_corpus,7050.0
2023,Colorado,cases,all_sites,28920.0
2023,Colorado,cases,colon_rectum,2120.0
2023,Colorado,cases,female_breast,4910.0
2023,Colorado,cases,hodgkin_lymphoma,1150.0
2023,Colorado,cases,leukemia,870.0
2023,Colorado,cases,lung_bronchus,2600.0
2023,Colorado,cases,melanoma_skin,2000.0
2023,Colorado,cases,prostate,4220.0
2023,Colorado,cases,urinary_bladder,1220.0
2023,Colorado,cases,uterine_cervix,200.0
2023,Colorado,cases,uterine_corpus,920.0
2023,Connecticut,cases,all_sites,23480.0
2023,Connecticut,cases,colon_rectum,1560.0
2023,Connecticut,cases,female_breast,3620.0
2023,Connecticut,cases,hodgkin_lymphoma,1020.0
2023,Connecticut,cases,leukemia,810.0
2023,Connecticut,cases,lung_bronchus,2750.0
2023,Connecticut,cases,melanoma_skin,830.0
2023,Connecticut,cases,prostate,3990.0
2023,Connecticut,cases,urinary_bladder,1160.0
2023,Connecticut,cases,uterine_cervix,120.0
2023,Connecticut,cases,uterine_corpus,800.0
2023,Delaware,cases,all_sites,7240.0
2023,Delaware,cases,colon_rectum,500.0
2023,Delaware,cases,female_breast,1050.0
2023,Delaware,cases,hodgkin_lymphoma,310.0
2023,Delaware,cases,leukemia,200.0
2023,Delaware,cases,lung_bronchus,920.0
2023,Delaware,cases,melanoma_skin,350.0
2023,Delaware,cases,prostate,1330.0
2023,Delaware,cases,urinary_bladder,350.0
2023,Delaware,cases,uterine_cervix,50.0
2023,Delaware,cases,uterine_corpus,250.0
2023,District of Columbia,cases,all_sites,3520.0
2023,District of Columbia,cases,colon_rectum,240.0
2023,District of Columbia,cases,female_breast,570.0
2023,District of Columbia,cases,hodgkin_lymphoma,120.0
2023,District of Columbia,cases,leukemia,60.0
2023,District of Columbia,cases,lung_bronchus,350.0
2023,District of Columbia,cases,melanoma_skin,80.0
2023,District of Columbia,cases,prostate,540.0
2023,District of Columbia,cases,urinary_bladder,110.0
2023,District of Columbia,cases,uterine_cervix,
2023,District of Columbia,cases,uterine_corpus,130.0
2023,Florida,cases,all_sites,162410.0
2023,Florida,cases,colon_rectum,11750.0
2023,Florida,cases,female_breast,22670.0
2023,Florida,cases,hodgkin_lymphoma,8200.0
2023,Florida,cases,leukemia,6080.0
2023,Florida,cases,lung_bronchus,19340.0
2023,Florida,cases,melanoma_skin,9640.0
2023,Florida,cases,prostate,24000.0
2023,Florida,cases,urinary_bladder,7210.0
2023,Florida,cases,uterine_cervix,1200.0
2023,Florida,cases,uterine_corpus,5050.0
2023,Georgia,cases,all_sites,61170.0
2023,Georgia,cases,colon_rectum,4880.0
2023,Georgia,cases,female_breast,9440.0
2023,Georgia,cases,hodgkin_lymphoma,2090.0
2023,Georgia,cases,leukemia,1700.0
2023,Georgia,cases,lung_bronchus,7610.0
2023,Georgia,cases,melanoma_skin,3310.0
2023,Georgia,cases,prostate,9140.0
2023,Georgia,cases,urinary_bladder,2160.0
2023,Georgia,cases,uterine_cervix,470.0
2023,Georgia,cases,uterine_corpus,1760.0
2023,Hawaii,cases,all_sites,8460.0
2023,Hawaii,cases,colon_rectum,770.0
2023,Hawaii,cases,female_breast,1480.0
2023,Hawaii,cases,hodgkin_lymphoma,330.0
2023,Hawaii,cases,leukemia,210.0
2023,Hawaii,cases,lung_bronchus,930.0
2023,Hawaii,cases,melanoma_skin,520.0
2023,Hawaii,cases,prostate,1190.0
2023,Hawaii,cases,urinary_bladder,300.0
2023,Hawaii,cases,uterine_cervix,50.0
2023,Hawaii,cases,uterine_corpus,340.0
2023,Idaho,cases,all_sites,10810.0
2023,Idaho,cases,colon_rectum,810.0
2023,Idaho,cases,female_breast,1560.0
2023,Idaho,cases,hodgkin_lymphoma,440.0
2023,Idaho,cases,leukemia,380.0
2023,Idaho,cases,lung_bronchus,1080.0
2023,Idaho,cases,melanoma_skin,760.0
2023,Idaho,cases,prostate,1700.0
2023,Idaho,cases,urinary_bladder,540.0
2023,Idaho,cases,uterine_cervix,70.0
2023,Idaho,cases,uterine_corpus,350.0
2023,Illinois,cases,all_sites,74580.0
2023,Illinois,cases,colon_rectum,6200.0
2023,Illinois,cases,female_breast,11530.0
2023,Illinois,cases,hodgkin_lymphoma,2990.0
2023,Illinois,cases,leukemia,2090.0
2023,Illinois,cases,lung_bronchus,9670.0
2023,Illinois,cases,melanoma_skin,3380.0
2023,Illinois,cases,prostate,10580.0
2023,Illinois,cases,urinary_bladder,3160.0
2023,Illinois,cases,uterine_cervix,520.0
2023,Illinois,cases,uterine_corpus,2770.0
2023,Indiana,cases,all_sites,40270.0
2023,Indiana,cases,colon_rectum,3430.0
2023,Indiana,cases,female_breast,5810.0
2023,Indiana,cases,hodgkin_lymphoma,1580.0
2023,Indiana,cases,leukemia,1230.0
2023,Indiana,cases,lung_bronchus,6020.0
2023,Indiana,cases,melanoma_skin,2180.0
2023,Indiana,cases,prostate,5580.0
2023,Indiana,cases,urinary_bladder,1780.0
2023,Indiana,cases,uterine_cervix,280.0
2023,Indiana,cases,uterine_corpus,1340.0
2023,Iowa,cases,all_sites,20460.0
2023,Iowa,cases,colon_rectum,1630.0
2023,Iowa,cases,female_breast,2810.0
2023,Iowa,cases,hodgkin_lymphoma,860.0
2023,Iowa,cases,leukemia,740.0
2023,Iowa,cases,lung_bronchus,2680.0
2023,Iowa,cases,melanoma_skin,1310.0
2023,Iowa,cases,prostate,2970.0
2023,Iowa,cases,urinary_bladder,940.0
2023,Iowa,cases,uterine_cervix,120.0
2023,Iowa,cases,uterine_corpus,690.0
2023,Kansas,cases,all_sites,16840.0
2023,Kansas,cases,colon_rectum,1430.0
2023,Kansas,cases,female_breast,2470.0
2023,Kansas,cases,hodgkin_lymphoma,680.0
2023,Kansas,cases,leukemia,500.0
2023,Kansas,cases,lung_bronchus,2240.0
2023,Kansas,cases,melanoma_skin,640.0
2023,Kansas,cases,prostate,2680.0
2023,Kansas,cases,urinary_bladder,720.0
2023,Kansas,cases,uterine_cervix,120.0
2023,Kansas,cases,uterine_corpus,550.0
2023,Kentucky,cases,all_sites,30270.0
2023,Kentucky,cases,colon_rectum,2640.0
2023,Kentucky,cases,female_breast,4030.0
2023,Kentucky,cases,hodgkin_lymphoma,1120.0
2023,Kentucky,cases,leukemia,850.0
2023,Kentucky,cases,lung_bronchus,5170.0
2023,Kentucky,cases,melanoma_skin,1490.0
2023,Kentucky,cases,prostate,3520.0
2023,Kentucky,cases,urinary_bladder,1240.0
2023,Kentucky,cases,uterine_cervix,230.0
2023,Kentucky,cases,uterine_corpus,830.0
2023,Louisiana,cases,all_sites,28580.0
2023,Louisiana,cases,colon_rectum,2560.0
2023,Louisiana,cases,female_breast,4050.0
2023,Louisiana,cases,hodgkin_lymphoma,1040.0
2023,Louisiana,cases,leukemia,820.0
2023,Louisiana,cases,lung_bronchus,3850.0
2023,Louisiana,cases,melanoma_skin,1260.0
2023,Louisiana,cases,prostate,4970.0
2023,Louisiana,cases,urinary_bladder,1060.0
2023,Louisiana,cases,uterine_cervix,230.0
2023,Louisiana,cases,uterine_corpus,820.0
2023,Maine,cases,all_sites,10490.0
2023,Maine,cases,colon_rectum,690.0
2023,Maine,cases,female_breast,1450.0
2023,Maine,cases,hodgkin_lymphoma,450.0
2023,Maine,cases,leukemia,340.0
2023,Maine,cases,lung_bronchus,1550.0
2023,Maine,cases,melanoma_skin,490.0
2023,Maine,cases,prostate,1210.0
2023,Maine,cases,urinary_bladder,580.0
2023,Maine,cases,uterine_cervix,
2023,Maine,cases,uterine_corpus,390.0
2023,Maryland,cases,all_sites,35200.0
2023,Maryland,cases,colon_rectum,2560.0
2023,Maryland,cases,female_breast,5760.0
2023,Maryland,cases,hodgkin_lymphoma,1380.0
2023,Maryland,cases,leukemia,1050.0
2023,Maryland,cases,lung_bronchus,4290.0
2023,Maryland,cases,melanoma_skin,1840.0
2023,Maryland,cases,prostate,5980.0
2023,Maryland,cases,urinary_bladder,1340.0
2023,Maryland,cases,uterine_cervix,230.0
2023,Maryland,cases,uterine_corpus,1320.0
2023,Massachusetts,cases,all_sites,42880.0
2023,Massachusetts,cases,colon_rectum,2880.0
2023,Massachusetts,cases,female_breast,6770.0
2023,Massachusetts,cases,hodgkin_lymphoma,1750.0
2023,Massachusetts,cases,leukemia,1280.0
2023,Massachusetts,cases,lung_bronchus,5790.0
2023,Massachusetts,cases,melanoma_skin,1540.0
2023,Massachusetts,cases,prostate,6430.0
2023,Massachusetts,cases,urinary_bladder,1890.0
2023,Massachusetts,cases,uterine_cervix,210.0
2023,Massachusetts,cases,uterine_corpus,1470.0
2023,Michigan,cases,all_sites,61910.0
2023,Michigan,cases,colon_rectum,4630.0
2023,Michigan,cases,female_breast,8980.0
2023,Michigan,cases,hodgkin_lymphoma,2580.0
2023,Michigan,cases,leukemia,1820.0
2023,Michigan,cases,lung_bronchus,8690.0
2023,Michigan,cases,melanoma_skin,2680.0
2023,Michigan,cases,prostate,8360.0
2023,Michigan,cases,urinary_bladder,2980.0
2023,Michigan,cases,uterine_cervix,380.0
2023,Michigan,cases,uterine_corpus,2420.0
2023,Minnesota,cases,all_sites,34380.0
2023,Minnesota,cases,colon_rectum,2430.0
2023,Minnesota,cases,female_breast,5220.0
2023,Minnesota,cases,hodgkin_lymphoma,1510.0
2023,Minnesota,cases,leukemia,1200.0
2023,Minnesota,cases,lung_bronchus,3970.0
2023,Minnesota,cases,melanoma_skin,1140.0
2023,Minnesota,cases,prostate,4880.0
2023,Minnesota,cases,urinary_bladder,1530.0
2023,Minnesota,cases,uterine_cervix,150.0
2023,Minnesota,cases,uterine_corpus,1190.0
2023,Mississippi,cases,all_sites,18210.0
2023,Mississippi,cases,colon_rectum,1750.0
2023,Mississippi,cases,female_breast,2610.0
2023,Mississippi,cases,hodgkin_lymphoma,600.0
2023,Mississippi,cases,leukemia,460.0
2023,Mississippi,cases,lung_bronchus,2830.0
2023,Mississippi,cases,melanoma_skin,720.0
2023,Mississippi,cases,prostate,2790.0
2023,Mississippi,cases,urinary_bladder,620.0
2023,Mississippi,cases,uterine_cervix,150.0
2023,Mississippi,cases,uterine_corpus,530.0
2023,Missouri,cases,all_sites,37910.0
2023,Missouri,cases,colon_rectum,3030.0
2023,Missouri,cases,female_breast,5700.0
2023,Missouri,cases,hodgkin_lymphoma,1500.0
2023,Missouri,cases,leukemia,1190.0
2023,Missouri,cases,lung_bronchus,5760.0
2023,Missouri,cases,melanoma_skin,1610.0
2023,Missouri,cases,prostate,5000.0
2023,Missouri,cases,urinary_bladder,1570.0
2023,Missouri,cases,uterine_cervix,280.0
2023,Missouri,cases,uterine_corpus,1320.0
2023,Montana,cases,all_sites,7100.0
2023,Montana,cases,colon_rectum,540.0
2023,Montana,cases,female_breast,1030.0
2023,Montana,cases,hodgkin_lymphoma,290.0
2023,Montana,cases,leukemia,220.0
2023,Montana,cases,lung_bronchus,720.0
2023,Montana,cases,melanoma_skin,550.0
2023,Montana,cases,prostate,1370.0
2023,Montana,cases,urinary_bladder,350.0
2023,Montana,cases,uterine_cervix,
2023,Montana,cases,uterine_corpus,220.0
2023,Nebraska,cases,all_sites,11530.0
2023,Nebraska,cases,colon_rectum,950.0
2023,Nebraska,cases,female_breast,1670.0
2023,Nebraska,cases,hodgkin_lymphoma,470.0
2023,Nebraska,cases,leukemia,380.0
2023,Nebraska,cases,lung_bronchus,1340.0
2023,Nebraska,cases,melanoma_skin,640.0
2023,Nebraska,cases,prostate,2180.0
2023,Nebraska,cases,urinary_bladder,470.0
2023,Nebraska,cases,uterine_cervix,60.0
2023,Nebraska,cases,uterine_corpus,370.0
2023,Nevada,cases,all_sites,17370.0
2023,Nevada,cases,colon_rectum,1490.0
2023,Nevada,cases,female_breast,2620.0
2023,Nevada,cases,hodgkin_lymphoma,720.0
2023,Nevada,cases,leukemia,540.0
2023,Nevada,cases,lung_bronchus,2030.0
2023,Nevada,cases,melanoma_skin,800.0
2023,Nevada,cases,prostate,2180.0
2023,Nevada,cases,urinary_bladder,820.0
2023,Nevada,cases,uterine_cervix,150.0
2023,Nevada,cases,uterine_corpus,550.0
2023,New Hampshire,cases,all_sites,9580.0
2023,New Hampshire,cases,colon_rectum,650.0
2023,New Hampshire,cases,female_breast,1390.0
2023,New Hampshire,cases,hodgkin_lymphoma,410.0
2023,New Hampshire,cases,leukemia,290.0
2023,New Hampshire,cases,lung_bronchus,1280.0
2023,New Hampshire,cases,melanoma_skin,560.0
2023,New Hampshire,cases,prostate,1410.0
2023,New Hampshire,cases,urinary_bladder,520.0
2023,New Hampshire,cases,uterine_cervix,
2023,New Hampshire,cases,uterine_corpus,360.0
2023,New Jersey,cases,all_sites,56150.0
2023,New Jersey,cases,colon_rectum,4220.0
2023,New Jersey,cases,female_breast,8580.0
2023,New Jersey,cases,hodgkin_lymphoma,2420.0
2023,New Jersey,cases,leukemia,1790.0
2023,New Jersey,cases,lung_bronchus,5920.0
2023,New Jersey,cases,melanoma_skin,2250.0
2023,New Jersey,cases,prostate,9460.0
2023,New Jersey,cases,urinary_bladder,2540.0
2023,New Jersey,cases,uterine_cervix,350.0
2023,New Jersey,cases,uterine_corpus,2120.0
2023,New Mexico,cases,all_sites,11280.0
2023,New Mexico,cases,colon_rectum,940.0
2023,New Mexico,cases,female_breast,1730.0
2023,New Mexico,cases,hodgkin_lymphoma,470.0
2023,New Mexico,cases,leukemia,350.0
2023,New Mexico,cases,lung_bronchus,960.0
2023,New Mexico,cases,melanoma_skin,610.0
2023,New Mexico,cases,prostate,1680.0
2023,New Mexico,cases,urinary_bladder,410.0
2023,New Mexico,cases,uterine_cervix,100.0
2023,New Mexico,cases,uterine_corpus,360.0
2023,New York,cases,all_sites,123810.0
2023,New York,cases,colon_rectum,8970.0
2023,New York,cases,female_breast,18780.0
2023,New York,cases,hodgkin_lymphoma,5150.0
2023,New York,cases,leukemia,3560.0
2023,New York,cases,lung_bronchus,14150.0
2023,New York,cases,melanoma_skin,4000.0
2023,New York,cases,prostate,20390.0
2023,New York,cases,urinary_bladder,5440.0
2023,New York,cases,uterine_cervix,850.0
2023,New York,cases,uterine_corpus,4620.0
2023,North Carolina,cases,all_sites,67690.0
2023,North Carolina,cases,colon_rectum,4740.0
2023,North Carolina,cases,female_breast,10730.0
2023,North Carolina,cases,hodgkin_lymphoma,2560.0
2023,North Carolina,cases,leukemia,2100.0
2023,North Carolina,cases,lung_bronchus,8810.0
2023,North Carolina,cases,melanoma_skin,3950.0
2023,North Carolina,cases,prostate,10040.0
2023,North Carolina,cases,urinary_bladder,2760.0
2023,North Carolina,cases,uterine_cervix,420.0
2023,North Carolina,cases,uterine_corpus,2180.0
2023,North Dakota,cases,all_sites,4370.0
2023,North Dakota,cases,colon_rectum,370.0
2023,North Dakota,cases,female_breast,610.0
2023,North Dakota,cases,hodgkin_lymphoma,170.0
2023,North Dakota,cases,leukemia,160.0
2023,North Dakota,cases,lung_bronchus,530.0
2023,North Dakota,cases,melanoma_skin,290.0
2023,North Dakota,cases,prostate,740.0
2023,North Dakota,cases,urinary_bladder,200.0
2023,North Dakota,cases,uterine_cervix,
2023,North Dakota,cases,uterine_corpus,120.0
2023,Ohio,cases,all_sites,74140.0
2023,Ohio,cases,colon_rectum,5910.0
2023,Ohio,cases,female_breast,11200.0
2023,Ohio,cases,hodgkin_lymphoma,2900.0
2023,Ohio,cases,leukemia,1980.0
2023,Ohio,cases,lung_bronchus,10680.0
2023,Ohio,cases,melanoma_skin,3880.0
2023,Ohio,cases,prostate,10980.0
2023,Ohio,cases,urinary_bladder,3400.0
2023,Ohio,cases,uterine_cervix,510.0
2023,Ohio,cases,uterine_corpus,2570.0
2023,Oklahoma,cases,all_sites,23420.0
2023,Oklahoma,cases,colon_rectum,1950.0
2023,Oklahoma,cases,female_breast,3330.0
2023,Oklahoma,cases,hodgkin_lymphoma,890.0
2023,Oklahoma,cases,leukemia,710.0
2023,Oklahoma,cases,lung_bronchus,3390.0
2023,Oklahoma,cases,melanoma_skin,1220.0
2023,Oklahoma,cases,prostate,3100.0
2023,Oklahoma,cases,urinary_bladder,920.0
2023,Oklahoma,cases,uterine_cervix,200.0
2023,Oklahoma,cases,uterine_corpus,700.0
2023,Oregon,cases,all_sites,26030.0
2023,Oregon,cases,colon_rectum,1840.0
2023,Oregon,cases,female_breast,4220.0
2023,Oregon,cases,hodgkin_lymphoma,1090.0
2023,Oregon,cases,leukemia,680.0
2023,Oregon,cases,lung_bronchus,3030.0
2023,Oregon,cases,melanoma_skin,1540.0
2023,Oregon,cases,prostate,3400.0
2023,Oregon,cases,urinary_bladder,1210.0
2023,Oregon,cases,uterine_cervix,140.0
2023,Oregon,cases,uterine_corpus,830.0
2023,Pennsylvania,cases,all_sites,88450.0
2023,Pennsylvania,cases,colon_rectum,6610.0
2023,Pennsylvania,cases,female_breast,12830.0
2023,Pennsylvania,cases,hodgkin_lymphoma,3690.0
2023,Pennsylvania,cases,leukemia,2600.0
2023,Pennsylvania,cases,lung_bronchus,11320.0
2023,Pennsylvania,cases,melanoma_skin,3630.0
2023,Pennsylvania,cases,prostate,13210.0
2023,Pennsylvania,cases,urinary_bladder,4270.0
2023,Pennsylvania,cases,uterine_cervix,510.0
2023,Pennsylvania,cases,uterine_corpus,3330.0
2023,Rhode Island,cases,all_sites,7030.0
2023,Rhode Island,cases,colon_rectum,470.0
2023,Rhode Island,cases,female_breast,1050.0
2023,Rhode Island,cases,hodgkin_lymphoma,310.0
2023,Rhode Island,cases,leukemia,220.0
2023,Rhode Island,cases,lung_bronchus,940.0
2023,Rhode Island,cases,melanoma_skin,290.0
2023,Rhode Island,cases,prostate,1030.0
2023,Rhode Island,cases,urinary_bladder,340.0
2023,Rhode Island,cases,uterine_cervix,
2023,Rhode Island,cases,uterine_corpus,260.0
2023,South Carolina,cases,all_sites,33890.0
2023,South Carolina,cases,colon_rectum,2550.0
2023,South Carolina,cases,female_breast,5430.0
2023,South Carolina,cases,hodgkin_lymphoma,1230.0
2023,South Carolina,cases,leukemia,890.0
2023,South Carolina,cases,lung_bronchus,4650.0
2023,South Carolina,cases,melanoma_skin,1800.0
2023,South Carolina,cases,prostate,5770.0
2023,South Carolina,cases,urinary_bladder,1390.0
2023,South Carolina,cases,uterine_cervix,240.0
2023,South Carolina,cases,uterine_corpus,1040.0
2023,South Dakota,cases,all_sites,5340.0
2023,South Dakota,cases,colon_rectum,440.0
2023,South Dakota,cases,female_breast,760.0
2023,South Dakota,cases,hodgkin_lymphoma,220.0
2023,South Dakota,cases,leukemia,190.0
2023,South Dakota,cases,lung_bronchus,690.0
2023,South Dakota,cases,melanoma_skin,310.0
2023,South Dakota,cases,prostate,1040.0
2023,South Dakota,cases,urinary_bladder,240.0
2023,South Dakota,cases,uterine_cervix,
2023,South Dakota,cases,uterine_corpus,170.0
2023,Tennessee,cases,all_sites,43790.0
2023,Tennessee,cases,colon_rectum,3450.0
2023,Tennessee,cases,female_breast,6210.0
2023,Tennessee,cases,hodgkin_lymphoma,1600.0
2023,Tennessee,cases,leukemia,1200.0
2023,Tennessee,cases,lung_bronchus,6580.0
2023,Tennessee,cases,melanoma_skin,1990.0
2023,Tennessee,cases,prostate,6280.0
2023,Tennessee,cases,urinary_bladder,1730.0
2023,Tennessee,cases,uterine_cervix,320.0
2023,Tennessee,cases,uterine_corpus,1320.0
2023,Texas,cases,all_sites,139100.0
2023,Texas,cases,colon_rectum,12220.0
2023,Texas,cases,female_breast,22280.0
2023,Texas,cases,hodgkin_lymphoma,5540.0
2023,Texas,cases,leukemia,4780.0
2023,Texas,cases,lung_bronchus,14510.0
2023,Texas,cases,melanoma_skin,5530.0
2023,Texas,cases,prostate,17230.0
2023,Texas,cases,urinary_bladder,4490.0
2023,Texas,cases,uterine_cervix,1510.0
2023,Texas,cases,uterine_corpus,4460.0
2023,US,cases,all_sites,1958310.0
2023,US,cases,colon_rectum,153020.0
2023,US,cases,female_breast,297790.0
2023,US,cases,hodgkin_lymphoma,80550.0
2023,US,cases,leukemia,59610.0
2023,US,cases,lung_bronchus,238340.0
2023,US,cases,melanoma_skin,97610.0
2023,US,cases,prostate,288300.0
2023,US,cases,urinary_bladder,82290.0
2023,US,cases,uterine_cervix,13960.0
2023,US,cases,uterine_corpus,66200.0
2023,Utah,cases,all_sites,13840.0
2023,Utah,cases,colon_rectum,940.0
2023,Utah,cases,female_breast,2030.0
2023,Utah,cases,hodgkin_lymphoma,510.0
2023,Utah,cases,leukemia,440.0
2023,Utah,cases,lung_bronchus,800.0
2023,Utah,cases,melanoma_skin,1550.0
2023,Utah,cases,prostate,2500.0
2023,Utah,cases,urinary_bladder,500.0
2023,Utah,cases,uterine_cervix,90.0
2023,Utah,cases,uterine_corpus,470.0
2023,Vermont,cases,all_sites,4370.0
2023,Vermont,cases,colon_rectum,300.0
2023,Vermont,cases,female_breast,630.0
2023,Vermont,cases,hodgkin_lymphoma,210.0
2023,Vermont,cases,leukemia,130.0
2023,Vermont,cases,lung_bronchus,590.0
2023,Vermont,cases,melanoma_skin,230.0
2023,Vermont,cases,prostate,630.0
2023,Vermont,cases,urinary_bladder,200.0
2023,Vermont,cases,uterine_cervix,
2023,Vermont,cases,uterine_corpus,150.0
2023,Virginia,cases,all_sites,47100.0
2023,Virginia,cases,colon_rectum,3630.0
2023,Virginia,cases,female_breast,7810.0
2023,Virginia,cases,hodgkin_lymphoma,1910.0
2023,Virginia,cases,leukemia,1230.0
2023,Virginia,cases,lung_bronchus,6010.0
2023,Virginia,cases,melanoma_skin,2360.0
2023,Virginia,cases,prostate,7580.0
2023,Virginia,cases,urinary_bladder,1830.0
2023,Virginia,cases,uterine_cervix,310.0
2023,Virginia,cases,uterine_corpus,1590.0
2023,Washington,cases,all_sites,44630.0
2023,Washington,cases,colon_rectum,3160.0
2023,Washington,cases,female_breast,7050.0
2023,Washington,cases,hodgkin_lymphoma,1900.0
2023,Washington,cases,leukemia,1360.0
2023,Washington,cases,lung_bronchus,5030.0
2023,Washington,cases,melanoma_skin,2680.0
2023,Washington,cases,prostate,6450.0
2023,Washington,cases,urinary_bladder,1940.0
2023,Washington,cases,uterine_cervix,270.0
2023,Washington,cases,uterine_corpus,1430.0
2023,West Virginia,cases,all_sites,12840.0
2023,West Virginia,cases,colon_rectum,1120.0
2023,West Virginia,cases,female_breast,1620.0
2023,West Virginia,cases,hodgkin_lymphoma,550.0
2023,West Virginia,cases,leukemia,390.0
2023,West Virginia,cases,lung_bronchus,2170.0
2023,West Virginia,cases,melanoma_skin,560.0
2023,West Virginia,cases,prostate,1780.0
2023,West Virginia,cases,urinary_bladder,620.0
2023,West Virginia,cases,uterine_cervix,90.0
2023,West Virginia,cases,uterine_corpus,450.0
2023,Wisconsin,cases,all_sites,37640.0
2023,Wisconsin,cases,colon_rectum,2650.0
2023,Wisconsin,cases,female_breast,5460.0
2023,Wisconsin,cases,hodgkin_lymphoma,1630.0
2023,Wisconsin,cases,leukemia,1320.0
2023,Wisconsin,cases,lung_bronchus,4630.0
2023,Wisconsin,cases,melanoma_skin,1970.0
2023,Wisconsin,cases,prostate,5800.0
2023,Wisconsin,cases,urinary_bladder,1780.0
2023,Wisconsin,cases,uterine_cervix,180.0
2023,Wisconsin,cases,uterine_corpus,1390.0
2023,Wyoming,cases,all_sites,3170.0
2023,Wyoming,cases,colon_rectum,260.0
2023,Wyoming,cases,female_breast,460.0
2023,Wyoming,cases,hodgkin_lymphoma,110.0
2023,Wyoming,cases,leukemia,90.0
2023,Wyoming,cases,lung_bronchus,330.0
2023,Wyoming,cases,melanoma_skin,210.0
2023,Wyoming,cases,prostate,690.0
2023,Wyoming,cases,urinary_bladder,170.0
2023,Wyoming,cases,uterine_cervix,
2023,Wyoming,cases,uterine_corpus,110.0
2023,Alabama,deaths,all_sites,10640.0
2023,Alabama,deaths,brain_nervous_system,330.0
2023,Alabama,deaths,colon_rectum,900.0
2023,Alabama,deaths,female_breast,720.0
2023,Alabama,deaths,hodgkin_lymphoma,290.0
2023,Alabama,deaths,leukemia,370.0
2023,Alabama,deaths,liver,520.0
2023,Alabama,deaths,lung_bronchus,2610.0
2023,Alabama,deaths,ovary,200.0
2023,Alabama,deaths,pancreas,840.0
2023,Alabama,deaths,prostate,540.0
2023,Alaska,deaths,all_sites,1150.0
2023,Alaska,deaths,brain_nervous_system,
2023,Alaska,deaths,colon_rectum,110.0
2023,Alaska,deaths,female_breast,60.0
2023,Alaska,deaths,hodgkin_lymphoma,
2023,Alaska,deaths,leukemia,
2023,Alaska,deaths,liver,70.0
2023,Alaska,deaths,lung_bronchus,220.0
2023,Alaska,deaths,ovary,
2023,Alaska,deaths,pancreas,90.0
2023,Alaska,deaths,prostate,60.0
2023,Arizona,deaths,all_sites,13460.0
2023,Arizona,deaths,brain_nervous_system,420.0
2023,Arizona,deaths,colon_rectum,1300.0
2023,Arizona,deaths,female_breast,920.0
2023,Arizona,deaths,hodgkin_lymphoma,430.0
2023,Arizona,deaths,leukemia,530.0
2023,Arizona,deaths,liver,690.0
2023,Arizona,deaths,lung_bronchus,2290.0
2023,Arizona,deaths,ovary,320.0
2023,Arizona,deaths,pancreas,1140.0
2023,Arizona,deaths,prostate,850.0
2023,Arkansas,deaths,all_sites,6340.0
2023,Arkansas,deaths,brain_nervous_system,190.0
2023,Arkansas,deaths,colon_rectum,550.0
2023,Arkansas,deaths,female_breast,390.0
2023,Arkansas,deaths,hodgkin_lymphoma,190.0
2023,Arkansas,deaths,leukemia,200.0
2023,Arkansas,deaths,liver,310.0
2023,Arkansas,deaths,lung_bronchus,1680.0
2023,Arkansas,deaths,ovary,120.0
2023,Arkansas,deaths,pancreas,460.0
2023,Arkansas,deaths,prostate,340.0
2023,California,deaths,all_sites,59830.0
2023,California,deaths,brain_nervous_system,2180.0
2023,California,deaths,colon_rectum,5530.0
2023,California,deaths,female_breast,4680.0
2023,California,deaths,hodgkin_lymphoma,2180.0
2023,California,deaths,leukemia,2290.0
2023,California,deaths,liver,3450.0
2023,California,deaths,lung_bronchus,9380.0
2023,California,deaths,ovary,1450.0
2023,California,deaths,pancreas,4970.0
2023,California,deaths,prostate,4090.0
2023,Colorado,deaths,all_sites,8650.0
2023,Colorado,deaths,brain_nervous_system,310.0
2023,Colorado,deaths,colon_rectum,740.0
2023,Colorado,deaths,female_breast,690.0
2023,Colorado,deaths,hodgkin_lymphoma,280.0
2023,Colorado,deaths,leukemia,340.0
2023,Colorado,deaths,liver,430.0
2023,Colorado,deaths,lung_bronchus,1450.0
2023,Colorado,deaths,ovary,210.0
2023,Colorado,deaths,pancreas,790.0
2023,Colorado,deaths,prostate,740.0
2023,Connecticut,deaths,all_sites,6440.0
2023,Connecticut,deaths,brain_nervous_system,230.0
2023,Connecticut,deaths,colon_rectum,550.0
2023,Connecticut,deaths,female_breast,480.0
2023,Connecticut,deaths,hodgkin_lymphoma,230.0
2023,Connecticut,deaths,leukemia,290.0
2023,Connecticut,deaths,liver,320.0
2023,Connecticut,deaths,lung_bronchus,1320.0
2023,Connecticut,deaths,ovary,160.0
2023,Connecticut,deaths,pancreas,540.0
2023,Connecticut,deaths,prostate,400.0
2023,Delaware,deaths,all_sites,2230.0
2023,Delaware,deaths,brain_nervous_system,60.0
2023,Delaware,deaths,colon_rectum,170.0
2023,Delaware,deaths,female_breast,160.0
2023,Delaware,deaths,hodgkin_lymphoma,80.0
2023,Delaware,deaths,leukemia,90.0
2023,Delaware,deaths,liver,90.0
2023,Delaware,deaths,lung_bronchus,500.0
2023,Delaware,deaths,ovary,50.0
2023,Delaware,deaths,pancreas,210.0
2023,Delaware,deaths,prostate,100.0
2023,District of Columbia,deaths,all_sites,990.0
2023,District of Columbia,deaths,brain_nervous_system,
2023,District of Columbia,deaths,colon_rectum,90.0
2023,District of Columbia,deaths,female_breast,60.0
2023,District of Columbia,deaths,hodgkin_lymphoma,
2023,District of Columbia,deaths,leukemia,
2023,District of Columbia,deaths,liver,80.0
2023,District of Columbia,deaths,lung_bronchus,160.0
2023,District of Columbia,deaths,ovary,
2023,District of Columbia,deaths,pancreas,100.0
2023,District of Columbia,deaths,prostate,70.0
2023,Florida,deaths,all_sites,47410.0
2023,Florida,deaths,brain_nervous_system,1450.0
2023,Florida,deaths,colon_rectum,3810.0
2023,Florida,deaths,female_breast,3170.0
2023,Florida,deaths,hodgkin_lymphoma,1580.0
2023,Florida,deaths,leukemia,1970.0
2023,Florida,deaths,liver,2230.0
2023,Florida,deaths,lung_bronchus,10230.0
2023,Florida,deaths,ovary,1060.0
2023,Florida,deaths,pancreas,3910.0
2023,Florida,deaths,prostate,2650.0
2023,Georgia,deaths,all_sites,18510.0
2023,Georgia,deaths,brain_nervous_system,590.0
2023,Georgia,deaths,colon_rectum,1640.0
2023,Georgia,deaths,female_breast,1400.0
2023,Georgia,deaths,hodgkin_lymphoma,500.0
2023,Georgia,deaths,leukemia,660.0
2023,Georgia,deaths,liver,820.0
2023,Georgia,deaths,lung_bronchus,4060.0
2023,Georgia,deaths,ovary,430.0
2023,Georgia,deaths,pancreas,1520.0
2023,Georgia,deaths,prostate,1020.0
2023,Hawaii,deaths,all_sites,2620.0
2023,Hawaii,deaths,brain_nervous_system,60.0
2023,Hawaii,deaths,colon_rectum,240.0
2023,Hawaii,deaths,female_breast,180.0
2023,Hawaii,deaths,hodgkin_lymphoma,90.0
2023,Hawaii,deaths,leukemia,90.0
2023,Hawaii,deaths,liver,170.0
2023,Hawaii,deaths,lung_bronchus,480.0
2023,Hawaii,deaths,ovary,50.0
2023,Hawaii,deaths,pancreas,240.0
2023,Hawaii,deaths,prostate,150.0
2023,Idaho,deaths,all_sites,3120.0
2023,Idaho,deaths,brain_nervous_system,100.0
2023,Idaho,deaths,colon_rectum,270.0
2023,Idaho,deaths,female_breast,160.0
2023,Idaho,deaths,hodgkin_lymphoma,120.0
2023,Idaho,deaths,leukemia,140.0
2023,Idaho,deaths,liver,170.0
2023,Idaho,deaths,lung_bronchus,580.0
2023,Idaho,deaths,ovary,80.0
2023,Idaho,deaths,pancreas,280.0
2023,Idaho,deaths,prostate,200.0
2023,Illinois,deaths,all_sites,23380.0
2023,Illinois,deaths,brain_nervous_system,680.0
2023,Illinois,deaths,colon_rectum,2110.0
2023,Illinois,deaths,female_breast,1720.0
2023,Illinois,deaths,hodgkin_lymphoma,780.0
2023,Illinois,deaths,leukemia,910.0
2023,Illinois,deaths,liver,1080.0
2023,Illinois,deaths,lung_bronchus,5000.0
2023,Illinois,deaths,ovary,550.0
2023,Illinois,deaths,pancreas,2080.0
2023,Illinois,deaths,prostate,1270.0
2023,Indiana,deaths,all_sites,13660.0
2023,Indiana,deaths,brain_nervous_system,330.0
2023,Indiana,deaths,colon_rectum,1170.0
2023,Indiana,deaths,female_breast,930.0
2023,Indiana,deaths,hodgkin_lymphoma,460.0
2023,Indiana,deaths,leukemia,510.0
2023,Indiana,deaths,liver,650.0
2023,Indiana,deaths,lung_bronchus,3250.0
2023,Indiana,deaths,ovary,260.0
2023,Indiana,deaths,pancreas,1170.0
2023,Indiana,deaths,prostate,760.0
2023,Iowa,deaths,all_sites,6310.0
2023,Iowa,deaths,brain_nervous_system,190.0
2023,Iowa,deaths,colon_rectum,540.0
2023,Iowa,deaths,female_breast,380.0
2023,Iowa,deaths,hodgkin_lymphoma,200.0
2023,Iowa,deaths,leukemia,260.0
2023,Iowa,deaths,liver,230.0
2023,Iowa,deaths,lung_bronchus,1410.0
2023,Iowa,deaths,ovary,140.0
2023,Iowa,deaths,pancreas,460.0
2023,Iowa,deaths,prostate,370.0
2023,Kansas,deaths,all_sites,5690.0
2023,Kansas,deaths,brain_nervous_system,190.0
2023,Kansas,deaths,colon_rectum,500.0
2023,Kansas,deaths,female_breast,370.0
2023,Kansas,deaths,hodgkin_lymphoma,190.0
2023,Kansas,deaths,leukemia,240.0
2023,Kansas,deaths,liver,250.0
2023,Kansas,deaths,lung_bronchus,1330.0
2023,Kansas,deaths,ovary,120.0
2023,Kansas,deaths,pancreas,410.0
2023,Kansas,deaths,prostate,280.0
2023,Kentucky,deaths,all_sites,10090.0
2023,Kentucky,deaths,brain_nervous_system,280.0
2023,Kentucky,deaths,colon_rectum,890.0
2023,Kentucky,deaths,female_breast,790.0
2023,Kentucky,deaths,hodgkin_lymphoma,320.0
2023,Kentucky,deaths,leukemia,400.0
2023,Kentucky,deaths,liver,380.0
2023,Kentucky,deaths,lung_bronchus,2710.0
2023,Kentucky,deaths,ovary,160.0
2023,Kentucky,deaths,pancreas,740.0
2023,Kentucky,deaths,prostate,410.0
2023,Louisiana,deaths,all_sites,9420.0
2023,Louisiana,deaths,brain_nervous_system,250.0
2023,Louisiana,deaths,colon_rectum,870.0
2023,Louisiana,deaths,female_breast,690.0
2023,Louisiana,deaths,hodgkin_lymphoma,290.0
2023,Louisiana,deaths,leukemia,390.0
2023,Louisiana,deaths,liver,530.0
2023,Louisiana,deaths,lung_bronchus,2240.0
2023,Louisiana,deaths,ovary,170.0
2023,Louisiana,deaths,pancreas,730.0
2023,Louisiana,deaths,prostate,470.0
2023,Maine,deaths,all_sites,3500.0
2023,Maine,deaths,brain_nervous_system,110.0
2023,Maine,deaths,colon_rectum,270.0
2023,Maine,deaths,female_breast,190.0
2023,Maine,deaths,hodgkin_lymphoma,120.0
2023,Maine,deaths,leukemia,120.0
2023,Maine,deaths,liver,120.0
2023,Maine,deaths,lung_bronchus,870.0
2023,Maine,deaths,ovary,70.0
2023,Maine,deaths,pancreas,270.0
2023,Maine,deaths,prostate,170.0
2023,Maryland,deaths,all_sites,11090.0
2023,Maryland,deaths,brain_nervous_system,320.0
2023,Maryland,deaths,colon_rectum,980.0
2023,Maryland,deaths,female_breast,850.0
2023,Maryland,deaths,hodgkin_lymphoma,350.0
2023,Maryland,deaths,leukemia,420.0
2023,Maryland,deaths,liver,510.0
2023,Maryland,deaths,lung_bronchus,1950.0
2023,Maryland,deaths,ovary,260.0
2023,Maryland,deaths,pancreas,910.0
2023,Maryland,deaths,prostate,680.0
2023,Massachusetts,deaths,all_sites,12420.0
2023,Massachusetts,deaths,brain_nervous_system,450.0
2023,Massachusetts,deaths,colon_rectum,880.0
2023,Massachusetts,deaths,female_breast,760.0
2023,Massachusetts,deaths,hodgkin_lymphoma,350.0
2023,Massachusetts,deaths,leukemia,490.0
2023,Massachusetts,deaths,liver,530.0
2023,Massachusetts,deaths,lung_bronchus,2570.0
2023,Massachusetts,deaths,ovary,300.0
2023,Massachusetts,deaths,pancreas,1120.0
2023,Massachusetts,deaths,prostate,680.0
2023,Michigan,deaths,all_sites,21380.0
2023,Michigan,deaths,brain_nervous_system,620.0
2023,Michigan,deaths,colon_rectum,1740.0
2023,Michigan,deaths,female_breast,1370.0
2023,Michigan,deaths,hodgkin_lymphoma,760.0
2023,Michigan,deaths,leukemia,800.0
2023,Michigan,deaths,liver,920.0
2023,Michigan,deaths,lung_bronchus,4930.0
2023,Michigan,deaths,ovary,460.0
2023,Michigan,deaths,pancreas,1810.0
2023,Michigan,deaths,prostate,1210.0
2023,Minnesota,deaths,all_sites,10280.0
2023,Minnesota,deaths,brain_nervous_system,320.0
2023,Minnesota,deaths,colon_rectum,830.0
2023,Minnesota,deaths,female_breast,640.0
2023,Minnesota,deaths,hodgkin_lymphoma,400.0
2023,Minnesota,deaths,leukemia,450.0
2023,Minnesota,deaths,liver,380.0
2023,Minnesota,deaths,lung_bronchus,2090.0
2023,Minnesota,deaths,ovary,210.0
2023,Minnesota,deaths,pancreas,870.0
2023,Minnesota,deaths,prostate,630.0
2023,Mississippi,deaths,all_sites,6690.0
2023,Mississippi,deaths,brain_nervous_system,190.0
2023,Mississippi,deaths,colon_rectum,640.0
2023,Mississippi,deaths,female_breast,470.0
2023,Mississippi,deaths,hodgkin_lymphoma,170.0
2023,Mississippi,deaths,leukemia,230.0
2023,Mississippi,deaths,liver,300.0
2023,Mississippi,deaths,lung_bronchus,1740.0
2023,Mississippi,deaths,ovary,110.0
2023,Mississippi,deaths,pancreas,440.0
2023,Mississippi,deaths,prostate,370.0
2023,Missouri,deaths,all_sites,13090.0
2023,Missouri,deaths,brain_nervous_system,370.0
2023,Missouri,deaths,colon_rectum,940.0
2023,Missouri,deaths,female_breast,810.0
2023,Missouri,deaths,hodgkin_lymphoma,420.0
2023,Missouri,deaths,leukemia,470.0
2023,Missouri,deaths,liver,590.0
2023,Missouri,deaths,lung_bronchus,3210.0
2023,Missouri,deaths,ovary,250.0
2023,Missouri,deaths,pancreas,1010.0
2023,Missouri,deaths,prostate,650.0
2023,Montana,deaths,all_sites,2200.0
2023,Montana,deaths,brain_nervous_system,80.0
2023,Montana,deaths,colon_rectum,170.0
2023,Montana,deaths,female_breast,150.0
2023,Montana,deaths,hodgkin_lymphoma,70.0
2023,Montana,deaths,leukemia,80.0
2023,Montana,deaths,liver,160.0
2023,Montana,deaths,lung_bronchus,380.0
2023,Montana,deaths,ovary,
2023,Montana,deaths,pancreas,170.0
2023,Montana,deaths,prostate,140.0
2023,Nebraska,deaths,all_sites,3540.0
2023,Nebraska,deaths,brain_nervous_system,130.0
2023,Nebraska,deaths,colon_rectum,320.0
2023,Nebraska,deaths,female_breast,270.0
2023,Nebraska,deaths,hodgkin_lymphoma,110.0
2023,Nebraska,deaths,leukemia,160.0
2023,Nebraska,deaths,liver,100.0
2023,Nebraska,deaths,lung_bronchus,630.0
2023,Nebraska,deaths,ovary,70.0
2023,Nebraska,deaths,pancreas,300.0
2023,Nebraska,deaths,prostate,170.0
2023,Nevada,deaths,all_sites,5850.0
2023,Nevada,deaths,brain_nervous_system,190.0
2023,Nevada,deaths,colon_rectum,470.0
2023,Nevada,deaths,female_breast,440.0
2023,Nevada,deaths,hodgkin_lymphoma,220.0
2023,Nevada,deaths,leukemia,200.0
2023,Nevada,deaths,liver,300.0
2023,Nevada,deaths,lung_bronchus,1260.0
2023,Nevada,deaths,ovary,120.0
2023,Nevada,deaths,pancreas,450.0
2023,Nevada,deaths,prostate,440.0
2023,New Hampshire,deaths,all_sites,2910.0
2023,New Hampshire,deaths,brain_nervous_system,100.0
2023,New Hampshire,deaths,colon_rectum,190.0
2023,New Hampshire,deaths,female_breast,180.0
2023,New Hampshire,deaths,hodgkin_lymphoma,100.0
2023,New Hampshire,deaths,leukemia,100.0
2023,New Hampshire,deaths,liver,140.0
2023,New Hampshire,deaths,lung_bronchus,560.0
2023,New Hampshire,deaths,ovary,
2023,New Hampshire,deaths,pancreas,320.0
2023,New Hampshire,deaths,prostate,170.0
2023,New Jersey,deaths,all_sites,15230.0
2023,New Jersey,deaths,brain_nervous_system,520.0
2023,New Jersey,deaths,colon_rectum,1360.0
2023,New Jersey,deaths,female_breast,1200.0
2023,New Jersey,deaths,hodgkin_lymphoma,530.0
2023,New Jersey,deaths,leukemia,640.0
2023,New Jersey,deaths,liver,600.0
2023,New Jersey,deaths,lung_bronchus,2800.0
2023,New Jersey,deaths,ovary,350.0
2023,New Jersey,deaths,pancreas,1410.0
2023,New Jersey,deaths,prostate,730.0
2023,New Mexico,deaths,all_sites,3840.0
2023,New Mexico,deaths,brain_nervous_system,120.0
2023,New Mexico,deaths,colon_rectum,290.0
2023,New Mexico,deaths,female_breast,300.0
2023,New Mexico,deaths,hodgkin_lymphoma,130.0
2023,New Mexico,deaths,leukemia,130.0
2023,New Mexico,deaths,liver,300.0
2023,New Mexico,deaths,lung_bronchus,560.0
2023,New Mexico,deaths,ovary,70.0
2023,New Mexico,deaths,pancreas,310.0
2023,New Mexico,deaths,prostate,280.0
2023,New York,deaths,all_sites,31320.0
2023,New York,deaths,brain_nervous_system,950.0
2023,New York,deaths,colon_rectum,2770.0
2023,New York,deaths,female_breast,2440.0
2023,New York,deaths,hodgkin_lymphoma,1000.0
2023,New York,deaths,leukemia,1200.0
2023,New York,deaths,liver,1210.0
2023,New York,deaths,lung_bronchus,6330.0
2023,New York,deaths,ovary,850.0
2023,New York,deaths,pancreas,2940.0
2023,New York,deaths,prostate,1650.0
2023,North Carolina,deaths,all_sites,20400.0
2023,North Carolina,deaths,brain_nervous_system,560.0
2023,North Carolina,deaths,colon_rectum,1640.0
2023,North Carolina,deaths,female_breast,1450.0
2023,North Carolina,deaths,hodgkin_lymphoma,640.0
2023,North Carolina,deaths,leukemia,760.0
2023,North Carolina,deaths,liver,1010.0
2023,North Carolina,deaths,lung_bronchus,4660.0
2023,North Carolina,deaths,ovary,370.0
2023,North Carolina,deaths,pancreas,1630.0
2023,North Carolina,deaths,prostate,1150.0
2023,North Dakota,deaths,all_sites,1320.0
2023,North Dakota,deaths,brain_nervous_system,
2023,North Dakota,deaths,colon_rectum,110.0
2023,North Dakota,deaths,female_breast,70.0
2023,North Dakota,deaths,hodgkin_lymphoma,50.0
2023,North Dakota,deaths,leukemia,70.0
2023,North Dakota,deaths,liver,50.0
2023,North Dakota,deaths,lung_bronchus,290.0
2023,North Dakota,deaths,ovary,
2023,North Dakota,deaths,pancreas,110.0
2023,North Dakota,deaths,prostate,70.0
2023,Ohio,deaths,all_sites,24770.0
2023,Ohio,deaths,brain_nervous_system,720.0
2023,Ohio,deaths,colon_rectum,2120.0
2023,Ohio,deaths,female_breast,1670.0
2023,Ohio,deaths,hodgkin_lymphoma,830.0
2023,Ohio,deaths,leukemia,1060.0
2023,Ohio,deaths,liver,1010.0
2023,Ohio,deaths,lung_bronchus,5730.0
2023,Ohio,deaths,ovary,470.0
2023,Ohio,deaths,pancreas,2080.0
2023,Ohio,deaths,prostate,1310.0
2023,Oklahoma,deaths,all_sites,8660.0
2023,Oklahoma,deaths,brain_nervous_system,250.0
2023,Oklahoma,deaths,colon_rectum,800.0
2023,Oklahoma,deaths,female_breast,580.0
2023,Oklahoma,deaths,hodgkin_lymphoma,290.0
2023,Oklahoma,deaths,leukemia,340.0
2023,Oklahoma,deaths,liver,460.0
2023,Oklahoma,deaths,lung_bronchus,2090.0
2023,Oklahoma,deaths,ovary,190.0
2023,Oklahoma,deaths,pancreas,590.0
2023,Oklahoma,deaths,prostate,400.0
2023,Oregon,deaths,all_sites,8430.0
2023,Oregon,deaths,brain_nervous_system,270.0
2023,Oregon,deaths,colon_rectum,640.0
2023,Oregon,deaths,female_breast,570.0
2023,Oregon,deaths,hodgkin_lymphoma,310.0
2023,Oregon,deaths,leukemia,330.0
2023,Oregon,deaths,liver,470.0
2023,Oregon,deaths,lung_bronchus,1650.0
2023,Oregon,deaths,ovary,150.0
2023,Oregon,deaths,pancreas,710.0
2023,Oregon,deaths,prostate,500.0
2023,Pennsylvania,deaths,all_sites,27460.0
2023,Pennsylvania,deaths,brain_nervous_system,740.0
2023,Pennsylvania,deaths,colon_rectum,2280.0
2023,Pennsylvania,deaths,female_breast,1870.0
2023,Pennsylvania,deaths,hodgkin_lymphoma,950.0
2023,Pennsylvania,deaths,leukemia,1140.0
2023,Pennsylvania,deaths,liver,1260.0
2023,Pennsylvania,deaths,lung_bronchus,5720.0
2023,Pennsylvania,deaths,ovary,610.0
2023,Pennsylvania,deaths,pancreas,2340.0
2023,Pennsylvania,deaths,prostate,1440.0
2023,Rhode Island,deaths,all_sites,2150.0
2023,Rhode Island,deaths,brain_nervous_system,80.0
2023,Rhode Island,deaths,colon_rectum,160.0
2023,Rhode Island,deaths,female_breast,130.0
2023,Rhode Island,deaths,hodgkin_lymphoma,70.0
2023,Rhode Island,deaths,leukemia,80.0
2023,Rhode Island,deaths,liver,130.0
2023,Rhode Island,deaths,lung_bronchus,470.0
2023,Rhode Island,deaths,ovary,
2023,Rhode Island,deaths,pancreas,190.0
2023,Rhode Island,deaths,prostate,110.0
2023,South Carolina,deaths,all_sites,11250.0
2023,South Carolina,deaths,brain_nervous_system,360.0
2023,South Carolina,deaths,colon_rectum,910.0
2023,South Carolina,deaths,female_breast,800.0
2023,South Carolina,deaths,hodgkin_lymphoma,310.0
2023,South Carolina,deaths,leukemia,410.0
2023,South Carolina,deaths,liver,500.0
2023,South Carolina,deaths,lung_bronchus,2630.0
2023,South Carolina,deaths,ovary,190.0
2023,South Carolina,deaths,pancreas,900.0
2023,South Carolina,deaths,prostate,640.0
2023,South Dakota,deaths,all_sites,1760.0
2023,South Dakota,deaths,brain_nervous_system,60.0
2023,South Dakota,deaths,colon_rectum,170.0
2023,South Dakota,deaths,female_breast,110.0
2023,South Dakota,deaths,hodgkin_lymphoma,60.0
2023,South Dakota,deaths,leukemia,130.0
2023,South Dakota,deaths,liver,90.0
2023,South Dakota,deaths,lung_bronchus,380.0
2023,South Dakota,deaths,ovary,
2023,South Dakota,deaths,pancreas,150.0
2023,South Dakota,deaths,prostate,80.0
2023,Tennessee,deaths,all_sites,14590.0
2023,Tennessee,deaths,brain_nervous_system,420.0
2023,Tennessee,deaths,colon_rectum,1240.0
2023,Tennessee,deaths,female_breast,1030.0
2023,Tennessee,deaths,hodgkin_lymphoma,460.0
2023,Tennessee,deaths,leukemia,520.0
2023,Tennessee,deaths,liver,620.0
2023,Tennessee,deaths,lung_bronchus,3700.0
2023,Tennessee,deaths,ovary,330.0
2023,Tennessee,deaths,pancreas,1090.0
2023,Tennessee,deaths,prostate,740.0
2023,Texas,deaths,all_sites,44140.0
2023,Texas,deaths,brain_nervous_system,1330.0
2023,Texas,deaths,colon_rectum,4350.0
2023,Texas,deaths,female_breast,3340.0
2023,Texas,deaths,hodgkin_lymphoma,1440.0
2023,Texas,deaths,leukemia,1590.0
2023,Texas,deaths,liver,2750.0
2023,Texas,deaths,lung_bronchus,8330.0
2023,Texas,deaths,ovary,950.0
2023,Texas,deaths,pancreas,3510.0
2023,Texas,deaths,prostate,2290.0
2023,US,deaths,all_sites,609820.0
2023,US,deaths,brain_nervous_system,18990.0
2023,US,deaths,colon_rectum,52550.0
2023,US,deaths,female_breast,43170.0
2023,US,deaths,hodgkin_lymphoma,20180.0
2023,US,deaths,leukemia,23710.0
2023,US,deaths,liver,29380.0
2023,US,deaths,lung_bronchus,127070.0
2023,US,deaths,ovary,13270.0
2023,US,deaths,pancreas,50550.0
2023,US,deaths,prostate,34700.0
2023,Utah,deaths,all_sites,3710.0
2023,Utah,deaths,brain_nervous_system,200.0
2023,Utah,deaths,colon_rectum,310.0
2023,Utah,deaths,female_breast,320.0
2023,Utah,deaths,hodgkin_lymphoma,140.0
2023,Utah,deaths,leukemia,160.0
2023,Utah,deaths,liver,180.0
2023,Utah,deaths,lung_bronchus,460.0
2023,Utah,deaths,ovary,110.0
2023,Utah,deaths,pancreas,310.0
2023,Utah,deaths,prostate,340.0
2023,Vermont,deaths,all_sites,1460.0
2023,Vermont,deaths,brain_nervous_system,60.0
2023,Vermont,deaths,colon_rectum,120.0
2023,Vermont,deaths,female_breast,80.0
2023,Vermont,deaths,hodgkin_lymphoma,50.0
2023,Vermont,deaths,leukemia,50.0
2023,Vermont,deaths,liver,80.0
2023,Vermont,deaths,lung_bronchus,280.0
2023,Vermont,deaths,ovary,
2023,Vermont,deaths,pancreas,110.0
2023,Vermont,deaths,prostate,90.0
2023,Virginia,deaths,all_sites,15800.0
2023,Virginia,deaths,brain_nervous_system,500.0
2023,Virginia,deaths,colon_rectum,1410.0
2023,Virginia,deaths,female_breast,1150.0
2023,Virginia,deaths,hodgkin_lymphoma,510.0
2023,Virginia,deaths,leukemia,590.0
2023,Virginia,deaths,liver,680.0
2023,Virginia,deaths,lung_bronchus,3320.0
2023,Virginia,deaths,ovary,350.0
2023,Virginia,deaths,pancreas,1320.0
2023,Virginia,deaths,prostate,960.0
2023,Washington,deaths,all_sites,13350.0
2023,Washington,deaths,brain_nervous_system,490.0
2023,Washington,deaths,colon_rectum,1050.0
2023,Washington,deaths,female_breast,960.0
2023,Washington,deaths,hodgkin_lymphoma,480.0
2023,Washington,deaths,leukemia,510.0
2023,Washington,deaths,liver,680.0
2023,Washington,deaths,lung_bronchus,2630.0
2023,Washington,deaths,ovary,320.0
2023,Washington,deaths,pancreas,1100.0
2023,Washington,deaths,prostate,840.0
2023,West Virginia,deaths,all_sites,4610.0
2023,West Virginia,deaths,brain_nervous_system,120.0
2023,West Virginia,deaths,colon_rectum,440.0
2023,West Virginia,deaths,female_breast,230.0
2023,West Virginia,deaths,hodgkin_lymphoma,150.0
2023,West Virginia,deaths,leukemia,180.0
2023,West Virginia,deaths,liver,220.0
2023,West Virginia,deaths,lung_bronchus,1290.0
2023,West Virginia,deaths,ovary,90.0
2023,West Virginia,deaths,pancreas,330.0
2023,West Virginia,deaths,prostate,190.0
2023,Wisconsin,deaths,all_sites,11670.0
2023,Wisconsin,deaths,brain_nervous_system,380.0
2023,Wisconsin,deaths,colon_rectum,880.0
2023,Wisconsin,deaths,female_breast,720.0
2023,Wisconsin,deaths,hodgkin_lymphoma,410.0
2023,Wisconsin,deaths,leukemia,480.0
2023,Wisconsin,deaths,liver,510.0
2023,Wisconsin,deaths,lung_bronchus,2460.0
2023,Wisconsin,deaths,ovary,220.0
2023,Wisconsin,deaths,pancreas,1020.0
2023,Wisconsin,deaths,prostate,730.0
2023,Wyoming,deaths,all_sites,1020.0
2023,Wyoming,deaths,brain_nervous_system,50.0
2023,Wyoming,deaths,colon_rectum,110.0
2023,Wyoming,deaths,female_breast,70.0
2023,Wyoming,deaths,hodgkin_lymphoma,
2023,Wyoming,deaths,leukemia,
2023,Wyoming,deaths,liver,60.0
2023,Wyoming,deaths,lung_bronchus,200.0
2023,Wyoming,deaths,ovary,
2023,Wyoming,deaths,pancreas,90.0
2023,Wyoming,deaths,prostate,80.0
2024,Alabama,cases,all_sites,30270.0
2024,Alabama,cases,colon_rectum,2570.0
2024,Alabama,cases,female_breast,4800.0
2024,Alabama,cases,hodgkin_lymphoma,1000.0
2024,Alabama,cases,leukemia,780.0
2024,Alabama,cases,lung_bronchus,4230.0
2024,Alabama,cases,melanoma_skin,1400.0
2024,Alabama,cases,prostate,5180.0
2024,Alabama,cases,urinary_bladder,1190.0
2024,Alabama,cases,uterine_cervix,230.0
2024,Alabama,cases,uterine_corpus,840.0
2024,Alaska,cases,all_sites,3710.0
2024,Alaska,cases,colon_rectum,350.0
2024,Alaska,cases,female_breast,540.0
2024,Alaska,cases,hodgkin_lymphoma,160.0
2024,Alaska,cases,leukemia,100.0
2024,Alaska,cases,lung_bronchus,420.0
2024,Alaska,cases,melanoma_skin,130.0
2024,Alaska,cases,prostate,630.0
2024,Alaska,cases,urinary_bladder,160.0
2024,Alaska,cases,uterine_cervix,
2024,Alaska,cases,uterine_corpus,140.0
2024,Arizona,cases,all_sites,42670.0
2024,Arizona,cases,colon_rectum,3280.0
2024,Arizona,cases,female_breast,6830.0
2024,Arizona,cases,hodgkin_lymphoma,1690.0
2024,Arizona,cases,leukemia,1260.0
2024,Arizona,cases,lung_bronchus,4350.0
2024,Arizona,cases,melanoma_skin,3020.0
2024,Arizona,cases,prostate,4630.0
2024,Arizona,cases,urinary_bladder,2060.0
2024,Arizona,cases,uterine_cervix,290.0
2024,Arizona,cases,uterine_corpus,1380.0
2024,Arkansas,cases,all_sites,19100.0
2024,Arkansas,cases,colon_rectum,1570.0
2024,Arkansas,cases,female_breast,2680.0
2024,Arkansas,cases,hodgkin_lymphoma,720.0
2024,Arkansas,cases,leukemia,580.0
2024,Arkansas,cases,lung_bronchus,2840.0
2024,Arkansas,cases,melanoma_skin,1040.0
2024,Arkansas,cases,prostate,2950.0
2024,Arkansas,cases,urinary_bladder,750.0
2024,Arkansas,cases,uterine_cervix,140.0
2024,Arkansas,cases,uterine_corpus,500.0
2024,California,cases,all_sites,193880.0
2024,California,cases,colon_rectum,16170.0
2024,California,cases,female_breast,32660.0
2024,California,cases,hodgkin_lymphoma,8320.0
2024,California,cases,leukemia,5700.0
2024,California,cases,lung_bronchus,16920.0
2024,California,cases,melanoma_skin,10570.0
2024,California,cases,prostate,26350.0
2024,California,cases,urinary_bladder,7330.0
2024,California,cases,uterine_cervix,1560.0
2024,California,cases,uterine_corpus,7140.0
2024,Colorado,cases,all_sites,29430.0
2024,Colorado,cases,colon_rectum,2130.0
2024,Colorado,cases,female_breast,5150.0
2024,Colorado,cases,hodgkin_lymphoma,1180.0
2024,Colorado,cases,leukemia,940.0
2024,Colorado,cases,lung_bronchus,2660.0
2024,Colorado,cases,melanoma_skin,1990.0
2024,Colorado,cases,prostate,4490.0
2024,Colorado,cases,urinary_bladder,1200.0
2024,Colorado,cases,uterine_cervix,190.0
2024,Colorado,cases,uterine_corpus,870.0
2024,Connecticut,cases,all_sites,23550.0
2024,Connecticut,cases,colon_rectum,1580.0
2024,Connecticut,cases,female_breast,3790.0
2024,Connecticut,cases,hodgkin_lymphoma,1040.0
2024,Connecticut,cases,leukemia,750.0
2024,Connecticut,cases,lung_bronchus,2780.0
2024,Connecticut,cases,melanoma_skin,870.0
2024,Connecticut,cases,prostate,3530.0
2024,Connecticut,cases,urinary_bladder,1120.0
2024,Connecticut,cases,uterine_cervix,120.0
2024,Connecticut,cases,uterine_corpus,870.0
2024,Delaware,cases,all_sites,7340.0
2024,Delaware,cases,colon_rectum,500.0
2024,Delaware,cases,female_breast,1140.0
2024,Delaware,cases,hodgkin_lymphoma,300.0
2024,Delaware,cases,leukemia,210.0
2024,Delaware,cases,lung_bronchus,920.0
2024,Delaware,cases,melanoma_skin,420.0
2024,Delaware,cases,prostate,1320.0
2024,Delaware,cases,urinary_bladder,350.0
2024,Delaware,cases,uterine_cervix,
2024,Delaware,cases,uterine_corpus,250.0
2024,District of Columbia,cases,all_sites,3300.0
2024,District of Columbia,cases,colon_rectum,260.0
2024,District of Columbia,cases,female_breast,630.0
2024,District of Columbia,cases,hodgkin_lymphoma,110.0
2024,District of Columbia,cases,leukemia,80.0
2024,District of Columbia,cases,lung_bronchus,380.0
2024,District of Columbia,cases,melanoma_skin,70.0
2024,District of Columbia,cases,prostate,390.0
2024,District of Columbia,cases,urinary_bladder,120.0
2024,District of Columbia,cases,uterine_cervix,
2024,District of Columbia,cases,uterine_corpus,150.0
2024,Florida,cases,all_sites,160680.0
2024,Florida,cases,colon_rectum,11920.0
2024,Florida,cases,female_breast,23160.0
2024,Florida,cases,hodgkin_lymphoma,7940.0
2024,Florida,cases,leukemia,6420.0
2024,Florida,cases,lung_bronchus,18580.0
2024,Florida,cases,melanoma_skin,9880.0
2024,Florida,cases,prostate,24090.0
2024,Florida,cases,urinary_bladder,7520.0
2024,Florida,cases,uterine_cervix,1170.0
2024,Florida,cases,uterine_corpus,4860.0
2024,Georgia,cases,all_sites,63170.0
2024,Georgia,cases,colon_rectum,4940.0
2024,Georgia,cases,female_breast,9840.0
2024,Georgia,cases,hodgkin_lymphoma,2180.0
2024,Georgia,cases,leukemia,1920.0
2024,Georgia,cases,lung_bronchus,7350.0
2024,Georgia,cases,melanoma_skin,3470.0
2024,Georgia,cases,prostate,9620.0
2024,Georgia,cases,urinary_bladder,2250.0
2024,Georgia,cases,uterine_cervix,480.0
2024,Georgia,cases,uterine_corpus,1890.0
2024,Hawaii,cases,all_sites,8670.0
2024,Hawaii,cases,colon_rectum,770.0
2024,Hawaii,cases,female_breast,1440.0
2024,Hawaii,cases,hodgkin_lymphoma,350.0
2024,Hawaii,cases,leukemia,210.0
2024,Hawaii,cases,lung_bronchus,850.0
2024,Hawaii,cases,melanoma_skin,520.0
2024,Hawaii,cases,prostate,1270.0
2024,Hawaii,cases,urinary_bladder,320.0
2024,Hawaii,cases,uterine_cervix,50.0
2024,Hawaii,cases,uterine_corpus,360.0
2024,Idaho,cases,all_sites,11120.0
2024,Idaho,cases,colon_rectum,810.0
2024,Idaho,cases,female_breast,1730.0
2024,Idaho,cases,hodgkin_lymphoma,460.0
2024,Idaho,cases,leukemia,420.0
2024,Idaho,cases,lung_bronchus,1070.0
2024,Idaho,cases,melanoma_skin,890.0
2024,Idaho,cases,prostate,1660.0
2024,Idaho,cases,urinary_bladder,550.0
2024,Idaho,cases,uterine_cervix,70.0
2024,Idaho,cases,uterine_corpus,360.0
2024,Illinois,cases,all_sites,78200.0
2024,Illinois,cases,colon_rectum,6140.0
2024,Illinois,cases,female_breast,11870.0
2024,Illinois,cases,hodgkin_lymphoma,3030.0
2024,Illinois,cases,leukemia,2210.0
2024,Illinois,cases,lung_bronchus,9430.0
2024,Illinois,cases,melanoma_skin,4000.0
2024,Illinois,cases,prostate,11800.0
2024,Illinois,cases,urinary_bladder,3090.0
2024,Illinois,cases,uterine_cervix,510.0
2024,Illinois,cases,uterine_corpus,2800.0
2024,Indiana,cases,all_sites,42710.0
2024,Indiana,cases,colon_rectum,3390.0
2024,Indiana,cases,female_breast,6270.0
2024,Indiana,cases,hodgkin_lymphoma,1660.0
2024,Indiana,cases,leukemia,1270.0
2024,Indiana,cases,lung_bronchus,5930.0
2024,Indiana,cases,melanoma_skin,2250.0
2024,Indiana,cases,prostate,6470.0
2024,Indiana,cases,urinary_bladder,1840.0
2024,Indiana,cases,uterine_cervix,310.0
2024,Indiana,cases,uterine_corpus,1470.0
2024,Iowa,cases,all_sites,20930.0
2024,Iowa,cases,colon_rectum,1620.0
2024,Iowa,cases,female_breast,3010.0
2024,Iowa,cases,hodgkin_lymphoma,850.0
2024,Iowa,cases,leukemia,760.0
2024,Iowa,cases,lung_bronchus,2600.0
2024,Iowa,cases,melanoma_skin,1380.0
2024,Iowa,cases,prostate,3200.0
2024,Iowa,cases,urinary_bladder,940.0
2024,Iowa,cases,uterine_cervix,120.0
2024,Iowa,cases,uterine_corpus,710.0
2024,Kansas,cases,all_sites,16640.0
2024,Kansas,cases,colon_rectum,1420.0
2024,Kansas,cases,female_breast,2620.0
2024,Kansas,cases,hodgkin_lymphoma,670.0
2024,Kansas,cases,leukemia,500.0
2024,Kansas,cases,lung_bronchus,2190.0
2024,Kansas,cases,melanoma_skin,920.0
2024,Kansas,cases,prostate,2820.0
2024,Kansas,cases,urinary_bladder,710.0
2024,Kansas,cases,uterine_cervix,120.0
2024,Kansas,cases,uterine_corpus,470.0
2024,Kentucky,cases,all_sites,30630.0
2024,Kentucky,cases,colon_rectum,2630.0
2024,Kentucky,cases,female_breast,4320.0
2024,Kentucky,cases,hodgkin_lymphoma,1110.0
2024,Kentucky,cases,leukemia,890.0
2024,Kentucky,cases,lung_bronchus,5120.0
2024,Kentucky,cases,melanoma_skin,1490.0
2024,Kentucky,cases,prostate,3510.0
2024,Kentucky,cases,urinary_bladder,1240.0
2024,Kentucky,cases,uterine_cervix,220.0
2024,Kentucky,cases,uterine_corpus,950.0
2024,Louisiana,cases,all_sites,29400.0
2024,Louisiana,cases,colon_rectum,2520.0
2024,Louisiana,cases,female_breast,4230.0
2024,Louisiana,cases,hodgkin_lymphoma,1050.0
2024,Louisiana,cases,leukemia,890.0
2024,Louisiana,cases,lung_bronchus,3740.0
2024,Louisiana,cases,melanoma_skin,1200.0
2024,Louisiana,cases,prostate,4330.0
2024,Louisiana,cases,urinary_bladder,1100.0
2024,Louisiana,cases,uterine_cervix,200.0
2024,Louisiana,cases,uterine_corpus,690.0
2024,Maine,cases,all_sites,10700.0
2024,Maine,cases,colon_rectum,700.0
2024,Maine,cases,female_breast,1490.0
2024,Maine,cases,hodgkin_lymphoma,410.0
2024,Maine,cases,leukemia,340.0
2024,Maine,cases,lung_bronchus,1600.0
2024,Maine,cases,melanoma_skin,530.0
2024,Maine,cases,prostate,1560.0
2024,Maine,cases,urinary_bladder,610.0
2024,Maine,cases,uterine_cervix,
2024,Maine,cases,uterine_corpus,400.0
2024,Maryland,cases,all_sites,36410.0
2024,Maryland,cases,colon_rectum,2620.0
2024,Maryland,cases,female_breast,5950.0
2024,Maryland,cases,hodgkin_lymphoma,1420.0
2024,Maryland,cases,leukemia,1060.0
2024,Maryland,cases,lung_bronchus,4080.0
2024,Maryland,cases,melanoma_skin,1810.0
2024,Maryland,cases,prostate,6150.0
2024,Maryland,cases,urinary_bladder,1400.0
2024,Maryland,cases,uterine_cervix,230.0
2024,Maryland,cases,uterine_corpus,1390.0
2024,Massachusetts,cases,all_sites,44040.0
2024,Massachusetts,cases,colon_rectum,2790.0
2024,Massachusetts,cases,female_breast,7150.0
2024,Massachusetts,cases,hodgkin_lymphoma,1790.0
2024,Massachusetts,cases,leukemia,1300.0
2024,Massachusetts,cases,lung_bronchus,5620.0
2024,Massachusetts,cases,melanoma_skin,1530.0
2024,Massachusetts,cases,prostate,6420.0
2024,Massachusetts,cases,urinary_bladder,1950.0
2024,Massachusetts,cases,uterine_cervix,210.0
2024,Massachusetts,cases,uterine_corpus,1600.0
2024,Michigan,cases,all_sites,64530.0
2024,Michigan,cases,colon_rectum,4640.0
2024,Michigan,cases,female_breast,9410.0
2024,Michigan,cases,hodgkin_lymphoma,2570.0
2024,Michigan,cases,leukemia,1880.0
2024,Michigan,cases,lung_bronchus,8690.0
2024,Michigan,cases,melanoma_skin,3080.0
2024,Michigan,cases,prostate,10480.0
2024,Michigan,cases,urinary_bladder,2870.0
2024,Michigan,cases,uterine_cervix,390.0
2024,Michigan,cases,uterine_corpus,2470.0
2024,Minnesota,cases,all_sites,37930.0
2024,Minnesota,cases,colon_rectum,2550.0
2024,Minnesota,cases,female_breast,5480.0
2024,Minnesota,cases,hodgkin_lymphoma,1610.0
2024,Minnesota,cases,leukemia,1310.0
2024,Minnesota,cases,lung_bronchus,3880.0
2024,Minnesota,cases,melanoma_skin,1660.0
2024,Minnesota,cases,prostate,5210.0
2024,Minnesota,cases,urinary_bladder,1540.0
2024,Minnesota,cases,uterine_cervix,160.0
2024,Minnesota,cases,uterine_corpus,1220.0
2024,Mississippi,cases,all_sites,18170.0
2024,Mississippi,cases,colon_rectum,1700.0
2024,Mississippi,cases,female_breast,2710.0
2024,Mississippi,cases,hodgkin_lymphoma,600.0
2024,Mississippi,cases,leukemia,470.0
2024,Mississippi,cases,lung_bronchus,2760.0
2024,Mississippi,cases,melanoma_skin,720.0
2024,Mississippi,cases,prostate,2680.0
2024,Mississippi,cases,urinary_bladder,650.0
2024,Mississippi,cases,uterine_cervix,150.0
2024,Mississippi,cases,uterine_corpus,540.0
2024,Missouri,cases,all_sites,39120.0
2024,Missouri,cases,colon_rectum,3020.0
2024,Missouri,cases,female_breast,5980.0
2024,Missouri,cases,hodgkin_lymphoma,1520.0
2024,Missouri,cases,leukemia,1220.0
2024,Missouri,cases,lung_bronchus,5820.0
2024,Missouri,cases,melanoma_skin,1760.0
2024,Missouri,cases,prostate,5510.0
2024,Missouri,cases,urinary_bladder,1570.0
2024,Missouri,cases,uterine_cervix,260.0
2024,Missouri,cases,uterine_corpus,1360.0
2024,Montana,cases,all_sites,7310.0
2024,Montana,cases,colon_rectum,550.0
2024,Montana,cases,female_breast,1070.0
2024,Montana,cases,hodgkin_lymphoma,280.0
2024,Montana,cases,leukemia,250.0
2024,Montana,cases,lung_bronchus,740.0
2024,Montana,cases,melanoma_skin,540.0
2024,Montana,cases,prostate,1070.0
2024,Montana,cases,urinary_bladder,360.0
2024,Montana,cases,uterine_cervix,
2024,Montana,cases,uterine_corpus,220.0
2024,Nebraska,cases,all_sites,11790.0
2024,Nebraska,cases,colon_rectum,940.0
2024,Nebraska,cases,female_breast,1770.0
2024,Nebraska,cases,hodgkin_lymphoma,470.0
2024,Nebraska,cases,leukemia,380.0
2024,Nebraska,cases,lung_bronchus,1190.0
2024,Nebraska,cases,melanoma_skin,660.0
2024,Nebraska,cases,prostate,2270.0
2024,Nebraska,cases,urinary_bladder,500.0
2024,Nebraska,cases,uterine_cervix,70.0
2024,Nebraska,cases,uterine_corpus,380.0
2024,Nevada,cases,all_sites,18250.0
2024,Nevada,cases,colon_rectum,1520.0
2024,Nevada,cases,female_breast,2880.0
2024,Nevada,cases,hodgkin_lymphoma,720.0
2024,Nevada,cases,leukemia,580.0
2024,Nevada,cases,lung_bronchus,2110.0
2024,Nevada,cases,melanoma_skin,840.0
2024,Nevada,cases,prostate,2230.0
2024,Nevada,cases,urinary_bladder,780.0
2024,Nevada,cases,uterine_cervix,140.0
2024,Nevada,cases,uterine_corpus,540.0
2024,New Hampshire,cases,all_sites,9880.0
2024,New Hampshire,cases,colon_rectum,650.0
2024,New Hampshire,cases,female_breast,1460.0
2024,New Hampshire,cases,hodgkin_lymphoma,400.0
2024,New Hampshire,cases,leukemia,290.0
2024,New Hampshire,cases,lung_bronchus,1290.0
2024,New Hampshire,cases,melanoma_skin,570.0
2024,New Hampshire,cases,prostate,1570.0
2024,New Hampshire,cases,urinary_bladder,510.0
2024,New Hampshire,cases,uterine_cervix,
2024,New Hampshire,cases,uterine_corpus,390.0
2024,New Jersey,cases,all_sites,57740.0
2024,New Jersey,cases,colon_rectum,4240.0
2024,New Jersey,cases,female_breast,8880.0
2024,New Jersey,cases,hodgkin_lymphoma,2490.0
2024,New Jersey,cases,leukemia,1940.0
2024,New Jersey,cases,lung_bronchus,5600.0
2024,New Jersey,cases,melanoma_skin,2330.0
2024,New Jersey,cases,prostate,9860.0
2024,New Jersey,cases,urinary_bladder,2540.0
2024,New Jersey,cases,uterine_cervix,370.0
2024,New Jersey,cases,uterine_corpus,2230.0
2024,New Mexico,cases,all_sites,11220.0
2024,New Mexico,cases,colon_rectum,960.0
2024,New Mexico,cases,female_breast,1780.0
2024,New Mexico,cases,hodgkin_lymphoma,470.0
2024,New Mexico,cases,leukemia,370.0
2024,New Mexico,cases,lung_bronchus,950.0
2024,New Mexico,cases,melanoma_skin,560.0
2024,New Mexico,cases,prostate,1370.0
2024,New Mexico,cases,urinary_bladder,420.0
2024,New Mexico,cases,uterine_cervix,100.0
2024,New Mexico,cases,uterine_corpus,420.0
2024,New York,cases,all_sites,122990.0
2024,New York,cases,colon_rectum,8780.0
2024,New York,cases,female_breast,19160.0
2024,New York,cases,hodgkin_lymphoma,5010.0
2024,New York,cases,leukemia,3860.0
2024,New York,cases,lung_bronchus,14200.0
2024,New York,cases,melanoma_skin,4050.0
2024,New York,cases,prostate,20630.0
2024,New York,cases,urinary_bladder,5330.0
2024,New York,cases,uterine_cervix,840.0
2024,New York,cases,uterine_corpus,4610.0
2024,North Carolina,cases,all_sites,69060.0
2024,North Carolina,cases,colon_rectum,4760.0
2024,North Carolina,cases,female_breast,11190.0
2024,North Carolina,cases,hodgkin_lymphoma,2560.0
2024,North Carolina,cases,leukemia,2240.0
2024,North Carolina,cases,lung_bronchus,8920.0
2024,North Carolina,cases,melanoma_skin,3960.0
2024,North Carolina,cases,prostate,10260.0
2024,North Carolina,cases,urinary_bladder,2750.0
2024,North Carolina,cases,uterine_cervix,450.0
2024,North Carolina,cases,uterine_corpus,2140.0
2024,North Dakota,cases,all_sites,4610.0
2024,North Dakota,cases,colon_rectum,370.0
2024,North Dakota,cases,female_breast,630.0
2024,North Dakota,cases,hodgkin_lymphoma,180.0
2024,North Dakota,cases,leukemia,170.0
2024,North Dakota,cases,lung_bronchus,530.0
2024,North Dakota,cases,melanoma_skin,270.0
2024,North Dakota,cases,prostate,1020.0
2024,North Dakota,cases,urinary_bladder,190.0
2024,North Dakota,cases,uterine_cervix,
2024,North Dakota,cases,uterine_corpus,130.0
2024,Ohio,cases,all_sites,76280.0
2024,Ohio,cases,colon_rectum,5890.0
2024,Ohio,cases,female_breast,11500.0
2024,Ohio,cases,hodgkin_lymphoma,2880.0
2024,Ohio,cases,leukemia,2050.0
2024,Ohio,cases,lung_bronchus,10390.0
2024,Ohio,cases,melanoma_skin,4290.0
2024,Ohio,cases,prostate,10670.0
2024,Ohio,cases,urinary_bladder,3380.0
2024,Ohio,cases,uterine_cervix,510.0
2024,Ohio,cases,uterine_corpus,2680.0
2024,Oklahoma,cases,all_sites,24450.0
2024,Oklahoma,cases,colon_rectum,1930.0
2024,Oklahoma,cases,female_breast,3490.0
2024,Oklahoma,cases,hodgkin_lymphoma,890.0
2024,Oklahoma,cases,leukemia,770.0
2024,Oklahoma,cases,lung_bronchus,3230.0
2024,Oklahoma,cases,melanoma_skin,1170.0
2024,Oklahoma,cases,prostate,3020.0
2024,Oklahoma,cases,urinary_bladder,950.0
2024,Oklahoma,cases,uterine_cervix,200.0
2024,Oklahoma,cases,uterine_corpus,690.0
2024,Oregon,cases,all_sites,26200.0
2024,Oregon,cases,colon_rectum,1860.0
2024,Oregon,cases,female_breast,4440.0
2024,Oregon,cases,hodgkin_lymphoma,1040.0
2024,Oregon,cases,leukemia,760.0
2024,Oregon,cases,lung_bronchus,3000.0
2024,Oregon,cases,melanoma_skin,1350.0
2024,Oregon,cases,prostate,3000.0
2024,Oregon,cases,urinary_bladder,1230.0
2024,Oregon,cases,uterine_cervix,140.0
2024,Oregon,cases,uterine_corpus,880.0
2024,Pennsylvania,cases,all_sites,89410.0
2024,Pennsylvania,cases,colon_rectum,6550.0
2024,Pennsylvania,cases,female_breast,13370.0
2024,Pennsylvania,cases,hodgkin_lymphoma,3610.0
2024,Pennsylvania,cases,leukemia,2710.0
2024,Pennsylvania,cases,lung_bronchus,11200.0
2024,Pennsylvania,cases,melanoma_skin,3870.0
2024,Pennsylvania,cases,prostate,13010.0
2024,Pennsylvania,cases,urinary_bladder,4290.0
2024,Pennsylvania,cases,uterine_cervix,510.0
2024,Pennsylvania,cases,uterine_corpus,3460.0
2024,Rhode Island,cases,all_sites,7210.0
2024,Rhode Island,cases,colon_rectum,470.0
2024,Rhode Island,cases,female_breast,1090.0
2024,Rhode Island,cases,hodgkin_lymphoma,310.0
2024,Rhode Island,cases,leukemia,230.0
2024,Rhode Island,cases,lung_bronchus,960.0
2024,Rhode Island,cases,melanoma_skin,280.0
2024,Rhode Island,cases,prostate,970.0
2024,Rhode Island,cases,urinary_bladder,370.0
2024,Rhode Island,cases,uterine_cervix,
2024,Rhode Island,cases,uterine_corpus,270.0
2024,South Carolina,cases,all_sites,34650.0
2024,South Carolina,cases,colon_rectum,2580.0
2024,South Carolina,cases,female_breast,5840.0
2024,South Carolina,cases,hodgkin_lymphoma,1200.0
2024,South Carolina,cases,leukemia,950.0
2024,South Carolina,cases,lung_bronchus,4720.0
2024,South Carolina,cases,melanoma_skin,1930.0
2024,South Carolina,cases,prostate,5920.0
2024,South Carolina,cases,urinary_bladder,1400.0
2024,South Carolina,cases,uterine_cervix,250.0
2024,South Carolina,cases,uterine_corpus,1150.0
2024,South Dakota,cases,all_sites,5680.0
2024,South Dakota,cases,colon_rectum,450.0
2024,South Dakota,cases,female_breast,850.0
2024,South Dakota,cases,hodgkin_lymphoma,220.0
2024,South Dakota,cases,leukemia,200.0
2024,South Dakota,cases,lung_bronchus,680.0
2024,South Dakota,cases,melanoma_skin,330.0
2024,South Dakota,cases,prostate,1300.0
2024,South Dakota,cases,urinary_bladder,250.0
2024,South Dakota,cases,uterine_cervix,
2024,South Dakota,cases,uterine_corpus,170.0
2024,Tennessee,cases,all_sites,43170.0
2024,Tennessee,cases,colon_rectum,3460.0
2024,Tennessee,cases,female_breast,6720.0
2024,Tennessee,cases,hodgkin_lymphoma,1530.0
2024,Tennessee,cases,leukemia,1250.0
2024,Tennessee,cases,lung_bronchus,6440.0
2024,Tennessee,cases,melanoma_skin,1910.0
2024,Tennessee,cases,prostate,6150.0
2024,Tennessee,cases,urinary_bladder,1760.0
2024,Tennessee,cases,uterine_cervix,320.0
2024,Tennessee,cases,uterine_corpus,1280.0
2024,Texas,cases,all_sites,147910.0
2024,Texas,cases,colon_rectum,12260.0
2024,Texas,cases,female_breast,23290.0
2024,Texas,cases,hodgkin_lymphoma,5760.0
2024,Texas,cases,leukemia,4940.0
2024,Texas,cases,lung_bronchus,14430.0
2024,Texas,cases,melanoma_skin,5340.0
2024,Texas,cases,prostate,20790.0
2024,Texas,cases,urinary_bladder,4720.0
2024,Texas,cases,uterine_cervix,1450.0
2024,Texas,cases,uterine_corpus,4790.0
2024,US,cases,all_sites,2001140.0
2024,US,cases,colon_rectum,152810.0
2024,US,cases,female_breast,310720.0
2024,US,cases,hodgkin_lymphoma,80620.0
2024,US,cases,leukemia,62770.0
2024,US,cases,lung_bronchus,234580.0
2024,US,cases,melanoma_skin,100640.0
2024,US,cases,prostate,299010.0
2024,US,cases,urinary_bladder,83190.0
2024,US,cases,uterine_cervix,13820.0
2024,US,cases,uterine_corpus,67880.0
2024,Utah,cases,all_sites,13560.0
2024,Utah,cases,colon_rectum,950.0
2024,Utah,cases,female_breast,2200.0
2024,Utah,cases,hodgkin_lymphoma,600.0
2024,Utah,cases,leukemia,490.0
2024,Utah,cases,lung_bronchus,810.0
2024,Utah,cases,melanoma_skin,1490.0
2024,Utah,cases,prostate,2380.0
2024,Utah,cases,urinary_bladder,510.0
2024,Utah,cases,uterine_cervix,100.0
2024,Utah,cases,uterine_corpus,510.0
2024,Vermont,cases,all_sites,4500.0
2024,Vermont,cases,colon_rectum,300.0
2024,Vermont,cases,female_breast,670.0
2024,Vermont,cases,hodgkin_lymphoma,190.0
2024,Vermont,cases,leukemia,140.0
2024,Vermont,cases,lung_bronchus,520.0
2024,Vermont,cases,melanoma_skin,310.0
2024,Vermont,cases,prostate,690.0
2024,Vermont,cases,urinary_bladder,220.0
2024,Vermont,cases,uterine_cervix,
2024,Vermont,cases,uterine_corpus,170.0
2024,Virginia,cases,all_sites,48560.0
2024,Virginia,cases,colon_rectum,3640.0
2024,Virginia,cases,female_breast,8180.0
2024,Virginia,cases,hodgkin_lymphoma,1920.0
2024,Virginia,cases,leukemia,1320.0
2024,Virginia,cases,lung_bronchus,5980.0
2024,Virginia,cases,melanoma_skin,2480.0
2024,Virginia,cases,prostate,9200.0
2024,Virginia,cases,urinary_bladder,1930.0
2024,Virginia,cases,uterine_cervix,310.0
2024,Virginia,cases,uterine_corpus,1690.0
2024,Washington,cases,all_sites,44470.0
2024,Washington,cases,colon_rectum,3140.0
2024,Washington,cases,female_breast,7450.0
2024,Washington,cases,hodgkin_lymphoma,1890.0
2024,Washington,cases,leukemia,1480.0
2024,Washington,cases,lung_bronchus,4780.0
2024,Washington,cases,melanoma_skin,2650.0
2024,Washington,cases,prostate,6350.0
2024,Washington,cases,urinary_bladder,1910.0
2024,Washington,cases,uterine_cervix,290.0
2024,Washington,cases,uterine_corpus,1490.0
2024,West Virginia,cases,all_sites,12890.0
2024,West Virginia,cases,colon_rectum,1070.0
2024,West Virginia,cases,female_breast,1690.0
2024,West Virginia,cases,hodgkin_lymphoma,480.0
2024,West Virginia,cases,leukemia,420.0
2024,West Virginia,cases,lung_bronchus,2150.0
2024,West Virginia,cases,melanoma_skin,580.0
2024,West Virginia,cases,prostate,1620.0
2024,West Virginia,cases,urinary_bladder,600.0
2024,West Virginia,cases,uterine_cervix,70.0
2024,West Virginia,cases,uterine_corpus,400.0
2024,Wisconsin,cases,all_sites,39750.0
2024,Wisconsin,cases,colon_rectum,2610.0
2024,Wisconsin,cases,female_breast,5710.0
2024,Wisconsin,cases,hodgkin_lymphoma,1630.0
2024,Wisconsin,cases,leukemia,1400.0
2024,Wisconsin,cases,lung_bronchus,4610.0
2024,Wisconsin,cases,melanoma_skin,2040.0
2024,Wisconsin,cases,prostate,6870.0
2024,Wisconsin,cases,urinary_bladder,1690.0
2024,Wisconsin,cases,uterine_cervix,180.0
2024,Wisconsin,cases,uterine_corpus,1450.0
2024,Wyoming,cases,all_sites,3320.0
2024,Wyoming,cases,colon_rectum,270.0
2024,Wyoming,cases,female_breast,510.0
2024,Wyoming,cases,hodgkin_lymphoma,120.0
2024,Wyoming,cases,leukemia,110.0
2024,Wyoming,cases,lung_bronchus,330.0
2024,Wyoming,cases,melanoma_skin,240.0
2024,Wyoming,cases,prostate,570.0
2024,Wyoming,cases,urinary_bladder,170.0
2024,Wyoming,cases,uterine_cervix,
2024,Wyoming,cases,uterine_corpus,100.0
2024,Alabama,deaths,all_sites,10600.0
2024,Alabama,deaths,brain_nervous_system,310.0
2024,Alabama,deaths,colon_rectum,900.0
2024,Alabama,deaths,female_breast,710.0
2024,Alabama,deaths,hodgkin_lymphoma,280.0
2024,Alabama,deaths,leukemia,360.0
2024,Alabama,deaths,liver,510.0
2024,Alabama,deaths,lung_bronchus,2550.0
2024,Alabama,deaths,ovary,200.0
2024,Alabama,deaths,pancreas,850.0
2024,Alabama,deaths,prostate,560.0
2024,Alaska,deaths,all_sites,1220.0
2024,Alaska,deaths,brain_nervous_system,
2024,Alaska,deaths,colon_rectum,110.0
2024,Alaska,deaths,female_breast,60.0
2024,Alaska,deaths,hodgkin_lymphoma,
2024,Alaska,deaths,leukemia,
2024,Alaska,deaths,liver,70.0
2024,Alaska,deaths,lung_bronchus,210.0
2024,Alaska,deaths,ovary,
2024,Alaska,deaths,pancreas,80.0
2024,Alaska,deaths,prostate,60.0
2024,Arizona,deaths,all_sites,13280.0
2024,Arizona,deaths,brain_nervous_system,410.0
2024,Arizona,deaths,colon_rectum,1220.0
2024,Arizona,deaths,female_breast,950.0
2024,Arizona,deaths,hodgkin_lymphoma,430.0
2024,Arizona,deaths,leukemia,590.0
2024,Arizona,deaths,liver,560.0
2024,Arizona,deaths,lung_bronchus,2380.0
2024,Arizona,deaths,ovary,310.0
2024,Arizona,deaths,pancreas,1090.0
2024,Arizona,deaths,prostate,890.0
2024,Arkansas,deaths,all_sites,6360.0
2024,Arkansas,deaths,brain_nervous_system,180.0
2024,Arkansas,deaths,colon_rectum,550.0
2024,Arkansas,deaths,female_breast,390.0
2024,Arkansas,deaths,hodgkin_lymphoma,190.0
2024,Arkansas,deaths,leukemia,230.0
2024,Arkansas,deaths,liver,330.0
2024,Arkansas,deaths,lung_bronchus,1670.0
2024,Arkansas,deaths,ovary,110.0
2024,Arkansas,deaths,pancreas,470.0
2024,Arkansas,deaths,prostate,360.0
2024,California,deaths,all_sites,59930.0
2024,California,deaths,brain_nervous_system,2150.0
2024,California,deaths,colon_rectum,5500.0
2024,California,deaths,female_breast,4570.0
2024,California,deaths,hodgkin_lymphoma,2160.0
2024,California,deaths,leukemia,2330.0
2024,California,deaths,liver,3580.0
2024,California,deaths,lung_bronchus,9320.0
2024,California,deaths,ovary,1410.0
2024,California,deaths,pancreas,5120.0
2024,California,deaths,prostate,4200.0
2024,Colorado,deaths,all_sites,8480.0
2024,Colorado,deaths,brain_nervous_system,300.0
2024,Colorado,deaths,colon_rectum,820.0
2024,Colorado,deaths,female_breast,700.0
2024,Colorado,deaths,hodgkin_lymphoma,280.0
2024,Colorado,deaths,leukemia,370.0
2024,Colorado,deaths,liver,370.0
2024,Colorado,deaths,lung_bronchus,1290.0
2024,Colorado,deaths,ovary,200.0
2024,Colorado,deaths,pancreas,730.0
2024,Colorado,deaths,prostate,630.0
2024,Connecticut,deaths,all_sites,6440.0
2024,Connecticut,deaths,brain_nervous_system,230.0
2024,Connecticut,deaths,colon_rectum,470.0
2024,Connecticut,deaths,female_breast,420.0
2024,Connecticut,deaths,hodgkin_lymphoma,230.0
2024,Connecticut,deaths,leukemia,290.0
2024,Connecticut,deaths,liver,300.0
2024,Connecticut,deaths,lung_bronchus,1270.0
2024,Connecticut,deaths,ovary,140.0
2024,Connecticut,deaths,pancreas,610.0
2024,Connecticut,deaths,prostate,410.0
2024,Delaware,deaths,all_sites,2250.0
2024,Delaware,deaths,brain_nervous_system,60.0
2024,Delaware,deaths,colon_rectum,170.0
2024,Delaware,deaths,female_breast,160.0
2024,Delaware,deaths,hodgkin_lymphoma,80.0
2024,Delaware,deaths,leukemia,90.0
2024,Delaware,deaths,liver,120.0
2024,Delaware,deaths,lung_bronchus,480.0
2024,Delaware,deaths,ovary,80.0
2024,Delaware,deaths,pancreas,210.0
2024,Delaware,deaths,prostate,170.0
2024,District of Columbia,deaths,all_sites,980.0
2024,District of Columbia,deaths,brain_nervous_system,
2024,District of Columbia,deaths,colon_rectum,90.0
2024,District of Columbia,deaths,female_breast,90.0
2024,District of Columbia,deaths,hodgkin_lymphoma,
2024,District of Columbia,deaths,leukemia,
2024,District of Columbia,deaths,liver,70.0
2024,District of Columbia,deaths,lung_bronchus,160.0
2024,District of Columbia,deaths,ovary,
2024,District of Columbia,deaths,pancreas,90.0
2024,District of Columbia,deaths,prostate,70.0
2024,Florida,deaths,all_sites,48110.0
2024,Florida,deaths,brain_nervous_system,1460.0
2024,Florida,deaths,colon_rectum,3980.0
2024,Florida,deaths,female_breast,3160.0
2024,Florida,deaths,hodgkin_lymphoma,1560.0
2024,Florida,deaths,leukemia,2020.0
2024,Florida,deaths,liver,2180.0
2024,Florida,deaths,lung_bronchus,10230.0
2024,Florida,deaths,ovary,1050.0
2024,Florida,deaths,pancreas,4070.0
2024,Florida,deaths,prostate,2800.0
2024,Georgia,deaths,all_sites,18740.0
2024,Georgia,deaths,brain_nervous_system,570.0
2024,Georgia,deaths,colon_rectum,1660.0
2024,Georgia,deaths,female_breast,1420.0
2024,Georgia,deaths,hodgkin_lymphoma,550.0
2024,Georgia,deaths,leukemia,670.0
2024,Georgia,deaths,liver,860.0
2024,Georgia,deaths,lung_bronchus,3770.0
2024,Georgia,deaths,ovary,410.0
2024,Georgia,deaths,pancreas,1560.0
2024,Georgia,deaths,prostate,1070.0
2024,Hawaii,deaths,all_sites,2650.0
2024,Hawaii,deaths,brain_nervous_system,50.0
2024,Hawaii,deaths,colon_rectum,240.0
2024,Hawaii,deaths,female_breast,180.0
2024,Hawaii,deaths,hodgkin_lymphoma,100.0
2024,Hawaii,deaths,leukemia,90.0
2024,Hawaii,deaths,liver,170.0
2024,Hawaii,deaths,lung_bronchus,470.0
2024,Hawaii,deaths,ovary,90.0
2024,Hawaii,deaths,pancreas,240.0
2024,Hawaii,deaths,prostate,180.0
2024,Idaho,deaths,all_sites,3200.0
2024,Idaho,deaths,brain_nervous_system,90.0
2024,Idaho,deaths,colon_rectum,300.0
2024,Idaho,deaths,female_breast,240.0
2024,Idaho,deaths,hodgkin_lymphoma,120.0
2024,Idaho,deaths,leukemia,150.0
2024,Idaho,deaths,liver,120.0
2024,Idaho,deaths,lung_bronchus,550.0
2024,Idaho,deaths,ovary,80.0
2024,Idaho,deaths,pancreas,290.0
2024,Idaho,deaths,prostate,210.0
2024,Illinois,deaths,all_sites,23280.0
2024,Illinois,deaths,brain_nervous_system,670.0
2024,Illinois,deaths,colon_rectum,2090.0
2024,Illinois,deaths,female_breast,1680.0
2024,Illinois,deaths,hodgkin_lymphoma,660.0
2024,Illinois,deaths,leukemia,920.0
2024,Illinois,deaths,liver,1060.0
2024,Illinois,deaths,lung_bronchus,4910.0
2024,Illinois,deaths,ovary,400.0
2024,Illinois,deaths,pancreas,2100.0
2024,Illinois,deaths,prostate,1160.0
2024,Indiana,deaths,all_sites,14280.0
2024,Indiana,deaths,brain_nervous_system,350.0
2024,Indiana,deaths,colon_rectum,1190.0
2024,Indiana,deaths,female_breast,910.0
2024,Indiana,deaths,hodgkin_lymphoma,460.0
2024,Indiana,deaths,leukemia,510.0
2024,Indiana,deaths,liver,520.0
2024,Indiana,deaths,lung_bronchus,3390.0
2024,Indiana,deaths,ovary,250.0
2024,Indiana,deaths,pancreas,1220.0
2024,Indiana,deaths,prostate,760.0
2024,Iowa,deaths,all_sites,6250.0
2024,Iowa,deaths,brain_nervous_system,180.0
2024,Iowa,deaths,colon_rectum,520.0
2024,Iowa,deaths,female_breast,370.0
2024,Iowa,deaths,hodgkin_lymphoma,230.0
2024,Iowa,deaths,leukemia,270.0
2024,Iowa,deaths,liver,260.0
2024,Iowa,deaths,lung_bronchus,1360.0
2024,Iowa,deaths,ovary,130.0
2024,Iowa,deaths,pancreas,510.0
2024,Iowa,deaths,prostate,300.0
2024,Kansas,deaths,all_sites,5660.0
2024,Kansas,deaths,brain_nervous_system,180.0
2024,Kansas,deaths,colon_rectum,490.0
2024,Kansas,deaths,female_breast,370.0
2024,Kansas,deaths,hodgkin_lymphoma,200.0
2024,Kansas,deaths,leukemia,240.0
2024,Kansas,deaths,liver,220.0
2024,Kansas,deaths,lung_bronchus,1250.0
2024,Kansas,deaths,ovary,120.0
2024,Kansas,deaths,pancreas,440.0
2024,Kansas,deaths,prostate,270.0
2024,Kentucky,deaths,all_sites,10250.0
2024,Kentucky,deaths,brain_nervous_system,280.0
2024,Kentucky,deaths,colon_rectum,940.0
2024,Kentucky,deaths,female_breast,640.0
2024,Kentucky,deaths,hodgkin_lymphoma,330.0
2024,Kentucky,deaths,leukemia,400.0
2024,Kentucky,deaths,liver,500.0
2024,Kentucky,deaths,lung_bronchus,2630.0
2024,Kentucky,deaths,ovary,130.0
2024,Kentucky,deaths,pancreas,750.0
2024,Kentucky,deaths,prostate,440.0
2024,Louisiana,deaths,all_sites,8970.0
2024,Louisiana,deaths,brain_nervous_system,240.0
2024,Louisiana,deaths,colon_rectum,860.0
2024,Louisiana,deaths,female_breast,670.0
2024,Louisiana,deaths,hodgkin_lymphoma,290.0
2024,Louisiana,deaths,leukemia,330.0
2024,Louisiana,deaths,liver,530.0
2024,Louisiana,deaths,lung_bronchus,2120.0
2024,Louisiana,deaths,ovary,170.0
2024,Louisiana,deaths,pancreas,730.0
2024,Louisiana,deaths,prostate,440.0
2024,Maine,deaths,all_sites,3510.0
2024,Maine,deaths,brain_nervous_system,110.0
2024,Maine,deaths,colon_rectum,270.0
2024,Maine,deaths,female_breast,180.0
2024,Maine,deaths,hodgkin_lymphoma,120.0
2024,Maine,deaths,leukemia,130.0
2024,Maine,deaths,liver,130.0
2024,Maine,deaths,lung_bronchus,840.0
2024,Maine,deaths,ovary,60.0
2024,Maine,deaths,pancreas,300.0
2024,Maine,deaths,prostate,270.0
2024,Maryland,deaths,all_sites,10310.0
2024,Maryland,deaths,brain_nervous_system,310.0
2024,Maryland,deaths,colon_rectum,1000.0
2024,Maryland,deaths,female_breast,830.0
2024,Maryland,deaths,hodgkin_lymphoma,340.0
2024,Maryland,deaths,leukemia,340.0
2024,Maryland,deaths,liver,500.0
2024,Maryland,deaths,lung_bronchus,2010.0
2024,Maryland,deaths,ovary,250.0
2024,Maryland,deaths,pancreas,920.0
2024,Maryland,deaths,prostate,660.0
2024,Massachusetts,deaths,all_sites,12410.0
2024,Massachusetts,deaths,brain_nervous_system,440.0
2024,Massachusetts,deaths,colon_rectum,860.0
2024,Massachusetts,deaths,female_breast,730.0
2024,Massachusetts,deaths,hodgkin_lymphoma,380.0
2024,Massachusetts,deaths,leukemia,480.0
2024,Massachusetts,deaths,liver,600.0
2024,Massachusetts,deaths,lung_bronchus,2490.0
2024,Massachusetts,deaths,ovary,290.0
2024,Massachusetts,deaths,pancreas,1140.0
2024,Massachusetts,deaths,prostate,700.0
2024,Michigan,deaths,all_sites,21480.0
2024,Michigan,deaths,brain_nervous_system,610.0
2024,Michigan,deaths,colon_rectum,1880.0
2024,Michigan,deaths,female_breast,1350.0
2024,Michigan,deaths,hodgkin_lymphoma,760.0
2024,Michigan,deaths,leukemia,830.0
2024,Michigan,deaths,liver,1000.0
2024,Michigan,deaths,lung_bronchus,4920.0
2024,Michigan,deaths,ovary,440.0
2024,Michigan,deaths,pancreas,1900.0
2024,Michigan,deaths,prostate,1130.0
2024,Minnesota,deaths,all_sites,10320.0
2024,Minnesota,deaths,brain_nervous_system,300.0
2024,Minnesota,deaths,colon_rectum,830.0
2024,Minnesota,deaths,female_breast,630.0
2024,Minnesota,deaths,hodgkin_lymphoma,390.0
2024,Minnesota,deaths,leukemia,440.0
2024,Minnesota,deaths,liver,370.0
2024,Minnesota,deaths,lung_bronchus,2140.0
2024,Minnesota,deaths,ovary,210.0
2024,Minnesota,deaths,pancreas,900.0
2024,Minnesota,deaths,prostate,660.0
2024,Mississippi,deaths,all_sites,6650.0
2024,Mississippi,deaths,brain_nervous_system,200.0
2024,Mississippi,deaths,colon_rectum,650.0
2024,Mississippi,deaths,female_breast,480.0
2024,Mississippi,deaths,hodgkin_lymphoma,160.0
2024,Mississippi,deaths,leukemia,260.0
2024,Mississippi,deaths,liver,290.0
2024,Mississippi,deaths,lung_bronchus,1580.0
2024,Mississippi,deaths,ovary,120.0
2024,Mississippi,deaths,pancreas,500.0
2024,Mississippi,deaths,prostate,410.0
2024,Missouri,deaths,all_sites,13170.0
2024,Missouri,deaths,brain_nervous_system,410.0
2024,Missouri,deaths,colon_rectum,1050.0
2024,Missouri,deaths,female_breast,810.0
2024,Missouri,deaths,hodgkin_lymphoma,410.0
2024,Missouri,deaths,leukemia,490.0
2024,Missouri,deaths,liver,600.0
2024,Missouri,deaths,lung_bronchus,3240.0
2024,Missouri,deaths,ovary,190.0
2024,Missouri,deaths,pancreas,1040.0
2024,Missouri,deaths,prostate,650.0
2024,Montana,deaths,all_sites,2230.0
2024,Montana,deaths,brain_nervous_system,80.0
2024,Montana,deaths,colon_rectum,180.0
2024,Montana,deaths,female_breast,150.0
2024,Montana,deaths,hodgkin_lymphoma,70.0
2024,Montana,deaths,leukemia,80.0
2024,Montana,deaths,liver,80.0
2024,Montana,deaths,lung_bronchus,380.0
2024,Montana,deaths,ovary,
2024,Montana,deaths,pancreas,140.0
2024,Montana,deaths,prostate,140.0
2024,Nebraska,deaths,all_sites,3590.0
2024,Nebraska,deaths,brain_nervous_system,140.0
2024,Nebraska,deaths,colon_rectum,380.0
2024,Nebraska,deaths,female_breast,270.0
2024,Nebraska,deaths,hodgkin_lymphoma,120.0
2024,Nebraska,deaths,leukemia,150.0
2024,Nebraska,deaths,liver,160.0
2024,Nebraska,deaths,lung_bronchus,700.0
2024,Nebraska,deaths,ovary,70.0
2024,Nebraska,deaths,pancreas,320.0
2024,Nebraska,deaths,prostate,230.0
2024,Nevada,deaths,all_sites,5440.0
2024,Nevada,deaths,brain_nervous_system,150.0
2024,Nevada,deaths,colon_rectum,560.0
2024,Nevada,deaths,female_breast,430.0
2024,Nevada,deaths,hodgkin_lymphoma,200.0
2024,Nevada,deaths,leukemia,220.0
2024,Nevada,deaths,liver,310.0
2024,Nevada,deaths,lung_bronchus,1050.0
2024,Nevada,deaths,ovary,100.0
2024,Nevada,deaths,pancreas,460.0
2024,Nevada,deaths,prostate,370.0
2024,New Hampshire,deaths,all_sites,2930.0
2024,New Hampshire,deaths,brain_nervous_system,100.0
2024,New Hampshire,deaths,colon_rectum,190.0
2024,New Hampshire,deaths,female_breast,180.0
2024,New Hampshire,deaths,hodgkin_lymphoma,90.0
2024,New Hampshire,deaths,leukemia,100.0
2024,New Hampshire,deaths,liver,130.0
2024,New Hampshire,deaths,lung_bronchus,620.0
2024,New Hampshire,deaths,ovary,60.0
2024,New Hampshire,deaths,pancreas,240.0
2024,New Hampshire,deaths,prostate,170.0
2024,New Jersey,deaths,all_sites,15110.0
2024,New Jersey,deaths,brain_nervous_system,500.0
2024,New Jersey,deaths,colon_rectum,1330.0
2024,New Jersey,deaths,female_breast,1170.0
2024,New Jersey,deaths,hodgkin_lymphoma,520.0
2024,New Jersey,deaths,leukemia,630.0
2024,New Jersey,deaths,liver,620.0
2024,New Jersey,deaths,lung_bronchus,2700.0
2024,New Jersey,deaths,ovary,340.0
2024,New Jersey,deaths,pancreas,1440.0
2024,New Jersey,deaths,prostate,740.0
2024,New Mexico,deaths,all_sites,3890.0
2024,New Mexico,deaths,brain_nervous_system,120.0
2024,New Mexico,deaths,colon_rectum,340.0
2024,New Mexico,deaths,female_breast,300.0
2024,New Mexico,deaths,hodgkin_lymphoma,130.0
2024,New Mexico,deaths,leukemia,120.0
2024,New Mexico,deaths,liver,300.0
2024,New Mexico,deaths,lung_bronchus,550.0
2024,New Mexico,deaths,ovary,70.0
2024,New Mexico,deaths,pancreas,330.0
2024,New Mexico,deaths,prostate,290.0
2024,New York,deaths,all_sites,30990.0
2024,New York,deaths,brain_nervous_system,940.0
2024,New York,deaths,colon_rectum,2700.0
2024,New York,deaths,female_breast,2080.0
2024,New York,deaths,hodgkin_lymphoma,1000.0
2024,New York,deaths,leukemia,1050.0
2024,New York,deaths,liver,1260.0
2024,New York,deaths,lung_bronchus,6100.0
2024,New York,deaths,ovary,780.0
2024,New York,deaths,pancreas,3010.0
2024,New York,deaths,prostate,1630.0
2024,North Carolina,deaths,all_sites,20820.0
2024,North Carolina,deaths,brain_nervous_system,570.0
2024,North Carolina,deaths,colon_rectum,1670.0
2024,North Carolina,deaths,female_breast,1450.0
2024,North Carolina,deaths,hodgkin_lymphoma,630.0
2024,North Carolina,deaths,leukemia,780.0
2024,North Carolina,deaths,liver,1000.0
2024,North Carolina,deaths,lung_bronchus,4640.0
2024,North Carolina,deaths,ovary,360.0
2024,North Carolina,deaths,pancreas,1690.0
2024,North Carolina,deaths,prostate,1170.0
2024,North Dakota,deaths,all_sites,1320.0
2024,North Dakota,deaths,brain_nervous_system,
2024,North Dakota,deaths,colon_rectum,110.0
2024,North Dakota,deaths,female_breast,70.0
2024,North Dakota,deaths,hodgkin_lymphoma,50.0
2024,North Dakota,deaths,leukemia,60.0
2024,North Dakota,deaths,liver,
2024,North Dakota,deaths,lung_bronchus,280.0
2024,North Dakota,deaths,ovary,
2024,North Dakota,deaths,pancreas,110.0
2024,North Dakota,deaths,prostate,70.0
2024,Ohio,deaths,all_sites,24810.0
2024,Ohio,deaths,brain_nervous_system,700.0
2024,Ohio,deaths,colon_rectum,2070.0
2024,Ohio,deaths,female_breast,1630.0
2024,Ohio,deaths,hodgkin_lymphoma,810.0
2024,Ohio,deaths,leukemia,960.0
2024,Ohio,deaths,liver,1000.0
2024,Ohio,deaths,lung_bronchus,5670.0
2024,Ohio,deaths,ovary,480.0
2024,Ohio,deaths,pancreas,1910.0
2024,Ohio,deaths,prostate,1250.0
2024,Oklahoma,deaths,all_sites,8650.0
2024,Oklahoma,deaths,brain_nervous_system,250.0
2024,Oklahoma,deaths,colon_rectum,790.0
2024,Oklahoma,deaths,female_breast,570.0
2024,Oklahoma,deaths,hodgkin_lymphoma,280.0
2024,Oklahoma,deaths,leukemia,340.0
2024,Oklahoma,deaths,liver,480.0
2024,Oklahoma,deaths,lung_bronchus,2070.0
2024,Oklahoma,deaths,ovary,170.0
2024,Oklahoma,deaths,pancreas,590.0
2024,Oklahoma,deaths,prostate,410.0
2024,Oregon,deaths,all_sites,8670.0
2024,Oregon,deaths,brain_nervous_system,270.0
2024,Oregon,deaths,colon_rectum,640.0
2024,Oregon,deaths,female_breast,580.0
2024,Oregon,deaths,hodgkin_lymphoma,310.0
2024,Oregon,deaths,leukemia,350.0
2024,Oregon,deaths,liver,480.0
2024,Oregon,deaths,lung_bronchus,1760.0
2024,Oregon,deaths,ovary,160.0
2024,Oregon,deaths,pancreas,740.0
2024,Oregon,deaths,prostate,540.0
2024,Pennsylvania,deaths,all_sites,27570.0
2024,Pennsylvania,deaths,brain_nervous_system,820.0
2024,Pennsylvania,deaths,colon_rectum,2230.0
2024,Pennsylvania,deaths,female_breast,1820.0
2024,Pennsylvania,deaths,hodgkin_lymphoma,930.0
2024,Pennsylvania,deaths,leukemia,1070.0
2024,Pennsylvania,deaths,liver,1310.0
2024,Pennsylvania,deaths,lung_bronchus,5570.0
2024,Pennsylvania,deaths,ovary,570.0
2024,Pennsylvania,deaths,pancreas,2400.0
2024,Pennsylvania,deaths,prostate,1500.0
2024,Rhode Island,deaths,all_sites,2090.0
2024,Rhode Island,deaths,brain_nervous_system,80.0
2024,Rhode Island,deaths,colon_rectum,150.0
2024,Rhode Island,deaths,female_breast,120.0
2024,Rhode Island,deaths,hodgkin_lymphoma,70.0
2024,Rhode Island,deaths,leukemia,80.0
2024,Rhode Island,deaths,liver,130.0
2024,Rhode Island,deaths,lung_bronchus,440.0
2024,Rhode Island,deaths,ovary,
2024,Rhode Island,deaths,pancreas,190.0
2024,Rhode Island,deaths,prostate,110.0
2024,South Carolina,deaths,all_sites,11100.0
2024,South Carolina,deaths,brain_nervous_system,340.0
2024,South Carolina,deaths,colon_rectum,920.0
2024,South Carolina,deaths,female_breast,780.0
2024,South Carolina,deaths,hodgkin_lymphoma,410.0
2024,South Carolina,deaths,leukemia,420.0
2024,South Carolina,deaths,liver,520.0
2024,South Carolina,deaths,lung_bronchus,2600.0
2024,South Carolina,deaths,ovary,170.0
2024,South Carolina,deaths,pancreas,920.0
2024,South Carolina,deaths,prostate,650.0
2024,South Dakota,deaths,all_sites,1780.0
2024,South Dakota,deaths,brain_nervous_system,60.0
2024,South Dakota,deaths,colon_rectum,160.0
2024,South Dakota,deaths,female_breast,100.0
2024,South Dakota,deaths,hodgkin_lymphoma,80.0
2024,South Dakota,deaths,leukemia,80.0
2024,South Dakota,deaths,liver,100.0
2024,South Dakota,deaths,lung_bronchus,400.0
2024,South Dakota,deaths,ovary,
2024,South Dakota,deaths,pancreas,150.0
2024,South Dakota,deaths,prostate,90.0
2024,Tennessee,deaths,all_sites,14530.0
2024,Tennessee,deaths,brain_nervous_system,410.0
2024,Tennessee,deaths,colon_rectum,1220.0
2024,Tennessee,deaths,female_breast,1020.0
2024,Tennessee,deaths,hodgkin_lymphoma,450.0
2024,Tennessee,deaths,leukemia,520.0
2024,Tennessee,deaths,liver,640.0
2024,Tennessee,deaths,lung_bronchus,3730.0
2024,Tennessee,deaths,ovary,300.0
2024,Tennessee,deaths,pancreas,1120.0
2024,Tennessee,deaths,prostate,750.0
2024,Texas,deaths,all_sites,44360.0
2024,Texas,deaths,brain_nervous_system,1330.0
2024,Texas,deaths,colon_rectum,4410.0
2024,Texas,deaths,female_breast,3280.0
2024,Texas,deaths,hodgkin_lymphoma,1430.0
2024,Texas,deaths,leukemia,1630.0
2024,Texas,deaths,liver,2960.0
2024,Texas,deaths,lung_bronchus,8050.0
2024,Texas,deaths,ovary,960.0
2024,Texas,deaths,pancreas,3600.0
2024,Texas,deaths,prostate,2360.0
2024,US,deaths,all_sites,611720.0
2024,US,deaths,brain_nervous_system,18760.0
2024,US,deaths,colon_rectum,53010.0
2024,US,deaths,female_breast,42250.0
2024,US,deaths,hodgkin_lymphoma,20140.0
2024,US,deaths,leukemia,23670.0
2024,US,deaths,liver,29840.0
2024,US,deaths,lung_bronchus,125070.0
2024,US,deaths,ovary,12740.0
2024,US,deaths,pancreas,51750.0
2024,US,deaths,prostate,35250.0
2024,Utah,deaths,all_sites,3780.0
2024,Utah,deaths,brain_nervous_system,160.0
2024,Utah,deaths,colon_rectum,320.0
2024,Utah,deaths,female_breast,330.0
2024,Utah,deaths,hodgkin_lymphoma,140.0
2024,Utah,deaths,leukemia,190.0
2024,Utah,deaths,liver,190.0
2024,Utah,deaths,lung_bronchus,460.0
2024,Utah,deaths,ovary,110.0
2024,Utah,deaths,pancreas,310.0
2024,Utah,deaths,prostate,330.0
2024,Vermont,deaths,all_sites,1460.0
2024,Vermont,deaths,brain_nervous_system,50.0
2024,Vermont,deaths,colon_rectum,120.0
2024,Vermont,deaths,female_breast,80.0
2024,Vermont,deaths,hodgkin_lymphoma,50.0
2024,Vermont,deaths,leukemia,50.0
2024,Vermont,deaths,liver,80.0
2024,Vermont,deaths,lung_bronchus,290.0
2024,Vermont,deaths,ovary,
2024,Vermont,deaths,pancreas,120.0
2024,Vermont,deaths,prostate,120.0
2024,Virginia,deaths,all_sites,16420.0
2024,Virginia,deaths,brain_nervous_system,460.0
2024,Virginia,deaths,colon_rectum,1390.0
2024,Virginia,deaths,female_breast,1160.0
2024,Virginia,deaths,hodgkin_lymphoma,500.0
2024,Virginia,deaths,leukemia,610.0
2024,Virginia,deaths,liver,730.0
2024,Virginia,deaths,lung_bronchus,3380.0
2024,Virginia,deaths,ovary,340.0
2024,Virginia,deaths,pancreas,1380.0
2024,Virginia,deaths,prostate,970.0
2024,Washington,deaths,all_sites,13640.0
2024,Washington,deaths,brain_nervous_system,480.0
2024,Washington,deaths,colon_rectum,1070.0
2024,Washington,deaths,female_breast,960.0
2024,Washington,deaths,hodgkin_lymphoma,490.0
2024,Washington,deaths,leukemia,520.0
2024,Washington,deaths,liver,720.0
2024,Washington,deaths,lung_bronchus,2580.0
2024,Washington,deaths,ovary,320.0
2024,Washington,deaths,pancreas,1240.0
2024,Washington,deaths,prostate,880.0
2024,West Virginia,deaths,all_sites,4750.0
2024,West Virginia,deaths,brain_nervous_system,120.0
2024,West Virginia,deaths,colon_rectum,430.0
2024,West Virginia,deaths,female_breast,280.0
2024,West Virginia,deaths,hodgkin_lymphoma,120.0
2024,West Virginia,deaths,leukemia,190.0
2024,West Virginia,deaths,liver,220.0
2024,West Virginia,deaths,lung_bronchus,1220.0
2024,West Virginia,deaths,ovary,80.0
2024,West Virginia,deaths,pancreas,330.0
2024,West Virginia,deaths,prostate,210.0
2024,Wisconsin,deaths,all_sites,11700.0
2024,Wisconsin,deaths,brain_nervous_system,370.0
2024,Wisconsin,deaths,colon_rectum,870.0
2024,Wisconsin,deaths,female_breast,680.0
2024,Wisconsin,deaths,hodgkin_lymphoma,410.0
2024,Wisconsin,deaths,leukemia,480.0
2024,Wisconsin,deaths,liver,520.0
2024,Wisconsin,deaths,lung_bronchus,2380.0
2024,Wisconsin,deaths,ovary,230.0
2024,Wisconsin,deaths,pancreas,1060.0
2024,Wisconsin,deaths,prostate,740.0
2024,Wyoming,deaths,all_sites,1320.0
2024,Wyoming,deaths,brain_nervous_system,
2024,Wyoming,deaths,colon_rectum,110.0
2024,Wyoming,deaths,female_breast,70.0
2024,Wyoming,deaths,hodgkin_lymphoma,
2024,Wyoming,deaths,leukemia,
2024,Wyoming,deaths,liver,50.0
2024,Wyoming,deaths,lung_bronchus,210.0
2024,Wyoming,deaths,ovary,
2024,Wyoming,deaths,pancreas,90.0
2024,Wyoming,deaths,prostate,70.0
